[2026-06-28 00:43:55] main.WARNING: Cron schedule missed {"job":"sales_clean_quotes","delay_sec":180} []
[2026-06-28 00:43:55] main.WARNING: Redis connection pool near capacity {"used":85,"max":100} []
[2026-06-28 00:43:55] main.INFO: Product page rendered from cache {"cache_hit":true} []
[2026-06-28 00:43:55] main.WARNING: Cron schedule missed {"job":"sales_clean_quotes","delay_sec":180} []
[2026-06-28 00:43:55] main.WARNING: Cron schedule missed {"job":"sales_clean_quotes","delay_sec":180} []
[2026-06-28 00:43:55] main.NOTICE: Cron job completed {"job":"catalog_product_index_price_reindex_all"} []
[2026-06-28 00:43:55] main.INFO: Product page rendered from cache {"cache_hit":true} []
[2026-06-28 00:43:55] main.INFO: Cache cleaned successfully {"cache_type":"full_page"} []
[2026-06-28 00:43:55] main.NOTICE: Cron job completed {"job":"catalog_product_index_price_reindex_all"} []
[2026-06-28 00:43:55] main.INFO: Cache cleaned successfully {"cache_type":"full_page"} []
[2026-06-28 00:43:55] main.INFO: Cache cleaned successfully {"cache_type":"full_page"} []
[2026-06-28 00:43:55] main.WARNING: Cron schedule missed {"job":"sales_clean_quotes","delay_sec":180} []
[2026-06-28 00:43:55] main.WARNING: Cache backend response slow {"duration_ms":420,"cache_type":"full_page"} []
[2026-06-28 00:43:55] main.INFO: Cache cleaned successfully {"cache_type":"full_page"} []
[2026-06-28 00:43:55] main.INFO: Order placed successfully {"payment_method":"checkmo"} []
[2026-06-28 00:43:55] main.INFO: Cache cleaned successfully {"cache_type":"full_page"} []
[2026-06-28 00:43:55] main.NOTICE: Cron job completed {"job":"catalog_product_index_price_reindex_all"} []
[2026-06-28 00:43:55] main.INFO: Cache cleaned successfully {"cache_type":"full_page"} []
[2026-06-28 00:43:55] main.INFO: Cache cleaned successfully {"cache_type":"full_page"} []
[2026-06-28 00:43:55] main.WARNING: Cron schedule missed {"job":"sales_clean_quotes","delay_sec":180} []
[2026-06-28 00:43:55] main.WARNING: Cron schedule missed {"job":"sales_clean_quotes","delay_sec":180} []
[2026-06-28 00:43:55] main.WARNING: Cache backend response slow {"duration_ms":420,"cache_type":"full_page"} []
[2026-06-28 00:43:55] main.INFO: Cache cleaned successfully {"cache_type":"full_page"} []
[2026-06-28 00:43:55] main.WARNING: Redis connection pool near capacity {"used":85,"max":100} []
[2026-06-28 00:43:55] main.NOTICE: Cron job completed {"job":"catalog_product_index_price_reindex_all"} []
[2026-06-28 00:43:55] main.NOTICE: Cron job completed {"job":"catalog_product_index_price_reindex_all"} []
[2026-06-28 00:43:55] main.WARNING: Redis connection pool near capacity {"used":85,"max":100} []
[2026-06-28 00:43:55] main.WARNING: Cron schedule missed {"job":"sales_clean_quotes","delay_sec":180} []
[2026-06-28 00:43:55] main.INFO: Product page rendered from cache {"cache_hit":true} []
[2026-06-28 00:43:55] main.INFO: Cache cleaned successfully {"cache_type":"full_page"} []
[2026-06-28 00:43:55] main.WARNING: Cache backend response slow {"duration_ms":420,"cache_type":"full_page"} []
[2026-06-28 00:43:55] main.WARNING: Redis connection pool near capacity {"used":85,"max":100} []
[2026-06-28 00:43:55] main.WARNING: Cron schedule missed {"job":"sales_clean_quotes","delay_sec":180} []
[2026-06-28 00:43:55] main.WARNING: Cron schedule missed {"job":"sales_clean_quotes","delay_sec":180} []
[2026-06-28 00:43:55] main.WARNING: Cron schedule missed {"job":"sales_clean_quotes","delay_sec":180} []
[2026-06-28 00:43:55] main.INFO: Order placed successfully {"payment_method":"checkmo"} []
[2026-06-28 00:43:55] main.WARNING: Cache backend response slow {"duration_ms":420,"cache_type":"full_page"} []
[2026-06-28 00:43:55] main.INFO: Customer login successful {"area":"frontend"} []
[2026-06-28 00:43:55] main.WARNING: Cache backend response slow {"duration_ms":420,"cache_type":"full_page"} []
[2026-06-28 00:43:55] main.WARNING: Cache backend response slow {"duration_ms":420,"cache_type":"full_page"} []
[2026-06-28 00:43:55] main.INFO: Cache cleaned successfully {"cache_type":"full_page"} []
[2026-06-28 00:43:55] main.INFO: Cache cleaned successfully {"cache_type":"full_page"} []
[2026-06-28 00:43:55] main.INFO: Product page rendered from cache {"cache_hit":true} []
[2026-06-28 00:43:55] main.INFO: Customer login successful {"area":"frontend"} []
[2026-06-28 00:43:55] main.WARNING: Redis connection pool near capacity {"used":85,"max":100} []
[2026-06-28 00:43:55] main.WARNING: Cron schedule missed {"job":"sales_clean_quotes","delay_sec":180} []
[2026-06-28 00:43:55] main.INFO: Customer login successful {"area":"frontend"} []
[2026-06-28 00:43:55] main.WARNING: Cron schedule missed {"job":"sales_clean_quotes","delay_sec":180} []
[2026-06-28 00:43:55] main.WARNING: Redis connection pool near capacity {"used":85,"max":100} []
[2026-06-28 00:43:55] main.INFO: Cache cleaned successfully {"cache_type":"full_page"} []
[2026-06-28 00:43:55] main.WARNING: Redis connection pool near capacity {"used":85,"max":100} []
[2026-06-28 00:43:55] main.WARNING: Redis connection pool near capacity {"used":85,"max":100} []
[2026-06-28 00:43:55] main.NOTICE: Cron job completed {"job":"catalog_product_index_price_reindex_all"} []
[2026-06-28 00:43:55] main.WARNING: Redis connection pool near capacity {"used":85,"max":100} []
[2026-06-28 00:43:55] main.WARNING: Redis connection pool near capacity {"used":85,"max":100} []
[2026-06-28 00:43:55] main.INFO: Cache cleaned successfully {"cache_type":"full_page"} []
[2026-06-28 00:43:55] main.INFO: Product page rendered from cache {"cache_hit":true} []
[2026-06-28 00:43:55] main.WARNING: Cron schedule missed {"job":"sales_clean_quotes","delay_sec":180} []
[2026-06-28 00:43:55] main.WARNING: Redis connection pool near capacity {"used":85,"max":100} []
[2026-06-28 00:43:55] main.INFO: Customer login successful {"area":"frontend"} []
[2026-06-28 00:43:55] main.WARNING: Cron schedule missed {"job":"sales_clean_quotes","delay_sec":180} []
[2026-06-28 00:43:55] main.INFO: Customer login successful {"area":"frontend"} []
[2026-06-28 00:43:55] main.WARNING: Redis connection pool near capacity {"used":85,"max":100} []
[2026-06-28 00:43:56] main.WARNING: Cron schedule missed {"job":"sales_clean_quotes","delay_sec":180} []
[2026-06-28 00:43:56] main.INFO: Product page rendered from cache {"cache_hit":true} []
[2026-06-28 00:43:56] main.WARNING: Redis connection pool near capacity {"used":85,"max":100} []
[2026-06-28 00:43:56] main.WARNING: Redis connection pool near capacity {"used":85,"max":100} []
[2026-06-28 00:43:56] main.WARNING: Redis connection pool near capacity {"used":85,"max":100} []
[2026-06-28 00:43:56] main.INFO: Order placed successfully {"payment_method":"checkmo"} []
[2026-06-28 00:43:56] main.NOTICE: Cron job completed {"job":"catalog_product_index_price_reindex_all"} []
[2026-06-28 00:43:56] main.INFO: Customer login successful {"area":"frontend"} []
[2026-06-28 00:43:56] main.INFO: Order placed successfully {"payment_method":"checkmo"} []
[2026-06-28 00:43:56] main.WARNING: Redis connection pool near capacity {"used":85,"max":100} []
[2026-06-28 00:43:56] main.NOTICE: Cron job completed {"job":"catalog_product_index_price_reindex_all"} []
[2026-06-28 00:43:56] main.WARNING: Cron schedule missed {"job":"sales_clean_quotes","delay_sec":180} []
[2026-06-28 00:43:56] main.INFO: Order placed successfully {"payment_method":"checkmo"} []
[2026-06-28 00:43:56] main.INFO: Cache cleaned successfully {"cache_type":"full_page"} []
[2026-06-28 00:43:56] main.WARNING: Redis connection pool near capacity {"used":85,"max":100} []
[2026-06-28 00:43:56] main.WARNING: Redis connection pool near capacity {"used":85,"max":100} []
[2026-06-28 00:43:56] main.WARNING: Cache backend response slow {"duration_ms":420,"cache_type":"full_page"} []
[2026-06-28 00:43:56] main.NOTICE: Cron job completed {"job":"catalog_product_index_price_reindex_all"} []
[2026-06-28 00:43:56] main.WARNING: Cron schedule missed {"job":"sales_clean_quotes","delay_sec":180} []
[2026-06-28 00:43:56] main.WARNING: Redis connection pool near capacity {"used":85,"max":100} []
[2026-06-28 00:43:56] main.WARNING: Cron schedule missed {"job":"sales_clean_quotes","delay_sec":180} []
[2026-06-28 00:43:56] main.WARNING: Cache backend response slow {"duration_ms":420,"cache_type":"full_page"} []
[2026-06-28 00:43:56] main.WARNING: Redis connection pool near capacity {"used":85,"max":100} []
[2026-06-28 00:43:56] main.INFO: Cache cleaned successfully {"cache_type":"full_page"} []
[2026-06-28 00:43:56] main.WARNING: Cache backend response slow {"duration_ms":420,"cache_type":"full_page"} []
[2026-06-28 00:43:56] main.INFO: Cache cleaned successfully {"cache_type":"full_page"} []
[2026-06-28 00:43:56] main.INFO: Order placed successfully {"payment_method":"checkmo"} []
[2026-06-28 00:43:56] main.NOTICE: Cron job completed {"job":"catalog_product_index_price_reindex_all"} []
[2026-06-28 00:43:56] main.WARNING: Cache backend response slow {"duration_ms":420,"cache_type":"full_page"} []
[2026-06-28 00:43:56] main.WARNING: Cache backend response slow {"duration_ms":420,"cache_type":"full_page"} []
[2026-06-28 00:43:56] main.WARNING: Cron schedule missed {"job":"sales_clean_quotes","delay_sec":180} []
[2026-06-28 00:43:56] main.WARNING: Cron schedule missed {"job":"sales_clean_quotes","delay_sec":180} []
[2026-06-28 00:43:56] main.INFO: Customer login successful {"area":"frontend"} []
[2026-06-28 00:43:56] main.INFO: Cache cleaned successfully {"cache_type":"full_page"} []
[2026-06-28 00:43:56] main.WARNING: Cache backend response slow {"duration_ms":420,"cache_type":"full_page"} []
[2026-06-28 00:43:56] main.WARNING: Redis connection pool near capacity {"used":85,"max":100} []
[2026-06-28 00:43:56] main.INFO: Order placed successfully {"payment_method":"checkmo"} []
[2026-06-28 00:43:56] main.WARNING: Cron schedule missed {"job":"sales_clean_quotes","delay_sec":180} []
[2026-06-28 00:43:56] main.WARNING: Cron schedule missed {"job":"sales_clean_quotes","delay_sec":180} []
[2026-06-28 00:43:56] main.INFO: Product page rendered from cache {"cache_hit":true} []
[2026-06-28 00:43:56] main.WARNING: Cron schedule missed {"job":"sales_clean_quotes","delay_sec":180} []
[2026-06-28 00:43:56] main.WARNING: Redis connection pool near capacity {"used":85,"max":100} []
[2026-06-28 00:43:56] main.INFO: Cache cleaned successfully {"cache_type":"full_page"} []
[2026-06-28 00:43:56] main.WARNING: Cache backend response slow {"duration_ms":420,"cache_type":"full_page"} []
[2026-06-28 00:43:56] main.INFO: Order placed successfully {"payment_method":"checkmo"} []
[2026-06-28 00:43:56] main.NOTICE: Cron job completed {"job":"catalog_product_index_price_reindex_all"} []
[2026-06-28 00:43:56] main.WARNING: Cache backend response slow {"duration_ms":420,"cache_type":"full_page"} []
[2026-06-28 00:43:56] main.WARNING: Redis connection pool near capacity {"used":85,"max":100} []
[2026-06-28 00:43:56] main.WARNING: Cron schedule missed {"job":"sales_clean_quotes","delay_sec":180} []
[2026-06-28 00:43:56] main.WARNING: Redis connection pool near capacity {"used":85,"max":100} []
[2026-06-28 00:43:56] main.WARNING: Redis connection pool near capacity {"used":85,"max":100} []
[2026-06-28 00:43:56] main.WARNING: Cron schedule missed {"job":"sales_clean_quotes","delay_sec":180} []
[2026-06-28 00:43:56] main.WARNING: Cache backend response slow {"duration_ms":420,"cache_type":"full_page"} []
[2026-06-28 00:43:56] main.WARNING: Redis connection pool near capacity {"used":85,"max":100} []
[2026-06-28 00:43:56] main.NOTICE: Cron job completed {"job":"catalog_product_index_price_reindex_all"} []
[2026-06-28 00:43:56] main.INFO: Customer login successful {"area":"frontend"} []
[2026-06-28 00:43:56] main.INFO: Cache cleaned successfully {"cache_type":"full_page"} []
[2026-06-28 00:43:56] main.INFO: Product page rendered from cache {"cache_hit":true} []
[2026-06-28 00:43:56] main.WARNING: Redis connection pool near capacity {"used":85,"max":100} []
[2026-06-28 00:43:57] main.INFO: Customer login successful {"area":"frontend"} []
[2026-06-28 00:43:57] main.INFO: Cache cleaned successfully {"cache_type":"full_page"} []
[2026-06-28 00:43:57] main.WARNING: Cron schedule missed {"job":"sales_clean_quotes","delay_sec":180} []
[2026-06-28 00:43:57] main.INFO: Order placed successfully {"payment_method":"checkmo"} []
[2026-06-28 00:43:57] main.INFO: Cache cleaned successfully {"cache_type":"full_page"} []
[2026-06-28 00:43:57] main.NOTICE: Cron job completed {"job":"catalog_product_index_price_reindex_all"} []
[2026-06-28 00:43:57] main.INFO: Product page rendered from cache {"cache_hit":true} []
[2026-06-28 00:43:57] main.INFO: Cache cleaned successfully {"cache_type":"full_page"} []
[2026-06-28 00:43:57] main.INFO: Product page rendered from cache {"cache_hit":true} []
[2026-06-28 00:43:57] main.WARNING: Cache backend response slow {"duration_ms":420,"cache_type":"full_page"} []
[2026-06-28 00:43:57] main.WARNING: Redis connection pool near capacity {"used":85,"max":100} []
[2026-06-28 00:43:57] main.WARNING: Cache backend response slow {"duration_ms":420,"cache_type":"full_page"} []
[2026-06-28 00:43:57] main.NOTICE: Cron job completed {"job":"catalog_product_index_price_reindex_all"} []
[2026-06-28 00:43:57] main.WARNING: Cron schedule missed {"job":"sales_clean_quotes","delay_sec":180} []
[2026-06-28 00:43:57] main.WARNING: Redis connection pool near capacity {"used":85,"max":100} []
[2026-06-28 00:43:57] main.NOTICE: Cron job completed {"job":"catalog_product_index_price_reindex_all"} []
[2026-06-28 00:43:57] main.INFO: Product page rendered from cache {"cache_hit":true} []
[2026-06-28 00:43:57] main.INFO: Order placed successfully {"payment_method":"checkmo"} []
[2026-06-28 00:43:57] main.NOTICE: Cron job completed {"job":"catalog_product_index_price_reindex_all"} []
[2026-06-28 00:43:57] main.WARNING: Cache backend response slow {"duration_ms":420,"cache_type":"full_page"} []
[2026-06-28 00:43:57] main.INFO: Product page rendered from cache {"cache_hit":true} []
[2026-06-28 00:43:57] main.WARNING: Cache backend response slow {"duration_ms":420,"cache_type":"full_page"} []
[2026-06-28 00:43:57] main.WARNING: Cron schedule missed {"job":"sales_clean_quotes","delay_sec":180} []
[2026-06-28 00:43:57] main.WARNING: Cache backend response slow {"duration_ms":420,"cache_type":"full_page"} []
[2026-06-28 00:43:57] main.WARNING: Redis connection pool near capacity {"used":85,"max":100} []
[2026-06-28 00:43:57] main.INFO: Order placed successfully {"payment_method":"checkmo"} []
[2026-06-28 00:43:57] main.INFO: Product page rendered from cache {"cache_hit":true} []
[2026-06-28 00:43:57] main.INFO: Order placed successfully {"payment_method":"checkmo"} []
[2026-06-28 00:43:57] main.WARNING: Cache backend response slow {"duration_ms":420,"cache_type":"full_page"} []
[2026-06-28 00:43:57] main.NOTICE: Cron job completed {"job":"catalog_product_index_price_reindex_all"} []
[2026-06-28 00:43:57] main.INFO: Product page rendered from cache {"cache_hit":true} []
[2026-06-28 00:43:57] main.WARNING: Cron schedule missed {"job":"sales_clean_quotes","delay_sec":180} []
[2026-06-28 00:43:57] main.INFO: Order placed successfully {"payment_method":"checkmo"} []
[2026-06-28 00:43:57] main.INFO: Cache cleaned successfully {"cache_type":"full_page"} []
[2026-06-28 00:43:57] main.WARNING: Cache backend response slow {"duration_ms":420,"cache_type":"full_page"} []
[2026-06-28 00:43:57] main.INFO: Product page rendered from cache {"cache_hit":true} []
[2026-06-28 00:43:57] main.WARNING: Cron schedule missed {"job":"sales_clean_quotes","delay_sec":180} []
[2026-06-28 00:43:57] main.INFO: Customer login successful {"area":"frontend"} []
[2026-06-28 00:43:57] main.INFO: Cache cleaned successfully {"cache_type":"full_page"} []
[2026-06-28 00:43:57] main.WARNING: Cache backend response slow {"duration_ms":420,"cache_type":"full_page"} []
[2026-06-28 00:43:57] main.INFO: Order placed successfully {"payment_method":"checkmo"} []
[2026-06-28 00:43:57] main.INFO: Order placed successfully {"payment_method":"checkmo"} []
[2026-06-28 00:43:57] main.INFO: Cache cleaned successfully {"cache_type":"full_page"} []
[2026-06-28 00:43:57] main.WARNING: Cron schedule missed {"job":"sales_clean_quotes","delay_sec":180} []
[2026-06-28 00:43:57] main.INFO: Cache cleaned successfully {"cache_type":"full_page"} []
[2026-06-28 00:43:57] main.INFO: Customer login successful {"area":"frontend"} []
[2026-06-28 00:43:57] main.INFO: Cache cleaned successfully {"cache_type":"full_page"} []
[2026-06-28 00:43:57] main.WARNING: Cache backend response slow {"duration_ms":420,"cache_type":"full_page"} []
[2026-06-28 00:43:57] main.WARNING: Cache backend response slow {"duration_ms":420,"cache_type":"full_page"} []
[2026-06-28 00:43:57] main.WARNING: Redis connection pool near capacity {"used":85,"max":100} []
[2026-06-28 00:43:57] main.INFO: Order placed successfully {"payment_method":"checkmo"} []
[2026-06-28 00:43:57] main.WARNING: Cache backend response slow {"duration_ms":420,"cache_type":"full_page"} []
[2026-06-28 00:43:57] main.WARNING: Redis connection pool near capacity {"used":85,"max":100} []
[2026-06-28 00:43:57] main.WARNING: Redis connection pool near capacity {"used":85,"max":100} []
[2026-06-28 00:43:57] main.NOTICE: Cron job completed {"job":"catalog_product_index_price_reindex_all"} []
[2026-06-28 00:43:57] main.WARNING: Redis connection pool near capacity {"used":85,"max":100} []
[2026-06-28 00:43:57] main.WARNING: Cron schedule missed {"job":"sales_clean_quotes","delay_sec":180} []
[2026-06-28 00:43:57] main.INFO: Customer login successful {"area":"frontend"} []
[2026-06-28 00:43:57] main.NOTICE: Cron job completed {"job":"catalog_product_index_price_reindex_all"} []
[2026-06-28 00:43:57] main.WARNING: Redis connection pool near capacity {"used":85,"max":100} []
[2026-06-28 00:43:57] main.WARNING: Redis connection pool near capacity {"used":85,"max":100} []
[2026-06-28 00:43:57] main.INFO: Order placed successfully {"payment_method":"checkmo"} []
[2026-06-28 00:43:57] main.INFO: Customer login successful {"area":"frontend"} []
[2026-06-28 00:43:57] main.WARNING: Cron schedule missed {"job":"sales_clean_quotes","delay_sec":180} []
[2026-06-28 00:43:58] main.WARNING: Cache backend response slow {"duration_ms":420,"cache_type":"full_page"} []
[2026-06-28 00:43:58] main.INFO: Order placed successfully {"payment_method":"checkmo"} []
[2026-06-28 00:43:58] main.WARNING: Redis connection pool near capacity {"used":85,"max":100} []
[2026-06-28 00:43:58] main.INFO: Cache cleaned successfully {"cache_type":"full_page"} []
[2026-06-28 00:43:58] main.INFO: Product page rendered from cache {"cache_hit":true} []
[2026-06-28 00:43:58] main.INFO: Product page rendered from cache {"cache_hit":true} []
[2026-06-28 00:43:58] main.WARNING: Redis connection pool near capacity {"used":85,"max":100} []
[2026-06-28 00:43:58] main.INFO: Product page rendered from cache {"cache_hit":true} []
[2026-06-28 00:43:58] main.WARNING: Redis connection pool near capacity {"used":85,"max":100} []
[2026-06-28 00:43:58] main.INFO: Customer login successful {"area":"frontend"} []
[2026-06-28 00:43:58] main.INFO: Cache cleaned successfully {"cache_type":"full_page"} []
[2026-06-28 00:43:58] main.INFO: Product page rendered from cache {"cache_hit":true} []
[2026-06-28 00:43:58] main.WARNING: Redis connection pool near capacity {"used":85,"max":100} []
[2026-06-28 00:43:58] main.INFO: Customer login successful {"area":"frontend"} []
[2026-06-28 00:46:14] main.INFO: Cache cleaned successfully {"cache_type":"full_page"} []
[2026-06-28 00:46:14] main.WARNING: Cache backend response slow {"duration_ms":420,"cache_type":"full_page"} []
[2026-06-28 00:46:14] main.WARNING: Redis connection pool near capacity {"used":85,"max":100} []
[2026-06-28 00:46:14] main.INFO: Product page rendered from cache {"cache_hit":true} []
[2026-06-28 00:46:14] main.WARNING: Cron schedule missed {"job":"sales_clean_quotes","delay_sec":180} []
[2026-06-28 00:46:14] main.INFO: Customer login successful {"area":"frontend"} []
[2026-06-28 00:46:14] main.WARNING: Redis connection pool near capacity {"used":85,"max":100} []
[2026-06-28 00:46:14] main.WARNING: Redis connection pool near capacity {"used":85,"max":100} []
[2026-06-28 00:46:14] main.INFO: Order placed successfully {"payment_method":"checkmo"} []
[2026-06-28 00:46:14] main.WARNING: Cache backend response slow {"duration_ms":420,"cache_type":"full_page"} []
[2026-06-28 00:46:14] main.WARNING: Cache backend response slow {"duration_ms":420,"cache_type":"full_page"} []
[2026-06-28 00:46:14] main.INFO: Customer login successful {"area":"frontend"} []
[2026-06-28 00:46:14] main.INFO: Customer login successful {"area":"frontend"} []
[2026-06-28 00:46:14] main.NOTICE: Cron job completed {"job":"catalog_product_index_price_reindex_all"} []
[2026-06-28 00:46:14] main.WARNING: Redis connection pool near capacity {"used":85,"max":100} []
[2026-06-28 00:46:14] main.WARNING: Cache backend response slow {"duration_ms":420,"cache_type":"full_page"} []
[2026-06-28 00:46:14] main.INFO: Cache cleaned successfully {"cache_type":"full_page"} []
[2026-06-28 00:46:14] main.WARNING: Redis connection pool near capacity {"used":85,"max":100} []
[2026-06-28 00:46:14] main.WARNING: Redis connection pool near capacity {"used":85,"max":100} []
[2026-06-28 00:46:14] main.WARNING: Cache backend response slow {"duration_ms":420,"cache_type":"full_page"} []
[2026-06-28 00:46:16] main.NOTICE: Cron job completed {"job":"catalog_product_index_price_reindex_all"} []
[2026-06-28 00:46:16] main.INFO: Cache cleaned successfully {"cache_type":"full_page"} []
[2026-06-28 00:46:16] main.WARNING: Cache backend response slow {"duration_ms":420,"cache_type":"full_page"} []
[2026-06-28 00:46:16] main.WARNING: Redis connection pool near capacity {"used":85,"max":100} []
[2026-06-28 00:46:16] main.WARNING: Redis connection pool near capacity {"used":85,"max":100} []
[2026-06-28 00:46:16] main.INFO: Customer login successful {"area":"frontend"} []
[2026-06-28 00:46:16] main.WARNING: Redis connection pool near capacity {"used":85,"max":100} []
[2026-06-28 00:46:16] main.NOTICE: Cron job completed {"job":"catalog_product_index_price_reindex_all"} []
[2026-06-28 00:46:16] main.WARNING: Redis connection pool near capacity {"used":85,"max":100} []
[2026-06-28 00:46:16] main.INFO: Customer login successful {"area":"frontend"} []
[2026-06-28 00:46:16] main.WARNING: Cron schedule missed {"job":"sales_clean_quotes","delay_sec":180} []
[2026-06-28 00:46:16] main.WARNING: Cache backend response slow {"duration_ms":420,"cache_type":"full_page"} []
[2026-06-28 00:46:16] main.WARNING: Redis connection pool near capacity {"used":85,"max":100} []
[2026-06-28 00:46:16] main.WARNING: Redis connection pool near capacity {"used":85,"max":100} []
[2026-06-28 00:46:16] main.NOTICE: Cron job completed {"job":"catalog_product_index_price_reindex_all"} []
[2026-06-28 00:46:16] main.WARNING: Cron schedule missed {"job":"sales_clean_quotes","delay_sec":180} []
[2026-06-28 00:46:16] main.WARNING: Cache backend response slow {"duration_ms":420,"cache_type":"full_page"} []
[2026-06-28 00:46:16] main.INFO: Customer login successful {"area":"frontend"} []
[2026-06-28 00:46:16] main.NOTICE: Cron job completed {"job":"catalog_product_index_price_reindex_all"} []
[2026-06-28 00:46:16] main.WARNING: Cache backend response slow {"duration_ms":420,"cache_type":"full_page"} []
[2026-06-28 00:46:18] main.INFO: Cache cleaned successfully {"cache_type":"full_page"} []
[2026-06-28 00:46:18] main.INFO: Product page rendered from cache {"cache_hit":true} []
[2026-06-28 00:46:18] main.INFO: Customer login successful {"area":"frontend"} []
[2026-06-28 00:46:18] main.INFO: Cache cleaned successfully {"cache_type":"full_page"} []
[2026-06-28 00:46:18] main.WARNING: Cron schedule missed {"job":"sales_clean_quotes","delay_sec":180} []
[2026-06-28 00:46:18] main.INFO: Product page rendered from cache {"cache_hit":true} []
[2026-06-28 00:46:19] main.NOTICE: Cron job completed {"job":"catalog_product_index_price_reindex_all"} []
[2026-06-28 00:46:19] main.WARNING: Cache backend response slow {"duration_ms":420,"cache_type":"full_page"} []
[2026-06-28 00:46:19] main.INFO: Order placed successfully {"payment_method":"checkmo"} []
[2026-06-28 00:46:19] main.INFO: Cache cleaned successfully {"cache_type":"full_page"} []
[2026-06-28 00:46:19] main.INFO: Order placed successfully {"payment_method":"checkmo"} []
[2026-06-28 00:46:19] main.WARNING: Cron schedule missed {"job":"sales_clean_quotes","delay_sec":180} []
[2026-06-28 00:46:19] main.WARNING: Cron schedule missed {"job":"sales_clean_quotes","delay_sec":180} []
[2026-06-28 00:46:19] main.INFO: Order placed successfully {"payment_method":"checkmo"} []
[2026-06-28 00:46:19] main.WARNING: Cron schedule missed {"job":"sales_clean_quotes","delay_sec":180} []
[2026-06-28 00:46:19] main.WARNING: Redis connection pool near capacity {"used":85,"max":100} []
[2026-06-28 00:46:19] main.WARNING: Cron schedule missed {"job":"sales_clean_quotes","delay_sec":180} []
[2026-06-28 00:46:19] main.WARNING: Cache backend response slow {"duration_ms":420,"cache_type":"full_page"} []
[2026-06-28 00:46:19] main.INFO: Product page rendered from cache {"cache_hit":true} []
[2026-06-28 00:46:19] main.WARNING: Redis connection pool near capacity {"used":85,"max":100} []
[2026-06-28 00:46:21] main.INFO: Product page rendered from cache {"cache_hit":true} []
[2026-06-28 00:46:21] main.WARNING: Cache backend response slow {"duration_ms":420,"cache_type":"full_page"} []
[2026-06-28 00:46:21] main.INFO: Order placed successfully {"payment_method":"checkmo"} []
[2026-06-28 00:46:21] main.WARNING: Cache backend response slow {"duration_ms":420,"cache_type":"full_page"} []
[2026-06-28 00:46:21] main.WARNING: Cron schedule missed {"job":"sales_clean_quotes","delay_sec":180} []
[2026-06-28 00:46:21] main.INFO: Customer login successful {"area":"frontend"} []
[2026-06-28 00:46:21] main.NOTICE: Cron job completed {"job":"catalog_product_index_price_reindex_all"} []
[2026-06-28 00:46:21] main.WARNING: Cron schedule missed {"job":"sales_clean_quotes","delay_sec":180} []
[2026-06-28 00:46:21] main.INFO: Customer login successful {"area":"frontend"} []
[2026-06-28 00:46:21] main.INFO: Product page rendered from cache {"cache_hit":true} []
[2026-06-28 00:46:21] main.INFO: Customer login successful {"area":"frontend"} []
[2026-06-28 00:46:21] main.WARNING: Cache backend response slow {"duration_ms":420,"cache_type":"full_page"} []
[2026-06-28 00:46:21] main.WARNING: Cron schedule missed {"job":"sales_clean_quotes","delay_sec":180} []
[2026-06-28 00:46:21] main.NOTICE: Cron job completed {"job":"catalog_product_index_price_reindex_all"} []
[2026-06-28 00:46:21] main.INFO: Product page rendered from cache {"cache_hit":true} []
[2026-06-28 00:46:21] main.INFO: Order placed successfully {"payment_method":"checkmo"} []
[2026-06-28 00:46:21] main.WARNING: Cron schedule missed {"job":"sales_clean_quotes","delay_sec":180} []
[2026-06-28 00:46:21] main.NOTICE: Cron job completed {"job":"catalog_product_index_price_reindex_all"} []
[2026-06-28 00:46:21] main.WARNING: Redis connection pool near capacity {"used":85,"max":100} []
[2026-06-28 00:46:21] main.WARNING: Cache backend response slow {"duration_ms":420,"cache_type":"full_page"} []
[2026-06-28 00:46:23] main.INFO: Customer login successful {"area":"frontend"} []
[2026-06-28 00:46:23] main.WARNING: Cache backend response slow {"duration_ms":420,"cache_type":"full_page"} []
[2026-06-28 00:46:23] main.INFO: Product page rendered from cache {"cache_hit":true} []
[2026-06-28 00:46:23] main.INFO: Cache cleaned successfully {"cache_type":"full_page"} []
[2026-06-28 00:46:23] main.WARNING: Redis connection pool near capacity {"used":85,"max":100} []
[2026-06-28 00:46:23] main.WARNING: Redis connection pool near capacity {"used":85,"max":100} []
[2026-06-28 00:46:23] main.INFO: Customer login successful {"area":"frontend"} []
[2026-06-28 00:46:23] main.NOTICE: Cron job completed {"job":"catalog_product_index_price_reindex_all"} []
[2026-06-28 00:46:23] main.INFO: Customer login successful {"area":"frontend"} []
[2026-06-28 00:46:23] main.WARNING: Cron schedule missed {"job":"sales_clean_quotes","delay_sec":180} []
[2026-06-28 00:46:23] main.WARNING: Redis connection pool near capacity {"used":85,"max":100} []
[2026-06-28 00:46:23] main.INFO: Order placed successfully {"payment_method":"checkmo"} []
[2026-06-28 00:46:23] main.WARNING: Redis connection pool near capacity {"used":85,"max":100} []
[2026-06-28 00:46:23] main.INFO: Customer login successful {"area":"frontend"} []
[2026-06-28 00:46:23] main.WARNING: Redis connection pool near capacity {"used":85,"max":100} []
[2026-06-28 00:46:23] main.INFO: Customer login successful {"area":"frontend"} []
[2026-06-28 00:46:23] main.INFO: Order placed successfully {"payment_method":"checkmo"} []
[2026-06-28 00:46:23] main.NOTICE: Cron job completed {"job":"catalog_product_index_price_reindex_all"} []
[2026-06-28 00:46:23] main.WARNING: Cache backend response slow {"duration_ms":420,"cache_type":"full_page"} []
[2026-06-28 00:46:23] main.INFO: Product page rendered from cache {"cache_hit":true} []
[2026-06-28 00:46:25] main.INFO: Cache cleaned successfully {"cache_type":"full_page"} []
[2026-06-28 00:46:25] main.WARNING: Redis connection pool near capacity {"used":85,"max":100} []
[2026-06-28 00:46:25] main.WARNING: Cron schedule missed {"job":"sales_clean_quotes","delay_sec":180} []
[2026-06-28 00:46:26] main.WARNING: Cache backend response slow {"duration_ms":420,"cache_type":"full_page"} []
[2026-06-28 00:46:26] main.INFO: Customer login successful {"area":"frontend"} []
[2026-06-28 00:46:26] main.INFO: Order placed successfully {"payment_method":"checkmo"} []
[2026-06-28 00:46:26] main.INFO: Product page rendered from cache {"cache_hit":true} []
[2026-06-28 00:46:26] main.INFO: Product page rendered from cache {"cache_hit":true} []
[2026-06-28 00:46:26] main.WARNING: Cron schedule missed {"job":"sales_clean_quotes","delay_sec":180} []
[2026-06-28 00:46:26] main.INFO: Cache cleaned successfully {"cache_type":"full_page"} []
[2026-06-28 00:46:26] main.INFO: Cache cleaned successfully {"cache_type":"full_page"} []
[2026-06-28 00:46:26] main.WARNING: Redis connection pool near capacity {"used":85,"max":100} []
[2026-06-28 00:46:26] main.INFO: Product page rendered from cache {"cache_hit":true} []
[2026-06-28 00:46:26] main.WARNING: Cache backend response slow {"duration_ms":420,"cache_type":"full_page"} []
[2026-06-28 00:46:26] main.INFO: Order placed successfully {"payment_method":"checkmo"} []
[2026-06-28 00:46:26] main.INFO: Order placed successfully {"payment_method":"checkmo"} []
[2026-06-28 00:46:26] main.INFO: Product page rendered from cache {"cache_hit":true} []
[2026-06-28 00:46:26] main.WARNING: Cache backend response slow {"duration_ms":420,"cache_type":"full_page"} []
[2026-06-28 00:46:26] main.WARNING: Cache backend response slow {"duration_ms":420,"cache_type":"full_page"} []
[2026-06-28 00:46:26] main.WARNING: Cron schedule missed {"job":"sales_clean_quotes","delay_sec":180} []
[2026-06-28 00:46:28] main.WARNING: Cron schedule missed {"job":"sales_clean_quotes","delay_sec":180} []
[2026-06-28 00:46:28] main.INFO: Customer login successful {"area":"frontend"} []
[2026-06-28 00:46:28] main.WARNING: Cron schedule missed {"job":"sales_clean_quotes","delay_sec":180} []
[2026-06-28 00:46:28] main.WARNING: Redis connection pool near capacity {"used":85,"max":100} []
[2026-06-28 00:46:28] main.WARNING: Cron schedule missed {"job":"sales_clean_quotes","delay_sec":180} []
[2026-06-28 00:46:28] main.WARNING: Redis connection pool near capacity {"used":85,"max":100} []
[2026-06-28 00:46:28] main.WARNING: Cache backend response slow {"duration_ms":420,"cache_type":"full_page"} []
[2026-06-28 00:46:28] main.WARNING: Cron schedule missed {"job":"sales_clean_quotes","delay_sec":180} []
[2026-06-28 00:46:28] main.INFO: Product page rendered from cache {"cache_hit":true} []
[2026-06-28 00:46:28] main.INFO: Order placed successfully {"payment_method":"checkmo"} []
[2026-06-28 00:46:28] main.WARNING: Cache backend response slow {"duration_ms":420,"cache_type":"full_page"} []
[2026-06-28 00:46:28] main.INFO: Customer login successful {"area":"frontend"} []
[2026-06-28 00:46:28] main.WARNING: Cache backend response slow {"duration_ms":420,"cache_type":"full_page"} []
[2026-06-28 00:46:28] main.WARNING: Cache backend response slow {"duration_ms":420,"cache_type":"full_page"} []
[2026-06-28 00:46:28] main.WARNING: Cache backend response slow {"duration_ms":420,"cache_type":"full_page"} []
[2026-06-28 00:46:28] main.INFO: Cache cleaned successfully {"cache_type":"full_page"} []
[2026-06-28 00:46:28] main.WARNING: Redis connection pool near capacity {"used":85,"max":100} []
[2026-06-28 00:46:28] main.WARNING: Cache backend response slow {"duration_ms":420,"cache_type":"full_page"} []
[2026-06-28 00:46:28] main.INFO: Cache cleaned successfully {"cache_type":"full_page"} []
[2026-06-28 00:46:28] main.INFO: Cache cleaned successfully {"cache_type":"full_page"} []
[2026-06-28 00:46:30] main.INFO: Order placed successfully {"payment_method":"checkmo"} []
[2026-06-28 00:46:30] main.NOTICE: Cron job completed {"job":"catalog_product_index_price_reindex_all"} []
[2026-06-28 00:46:30] main.INFO: Customer login successful {"area":"frontend"} []
[2026-06-28 00:46:30] main.NOTICE: Cron job completed {"job":"catalog_product_index_price_reindex_all"} []
[2026-06-28 00:46:30] main.WARNING: Cron schedule missed {"job":"sales_clean_quotes","delay_sec":180} []
[2026-06-28 00:46:30] main.WARNING: Cache backend response slow {"duration_ms":420,"cache_type":"full_page"} []
[2026-06-28 00:46:30] main.WARNING: Cron schedule missed {"job":"sales_clean_quotes","delay_sec":180} []
[2026-06-28 00:46:30] main.INFO: Cache cleaned successfully {"cache_type":"full_page"} []
[2026-06-28 00:46:30] main.INFO: Order placed successfully {"payment_method":"checkmo"} []
[2026-06-28 00:46:30] main.INFO: Product page rendered from cache {"cache_hit":true} []
[2026-06-28 00:46:30] main.INFO: Customer login successful {"area":"frontend"} []
[2026-06-28 00:46:30] main.WARNING: Redis connection pool near capacity {"used":85,"max":100} []
[2026-06-28 00:46:30] main.WARNING: Redis connection pool near capacity {"used":85,"max":100} []
[2026-06-28 00:46:30] main.NOTICE: Cron job completed {"job":"catalog_product_index_price_reindex_all"} []
[2026-06-28 00:46:30] main.INFO: Cache cleaned successfully {"cache_type":"full_page"} []
[2026-06-28 00:46:30] main.NOTICE: Cron job completed {"job":"catalog_product_index_price_reindex_all"} []
[2026-06-28 00:46:30] main.NOTICE: Cron job completed {"job":"catalog_product_index_price_reindex_all"} []
[2026-06-28 00:46:31] main.WARNING: Cron schedule missed {"job":"sales_clean_quotes","delay_sec":180} []
[2026-06-28 00:46:31] main.WARNING: Cache backend response slow {"duration_ms":420,"cache_type":"full_page"} []
[2026-06-28 00:46:31] main.INFO: Order placed successfully {"payment_method":"checkmo"} []
[2026-06-28 00:46:33] main.NOTICE: Cron job completed {"job":"catalog_product_index_price_reindex_all"} []
[2026-06-28 00:46:33] main.INFO: Cache cleaned successfully {"cache_type":"full_page"} []
[2026-06-28 00:46:33] main.INFO: Product page rendered from cache {"cache_hit":true} []
[2026-06-28 00:46:33] main.INFO: Cache cleaned successfully {"cache_type":"full_page"} []
[2026-06-28 00:46:33] main.INFO: Cache cleaned successfully {"cache_type":"full_page"} []
[2026-06-28 00:46:33] main.WARNING: Cron schedule missed {"job":"sales_clean_quotes","delay_sec":180} []
[2026-06-28 00:46:33] main.NOTICE: Cron job completed {"job":"catalog_product_index_price_reindex_all"} []
[2026-06-28 00:46:33] main.WARNING: Cron schedule missed {"job":"sales_clean_quotes","delay_sec":180} []
[2026-06-28 00:46:33] main.INFO: Product page rendered from cache {"cache_hit":true} []
[2026-06-28 00:46:33] main.INFO: Order placed successfully {"payment_method":"checkmo"} []
[2026-06-28 00:46:33] main.WARNING: Cache backend response slow {"duration_ms":420,"cache_type":"full_page"} []
[2026-06-28 00:46:33] main.WARNING: Redis connection pool near capacity {"used":85,"max":100} []
[2026-06-28 00:46:33] main.INFO: Order placed successfully {"payment_method":"checkmo"} []
[2026-06-28 00:46:33] main.INFO: Product page rendered from cache {"cache_hit":true} []
[2026-06-28 00:46:33] main.WARNING: Cache backend response slow {"duration_ms":420,"cache_type":"full_page"} []
[2026-06-28 00:46:33] main.WARNING: Cache backend response slow {"duration_ms":420,"cache_type":"full_page"} []
[2026-06-28 00:46:33] main.NOTICE: Cron job completed {"job":"catalog_product_index_price_reindex_all"} []
[2026-06-28 00:46:33] main.WARNING: Cache backend response slow {"duration_ms":420,"cache_type":"full_page"} []
[2026-06-28 00:46:33] main.NOTICE: Cron job completed {"job":"catalog_product_index_price_reindex_all"} []
[2026-06-28 00:46:33] main.INFO: Cache cleaned successfully {"cache_type":"full_page"} []
[2026-06-28 00:46:35] main.INFO: Product page rendered from cache {"cache_hit":true} []
[2026-06-28 00:46:35] main.INFO: Product page rendered from cache {"cache_hit":true} []
[2026-06-28 00:46:35] main.INFO: Order placed successfully {"payment_method":"checkmo"} []
[2026-06-28 00:46:35] main.INFO: Customer login successful {"area":"frontend"} []
[2026-06-28 00:46:35] main.INFO: Product page rendered from cache {"cache_hit":true} []
[2026-06-28 00:46:35] main.NOTICE: Cron job completed {"job":"catalog_product_index_price_reindex_all"} []
[2026-06-28 00:46:35] main.NOTICE: Cron job completed {"job":"catalog_product_index_price_reindex_all"} []
[2026-06-28 00:46:35] main.INFO: Cache cleaned successfully {"cache_type":"full_page"} []
[2026-06-28 00:46:35] main.INFO: Customer login successful {"area":"frontend"} []
[2026-06-28 00:46:35] main.INFO: Order placed successfully {"payment_method":"checkmo"} []
[2026-06-28 00:46:35] main.NOTICE: Cron job completed {"job":"catalog_product_index_price_reindex_all"} []
[2026-06-28 00:46:35] main.INFO: Order placed successfully {"payment_method":"checkmo"} []
[2026-06-28 00:46:35] main.WARNING: Cache backend response slow {"duration_ms":420,"cache_type":"full_page"} []
[2026-06-28 00:46:35] main.WARNING: Cron schedule missed {"job":"sales_clean_quotes","delay_sec":180} []
[2026-06-28 00:46:35] main.WARNING: Cache backend response slow {"duration_ms":420,"cache_type":"full_page"} []
[2026-06-28 00:46:35] main.WARNING: Cron schedule missed {"job":"sales_clean_quotes","delay_sec":180} []
[2026-06-28 00:46:35] main.WARNING: Cache backend response slow {"duration_ms":420,"cache_type":"full_page"} []
[2026-06-28 00:46:35] main.INFO: Customer login successful {"area":"frontend"} []
[2026-06-28 00:46:35] main.INFO: Cache cleaned successfully {"cache_type":"full_page"} []
[2026-06-28 00:46:35] main.INFO: Product page rendered from cache {"cache_hit":true} []
[2026-06-28 00:46:37] main.WARNING: Cron schedule missed {"job":"sales_clean_quotes","delay_sec":180} []
[2026-06-28 00:46:37] main.INFO: Order placed successfully {"payment_method":"checkmo"} []
[2026-06-28 00:46:37] main.INFO: Customer login successful {"area":"frontend"} []
[2026-06-28 00:46:37] main.WARNING: Cron schedule missed {"job":"sales_clean_quotes","delay_sec":180} []
[2026-06-28 00:46:37] main.WARNING: Cron schedule missed {"job":"sales_clean_quotes","delay_sec":180} []
[2026-06-28 00:46:37] main.INFO: Product page rendered from cache {"cache_hit":true} []
[2026-06-28 00:46:37] main.WARNING: Cron schedule missed {"job":"sales_clean_quotes","delay_sec":180} []
[2026-06-28 00:46:37] main.WARNING: Cache backend response slow {"duration_ms":420,"cache_type":"full_page"} []
[2026-06-28 00:46:37] main.NOTICE: Cron job completed {"job":"catalog_product_index_price_reindex_all"} []
[2026-06-28 00:46:37] main.INFO: Cache cleaned successfully {"cache_type":"full_page"} []
[2026-06-28 00:46:37] main.WARNING: Cron schedule missed {"job":"sales_clean_quotes","delay_sec":180} []
[2026-06-28 00:46:37] main.WARNING: Redis connection pool near capacity {"used":85,"max":100} []
[2026-06-28 00:46:37] main.WARNING: Redis connection pool near capacity {"used":85,"max":100} []
[2026-06-28 00:46:38] main.INFO: Customer login successful {"area":"frontend"} []
[2026-06-28 00:46:38] main.WARNING: Redis connection pool near capacity {"used":85,"max":100} []
[2026-06-28 00:46:38] main.WARNING: Cron schedule missed {"job":"sales_clean_quotes","delay_sec":180} []
[2026-06-28 00:46:38] main.INFO: Cache cleaned successfully {"cache_type":"full_page"} []
[2026-06-28 00:46:38] main.WARNING: Cron schedule missed {"job":"sales_clean_quotes","delay_sec":180} []
[2026-06-28 00:46:38] main.WARNING: Cache backend response slow {"duration_ms":420,"cache_type":"full_page"} []
[2026-06-28 00:46:38] main.INFO: Order placed successfully {"payment_method":"checkmo"} []
[2026-06-28 00:46:40] main.WARNING: Cron schedule missed {"job":"sales_clean_quotes","delay_sec":180} []
[2026-06-28 00:46:40] main.WARNING: Cache backend response slow {"duration_ms":420,"cache_type":"full_page"} []
[2026-06-28 00:46:40] main.WARNING: Cron schedule missed {"job":"sales_clean_quotes","delay_sec":180} []
[2026-06-28 00:46:40] main.INFO: Product page rendered from cache {"cache_hit":true} []
[2026-06-28 00:46:40] main.INFO: Product page rendered from cache {"cache_hit":true} []
[2026-06-28 00:46:40] main.WARNING: Redis connection pool near capacity {"used":85,"max":100} []
[2026-06-28 00:46:40] main.INFO: Customer login successful {"area":"frontend"} []
[2026-06-28 00:46:40] main.WARNING: Cron schedule missed {"job":"sales_clean_quotes","delay_sec":180} []
[2026-06-28 00:46:40] main.WARNING: Redis connection pool near capacity {"used":85,"max":100} []
[2026-06-28 00:46:40] main.WARNING: Cron schedule missed {"job":"sales_clean_quotes","delay_sec":180} []
[2026-06-28 00:46:40] main.WARNING: Cron schedule missed {"job":"sales_clean_quotes","delay_sec":180} []
[2026-06-28 00:46:40] main.WARNING: Cache backend response slow {"duration_ms":420,"cache_type":"full_page"} []
[2026-06-28 00:46:40] main.WARNING: Cache backend response slow {"duration_ms":420,"cache_type":"full_page"} []
[2026-06-28 00:46:40] main.INFO: Customer login successful {"area":"frontend"} []
[2026-06-28 00:46:40] main.WARNING: Cache backend response slow {"duration_ms":420,"cache_type":"full_page"} []
[2026-06-28 00:46:40] main.INFO: Product page rendered from cache {"cache_hit":true} []
[2026-06-28 00:46:40] main.INFO: Order placed successfully {"payment_method":"checkmo"} []
[2026-06-28 00:46:40] main.INFO: Cache cleaned successfully {"cache_type":"full_page"} []
[2026-06-28 00:46:40] main.INFO: Cache cleaned successfully {"cache_type":"full_page"} []
[2026-06-28 00:46:40] main.INFO: Order placed successfully {"payment_method":"checkmo"} []
[2026-06-28 00:46:42] main.INFO: Order placed successfully {"payment_method":"checkmo"} []
[2026-06-28 00:46:42] main.WARNING: Cache backend response slow {"duration_ms":420,"cache_type":"full_page"} []
[2026-06-28 00:46:42] main.WARNING: Cron schedule missed {"job":"sales_clean_quotes","delay_sec":180} []
[2026-06-28 00:46:42] main.WARNING: Cron schedule missed {"job":"sales_clean_quotes","delay_sec":180} []
[2026-06-28 00:46:42] main.INFO: Product page rendered from cache {"cache_hit":true} []
[2026-06-28 00:46:42] main.WARNING: Redis connection pool near capacity {"used":85,"max":100} []
[2026-06-28 00:46:42] main.WARNING: Cron schedule missed {"job":"sales_clean_quotes","delay_sec":180} []
[2026-06-28 00:46:42] main.INFO: Product page rendered from cache {"cache_hit":true} []
[2026-06-28 00:46:42] main.WARNING: Cron schedule missed {"job":"sales_clean_quotes","delay_sec":180} []
[2026-06-28 00:46:42] main.NOTICE: Cron job completed {"job":"catalog_product_index_price_reindex_all"} []
[2026-06-28 00:46:42] main.INFO: Product page rendered from cache {"cache_hit":true} []
[2026-06-28 00:46:42] main.INFO: Product page rendered from cache {"cache_hit":true} []
[2026-06-28 00:46:42] main.INFO: Product page rendered from cache {"cache_hit":true} []
[2026-06-28 00:46:42] main.WARNING: Cron schedule missed {"job":"sales_clean_quotes","delay_sec":180} []
[2026-06-28 00:46:42] main.NOTICE: Cron job completed {"job":"catalog_product_index_price_reindex_all"} []
[2026-06-28 00:46:42] main.WARNING: Cron schedule missed {"job":"sales_clean_quotes","delay_sec":180} []
[2026-06-28 00:46:42] main.INFO: Cache cleaned successfully {"cache_type":"full_page"} []
[2026-06-28 00:46:42] main.WARNING: Cache backend response slow {"duration_ms":420,"cache_type":"full_page"} []
[2026-06-28 00:46:42] main.WARNING: Cache backend response slow {"duration_ms":420,"cache_type":"full_page"} []
[2026-06-28 00:46:42] main.WARNING: Cache backend response slow {"duration_ms":420,"cache_type":"full_page"} []
[2026-06-28 00:46:44] main.WARNING: Cache backend response slow {"duration_ms":420,"cache_type":"full_page"} []
[2026-06-28 00:46:44] main.WARNING: Redis connection pool near capacity {"used":85,"max":100} []
[2026-06-28 00:46:44] main.INFO: Product page rendered from cache {"cache_hit":true} []
[2026-06-28 00:46:44] main.WARNING: Cache backend response slow {"duration_ms":420,"cache_type":"full_page"} []
[2026-06-28 00:46:44] main.WARNING: Redis connection pool near capacity {"used":85,"max":100} []
[2026-06-28 00:46:45] main.WARNING: Cache backend response slow {"duration_ms":420,"cache_type":"full_page"} []
[2026-06-28 00:46:45] main.NOTICE: Cron job completed {"job":"catalog_product_index_price_reindex_all"} []
[2026-06-28 00:46:45] main.WARNING: Cron schedule missed {"job":"sales_clean_quotes","delay_sec":180} []
[2026-06-28 00:46:45] main.INFO: Cache cleaned successfully {"cache_type":"full_page"} []
[2026-06-28 00:46:45] main.INFO: Cache cleaned successfully {"cache_type":"full_page"} []
[2026-06-28 00:46:45] main.WARNING: Cache backend response slow {"duration_ms":420,"cache_type":"full_page"} []
[2026-06-28 00:46:45] main.INFO: Cache cleaned successfully {"cache_type":"full_page"} []
[2026-06-28 00:46:45] main.WARNING: Redis connection pool near capacity {"used":85,"max":100} []
[2026-06-28 00:46:45] main.INFO: Customer login successful {"area":"frontend"} []
[2026-06-28 00:46:45] main.INFO: Customer login successful {"area":"frontend"} []
[2026-06-28 00:46:45] main.INFO: Cache cleaned successfully {"cache_type":"full_page"} []
[2026-06-28 00:46:45] main.INFO: Customer login successful {"area":"frontend"} []
[2026-06-28 00:46:45] main.NOTICE: Cron job completed {"job":"catalog_product_index_price_reindex_all"} []
[2026-06-28 00:46:45] main.INFO: Cache cleaned successfully {"cache_type":"full_page"} []
[2026-06-28 00:46:45] main.WARNING: Cron schedule missed {"job":"sales_clean_quotes","delay_sec":180} []
[2026-06-28 00:46:47] main.INFO: Cache cleaned successfully {"cache_type":"full_page"} []
[2026-06-28 00:46:47] main.WARNING: Redis connection pool near capacity {"used":85,"max":100} []
[2026-06-28 00:46:47] main.WARNING: Cron schedule missed {"job":"sales_clean_quotes","delay_sec":180} []
[2026-06-28 00:46:47] main.INFO: Order placed successfully {"payment_method":"checkmo"} []
[2026-06-28 00:46:47] main.NOTICE: Cron job completed {"job":"catalog_product_index_price_reindex_all"} []
[2026-06-28 00:46:47] main.INFO: Cache cleaned successfully {"cache_type":"full_page"} []
[2026-06-28 00:46:47] main.NOTICE: Cron job completed {"job":"catalog_product_index_price_reindex_all"} []
[2026-06-28 00:46:47] main.WARNING: Redis connection pool near capacity {"used":85,"max":100} []
[2026-06-28 00:46:47] main.INFO: Cache cleaned successfully {"cache_type":"full_page"} []
[2026-06-28 00:46:47] main.WARNING: Cron schedule missed {"job":"sales_clean_quotes","delay_sec":180} []
[2026-06-28 00:46:47] main.NOTICE: Cron job completed {"job":"catalog_product_index_price_reindex_all"} []
[2026-06-28 00:46:47] main.NOTICE: Cron job completed {"job":"catalog_product_index_price_reindex_all"} []
[2026-06-28 00:46:47] main.WARNING: Cache backend response slow {"duration_ms":420,"cache_type":"full_page"} []
[2026-06-28 00:46:47] main.INFO: Order placed successfully {"payment_method":"checkmo"} []
[2026-06-28 00:46:47] main.NOTICE: Cron job completed {"job":"catalog_product_index_price_reindex_all"} []
[2026-06-28 00:46:47] main.WARNING: Cache backend response slow {"duration_ms":420,"cache_type":"full_page"} []
[2026-06-28 00:46:47] main.WARNING: Cron schedule missed {"job":"sales_clean_quotes","delay_sec":180} []
[2026-06-28 00:46:47] main.INFO: Order placed successfully {"payment_method":"checkmo"} []
[2026-06-28 00:46:47] main.WARNING: Cron schedule missed {"job":"sales_clean_quotes","delay_sec":180} []
[2026-06-28 00:46:47] main.INFO: Order placed successfully {"payment_method":"checkmo"} []
[2026-06-28 00:46:49] main.INFO: Cache cleaned successfully {"cache_type":"full_page"} []
[2026-06-28 00:46:49] main.WARNING: Cron schedule missed {"job":"sales_clean_quotes","delay_sec":180} []
[2026-06-28 00:46:49] main.WARNING: Redis connection pool near capacity {"used":85,"max":100} []
[2026-06-28 00:46:49] main.NOTICE: Cron job completed {"job":"catalog_product_index_price_reindex_all"} []
[2026-06-28 00:46:49] main.WARNING: Cache backend response slow {"duration_ms":420,"cache_type":"full_page"} []
[2026-06-28 00:46:49] main.WARNING: Cron schedule missed {"job":"sales_clean_quotes","delay_sec":180} []
[2026-06-28 00:46:49] main.NOTICE: Cron job completed {"job":"catalog_product_index_price_reindex_all"} []
[2026-06-28 00:46:49] main.INFO: Order placed successfully {"payment_method":"checkmo"} []
[2026-06-28 00:46:49] main.INFO: Product page rendered from cache {"cache_hit":true} []
[2026-06-28 00:46:49] main.INFO: Order placed successfully {"payment_method":"checkmo"} []
[2026-06-28 00:46:49] main.INFO: Order placed successfully {"payment_method":"checkmo"} []
[2026-06-28 00:46:49] main.WARNING: Cron schedule missed {"job":"sales_clean_quotes","delay_sec":180} []
[2026-06-28 00:46:49] main.WARNING: Cache backend response slow {"duration_ms":420,"cache_type":"full_page"} []
[2026-06-28 00:46:49] main.WARNING: Cron schedule missed {"job":"sales_clean_quotes","delay_sec":180} []
[2026-06-28 00:46:49] main.INFO: Customer login successful {"area":"frontend"} []
[2026-06-28 00:46:49] main.WARNING: Redis connection pool near capacity {"used":85,"max":100} []
[2026-06-28 00:46:49] main.WARNING: Cron schedule missed {"job":"sales_clean_quotes","delay_sec":180} []
[2026-06-28 00:46:49] main.INFO: Customer login successful {"area":"frontend"} []
[2026-06-28 00:46:49] main.WARNING: Cache backend response slow {"duration_ms":420,"cache_type":"full_page"} []
[2026-06-28 00:46:49] main.INFO: Product page rendered from cache {"cache_hit":true} []
[2026-06-28 00:46:52] main.NOTICE: Cron job completed {"job":"catalog_product_index_price_reindex_all"} []
[2026-06-28 00:46:52] main.WARNING: Redis connection pool near capacity {"used":85,"max":100} []
[2026-06-28 00:46:52] main.INFO: Cache cleaned successfully {"cache_type":"full_page"} []
[2026-06-28 00:46:52] main.WARNING: Cache backend response slow {"duration_ms":420,"cache_type":"full_page"} []
[2026-06-28 00:46:52] main.INFO: Product page rendered from cache {"cache_hit":true} []
[2026-06-28 00:46:52] main.NOTICE: Cron job completed {"job":"catalog_product_index_price_reindex_all"} []
[2026-06-28 00:46:52] main.INFO: Product page rendered from cache {"cache_hit":true} []
[2026-06-28 00:46:52] main.INFO: Cache cleaned successfully {"cache_type":"full_page"} []
[2026-06-28 00:46:52] main.WARNING: Redis connection pool near capacity {"used":85,"max":100} []
[2026-06-28 00:46:52] main.INFO: Customer login successful {"area":"frontend"} []
[2026-06-28 00:46:52] main.WARNING: Redis connection pool near capacity {"used":85,"max":100} []
[2026-06-28 00:46:52] main.INFO: Cache cleaned successfully {"cache_type":"full_page"} []
[2026-06-28 00:46:52] main.WARNING: Redis connection pool near capacity {"used":85,"max":100} []
[2026-06-28 00:46:52] main.NOTICE: Cron job completed {"job":"catalog_product_index_price_reindex_all"} []
[2026-06-28 00:46:52] main.INFO: Cache cleaned successfully {"cache_type":"full_page"} []
[2026-06-28 00:46:52] main.NOTICE: Cron job completed {"job":"catalog_product_index_price_reindex_all"} []
[2026-06-28 00:46:52] main.INFO: Order placed successfully {"payment_method":"checkmo"} []
[2026-06-28 00:46:52] main.INFO: Customer login successful {"area":"frontend"} []
[2026-06-28 00:46:52] main.INFO: Cache cleaned successfully {"cache_type":"full_page"} []
[2026-06-28 00:46:52] main.NOTICE: Cron job completed {"job":"catalog_product_index_price_reindex_all"} []
[2026-06-28 00:46:54] main.INFO: Cache cleaned successfully {"cache_type":"full_page"} []
[2026-06-28 00:46:54] main.INFO: Product page rendered from cache {"cache_hit":true} []
[2026-06-28 00:46:54] main.INFO: Product page rendered from cache {"cache_hit":true} []
[2026-06-28 00:46:54] main.WARNING: Cache backend response slow {"duration_ms":420,"cache_type":"full_page"} []
[2026-06-28 00:46:54] main.INFO: Order placed successfully {"payment_method":"checkmo"} []
[2026-06-28 00:46:54] main.INFO: Order placed successfully {"payment_method":"checkmo"} []
[2026-06-28 00:46:54] main.WARNING: Redis connection pool near capacity {"used":85,"max":100} []
[2026-06-28 00:46:54] main.INFO: Cache cleaned successfully {"cache_type":"full_page"} []
[2026-06-28 00:46:54] main.WARNING: Redis connection pool near capacity {"used":85,"max":100} []
[2026-06-28 00:46:54] main.INFO: Cache cleaned successfully {"cache_type":"full_page"} []
[2026-06-28 00:46:54] main.INFO: Product page rendered from cache {"cache_hit":true} []
[2026-06-28 00:46:54] main.NOTICE: Cron job completed {"job":"catalog_product_index_price_reindex_all"} []
[2026-06-28 00:46:54] main.INFO: Cache cleaned successfully {"cache_type":"full_page"} []
[2026-06-28 00:46:54] main.WARNING: Cron schedule missed {"job":"sales_clean_quotes","delay_sec":180} []
[2026-06-28 00:46:54] main.WARNING: Cron schedule missed {"job":"sales_clean_quotes","delay_sec":180} []
[2026-06-28 00:46:54] main.WARNING: Cache backend response slow {"duration_ms":420,"cache_type":"full_page"} []
[2026-06-28 00:46:54] main.INFO: Customer login successful {"area":"frontend"} []
[2026-06-28 00:46:54] main.INFO: Order placed successfully {"payment_method":"checkmo"} []
[2026-06-28 00:46:54] main.INFO: Customer login successful {"area":"frontend"} []
[2026-06-28 00:46:54] main.INFO: Cache cleaned successfully {"cache_type":"full_page"} []
[2026-06-28 00:46:56] main.WARNING: Cache backend response slow {"duration_ms":420,"cache_type":"full_page"} []
[2026-06-28 00:46:56] main.WARNING: Cron schedule missed {"job":"sales_clean_quotes","delay_sec":180} []
[2026-06-28 00:46:56] main.INFO: Customer login successful {"area":"frontend"} []
[2026-06-28 00:46:56] main.INFO: Customer login successful {"area":"frontend"} []
[2026-06-28 00:46:56] main.WARNING: Redis connection pool near capacity {"used":85,"max":100} []
[2026-06-28 00:46:56] main.INFO: Order placed successfully {"payment_method":"checkmo"} []
[2026-06-28 00:46:56] main.WARNING: Redis connection pool near capacity {"used":85,"max":100} []
[2026-06-28 00:46:56] main.INFO: Product page rendered from cache {"cache_hit":true} []
[2026-06-28 00:46:56] main.INFO: Order placed successfully {"payment_method":"checkmo"} []
[2026-06-28 00:46:56] main.WARNING: Redis connection pool near capacity {"used":85,"max":100} []
[2026-06-28 00:46:56] main.WARNING: Cache backend response slow {"duration_ms":420,"cache_type":"full_page"} []
[2026-06-28 00:46:56] main.INFO: Customer login successful {"area":"frontend"} []
[2026-06-28 00:46:56] main.INFO: Customer login successful {"area":"frontend"} []
[2026-06-28 00:46:56] main.WARNING: Cron schedule missed {"job":"sales_clean_quotes","delay_sec":180} []
[2026-06-28 00:46:57] main.WARNING: Cron schedule missed {"job":"sales_clean_quotes","delay_sec":180} []
[2026-06-28 00:46:57] main.WARNING: Cron schedule missed {"job":"sales_clean_quotes","delay_sec":180} []
[2026-06-28 00:46:57] main.WARNING: Cache backend response slow {"duration_ms":420,"cache_type":"full_page"} []
[2026-06-28 00:46:57] main.INFO: Order placed successfully {"payment_method":"checkmo"} []
[2026-06-28 00:46:57] main.WARNING: Cache backend response slow {"duration_ms":420,"cache_type":"full_page"} []
[2026-06-28 00:46:57] main.INFO: Customer login successful {"area":"frontend"} []
[2026-06-28 00:46:59] main.NOTICE: Cron job completed {"job":"catalog_product_index_price_reindex_all"} []
[2026-06-28 00:46:59] main.WARNING: Redis connection pool near capacity {"used":85,"max":100} []
[2026-06-28 00:46:59] main.INFO: Product page rendered from cache {"cache_hit":true} []
[2026-06-28 00:46:59] main.INFO: Product page rendered from cache {"cache_hit":true} []
[2026-06-28 00:46:59] main.INFO: Order placed successfully {"payment_method":"checkmo"} []
[2026-06-28 00:46:59] main.INFO: Product page rendered from cache {"cache_hit":true} []
[2026-06-28 00:46:59] main.WARNING: Cron schedule missed {"job":"sales_clean_quotes","delay_sec":180} []
[2026-06-28 00:46:59] main.WARNING: Cache backend response slow {"duration_ms":420,"cache_type":"full_page"} []
[2026-06-28 00:46:59] main.NOTICE: Cron job completed {"job":"catalog_product_index_price_reindex_all"} []
[2026-06-28 00:46:59] main.INFO: Customer login successful {"area":"frontend"} []
[2026-06-28 00:46:59] main.WARNING: Cron schedule missed {"job":"sales_clean_quotes","delay_sec":180} []
[2026-06-28 00:46:59] main.WARNING: Redis connection pool near capacity {"used":85,"max":100} []
[2026-06-28 00:46:59] main.WARNING: Cron schedule missed {"job":"sales_clean_quotes","delay_sec":180} []
[2026-06-28 00:46:59] main.WARNING: Redis connection pool near capacity {"used":85,"max":100} []
[2026-06-28 00:46:59] main.NOTICE: Cron job completed {"job":"catalog_product_index_price_reindex_all"} []
[2026-06-28 00:46:59] main.WARNING: Redis connection pool near capacity {"used":85,"max":100} []
[2026-06-28 00:46:59] main.INFO: Product page rendered from cache {"cache_hit":true} []
[2026-06-28 00:46:59] main.WARNING: Cron schedule missed {"job":"sales_clean_quotes","delay_sec":180} []
[2026-06-28 00:46:59] main.INFO: Cache cleaned successfully {"cache_type":"full_page"} []
[2026-06-28 00:46:59] main.INFO: Order placed successfully {"payment_method":"checkmo"} []
[2026-06-28 00:47:01] main.INFO: Order placed successfully {"payment_method":"checkmo"} []
[2026-06-28 00:47:01] main.INFO: Product page rendered from cache {"cache_hit":true} []
[2026-06-28 00:47:01] main.INFO: Product page rendered from cache {"cache_hit":true} []
[2026-06-28 00:47:01] main.INFO: Cache cleaned successfully {"cache_type":"full_page"} []
[2026-06-28 00:47:01] main.WARNING: Redis connection pool near capacity {"used":85,"max":100} []
[2026-06-28 00:47:01] main.INFO: Cache cleaned successfully {"cache_type":"full_page"} []
[2026-06-28 00:47:01] main.WARNING: Cron schedule missed {"job":"sales_clean_quotes","delay_sec":180} []
[2026-06-28 00:47:01] main.WARNING: Cron schedule missed {"job":"sales_clean_quotes","delay_sec":180} []
[2026-06-28 00:47:01] main.WARNING: Cache backend response slow {"duration_ms":420,"cache_type":"full_page"} []
[2026-06-28 00:47:01] main.WARNING: Cache backend response slow {"duration_ms":420,"cache_type":"full_page"} []
[2026-06-28 00:47:01] main.WARNING: Redis connection pool near capacity {"used":85,"max":100} []
[2026-06-28 00:47:01] main.INFO: Cache cleaned successfully {"cache_type":"full_page"} []
[2026-06-28 00:47:01] main.NOTICE: Cron job completed {"job":"catalog_product_index_price_reindex_all"} []
[2026-06-28 00:47:01] main.NOTICE: Cron job completed {"job":"catalog_product_index_price_reindex_all"} []
[2026-06-28 00:47:01] main.INFO: Product page rendered from cache {"cache_hit":true} []
[2026-06-28 00:47:01] main.WARNING: Redis connection pool near capacity {"used":85,"max":100} []
[2026-06-28 00:47:01] main.WARNING: Cache backend response slow {"duration_ms":420,"cache_type":"full_page"} []
[2026-06-28 00:47:01] main.NOTICE: Cron job completed {"job":"catalog_product_index_price_reindex_all"} []
[2026-06-28 00:47:01] main.WARNING: Redis connection pool near capacity {"used":85,"max":100} []
[2026-06-28 00:47:01] main.WARNING: Redis connection pool near capacity {"used":85,"max":100} []
[2026-06-28 00:47:03] main.INFO: Order placed successfully {"payment_method":"checkmo"} []
[2026-06-28 00:47:03] main.WARNING: Redis connection pool near capacity {"used":85,"max":100} []
[2026-06-28 00:47:03] main.WARNING: Redis connection pool near capacity {"used":85,"max":100} []
[2026-06-28 00:47:03] main.INFO: Customer login successful {"area":"frontend"} []
[2026-06-28 00:47:03] main.WARNING: Redis connection pool near capacity {"used":85,"max":100} []
[2026-06-28 00:47:03] main.INFO: Order placed successfully {"payment_method":"checkmo"} []
[2026-06-28 00:47:04] main.WARNING: Redis connection pool near capacity {"used":85,"max":100} []
[2026-06-28 00:47:04] main.INFO: Cache cleaned successfully {"cache_type":"full_page"} []
[2026-06-28 00:47:04] main.INFO: Customer login successful {"area":"frontend"} []
[2026-06-28 00:47:04] main.WARNING: Cron schedule missed {"job":"sales_clean_quotes","delay_sec":180} []
[2026-06-28 00:47:04] main.INFO: Order placed successfully {"payment_method":"checkmo"} []
[2026-06-28 00:47:04] main.INFO: Order placed successfully {"payment_method":"checkmo"} []
[2026-06-28 00:47:04] main.INFO: Customer login successful {"area":"frontend"} []
[2026-06-28 00:47:04] main.WARNING: Redis connection pool near capacity {"used":85,"max":100} []
[2026-06-28 00:47:04] main.WARNING: Cache backend response slow {"duration_ms":420,"cache_type":"full_page"} []
[2026-06-28 00:47:04] main.INFO: Product page rendered from cache {"cache_hit":true} []
[2026-06-28 00:47:04] main.WARNING: Cache backend response slow {"duration_ms":420,"cache_type":"full_page"} []
[2026-06-28 00:47:04] main.WARNING: Cron schedule missed {"job":"sales_clean_quotes","delay_sec":180} []
[2026-06-28 00:47:04] main.INFO: Cache cleaned successfully {"cache_type":"full_page"} []
[2026-06-28 00:47:04] main.WARNING: Redis connection pool near capacity {"used":85,"max":100} []
[2026-06-28 00:47:06] main.INFO: Product page rendered from cache {"cache_hit":true} []
[2026-06-28 00:47:06] main.WARNING: Redis connection pool near capacity {"used":85,"max":100} []
[2026-06-28 00:47:06] main.WARNING: Redis connection pool near capacity {"used":85,"max":100} []
[2026-06-28 00:47:06] main.INFO: Product page rendered from cache {"cache_hit":true} []
[2026-06-28 00:47:06] main.WARNING: Cron schedule missed {"job":"sales_clean_quotes","delay_sec":180} []
[2026-06-28 00:47:06] main.INFO: Cache cleaned successfully {"cache_type":"full_page"} []
[2026-06-28 00:47:06] main.NOTICE: Cron job completed {"job":"catalog_product_index_price_reindex_all"} []
[2026-06-28 00:47:06] main.WARNING: Cron schedule missed {"job":"sales_clean_quotes","delay_sec":180} []
[2026-06-28 00:47:06] main.WARNING: Redis connection pool near capacity {"used":85,"max":100} []
[2026-06-28 00:47:06] main.INFO: Order placed successfully {"payment_method":"checkmo"} []
[2026-06-28 00:47:06] main.WARNING: Cache backend response slow {"duration_ms":420,"cache_type":"full_page"} []
[2026-06-28 00:47:06] main.WARNING: Redis connection pool near capacity {"used":85,"max":100} []
[2026-06-28 00:47:06] main.WARNING: Cache backend response slow {"duration_ms":420,"cache_type":"full_page"} []
[2026-06-28 00:47:06] main.WARNING: Redis connection pool near capacity {"used":85,"max":100} []
[2026-06-28 00:47:06] main.WARNING: Cache backend response slow {"duration_ms":420,"cache_type":"full_page"} []
[2026-06-28 00:47:06] main.INFO: Order placed successfully {"payment_method":"checkmo"} []
[2026-06-28 00:47:06] main.INFO: Customer login successful {"area":"frontend"} []
[2026-06-28 00:47:06] main.WARNING: Cron schedule missed {"job":"sales_clean_quotes","delay_sec":180} []
[2026-06-28 00:47:06] main.WARNING: Cache backend response slow {"duration_ms":420,"cache_type":"full_page"} []
[2026-06-28 00:47:06] main.WARNING: Cache backend response slow {"duration_ms":420,"cache_type":"full_page"} []
[2026-06-28 00:47:08] main.WARNING: Redis connection pool near capacity {"used":85,"max":100} []
[2026-06-28 00:47:08] main.WARNING: Cron schedule missed {"job":"sales_clean_quotes","delay_sec":180} []
[2026-06-28 00:47:08] main.NOTICE: Cron job completed {"job":"catalog_product_index_price_reindex_all"} []
[2026-06-28 00:47:08] main.INFO: Product page rendered from cache {"cache_hit":true} []
[2026-06-28 00:47:08] main.WARNING: Cache backend response slow {"duration_ms":420,"cache_type":"full_page"} []
[2026-06-28 00:47:08] main.WARNING: Cache backend response slow {"duration_ms":420,"cache_type":"full_page"} []
[2026-06-28 00:47:08] main.INFO: Product page rendered from cache {"cache_hit":true} []
[2026-06-28 00:47:08] main.WARNING: Cache backend response slow {"duration_ms":420,"cache_type":"full_page"} []
[2026-06-28 00:47:08] main.WARNING: Redis connection pool near capacity {"used":85,"max":100} []
[2026-06-28 00:47:08] main.INFO: Cache cleaned successfully {"cache_type":"full_page"} []
[2026-06-28 00:47:08] main.WARNING: Redis connection pool near capacity {"used":85,"max":100} []
[2026-06-28 00:47:08] main.WARNING: Cache backend response slow {"duration_ms":420,"cache_type":"full_page"} []
[2026-06-28 00:47:08] main.INFO: Cache cleaned successfully {"cache_type":"full_page"} []
[2026-06-28 00:47:08] main.WARNING: Cron schedule missed {"job":"sales_clean_quotes","delay_sec":180} []
[2026-06-28 00:47:08] main.WARNING: Cache backend response slow {"duration_ms":420,"cache_type":"full_page"} []
[2026-06-28 00:47:08] main.WARNING: Cache backend response slow {"duration_ms":420,"cache_type":"full_page"} []
[2026-06-28 00:47:08] main.WARNING: Cache backend response slow {"duration_ms":420,"cache_type":"full_page"} []
[2026-06-28 00:47:09] main.NOTICE: Cron job completed {"job":"catalog_product_index_price_reindex_all"} []
[2026-06-28 00:47:09] main.INFO: Customer login successful {"area":"frontend"} []
[2026-06-28 00:47:09] main.INFO: Cache cleaned successfully {"cache_type":"full_page"} []
[2026-06-28 00:47:11] main.INFO: Order placed successfully {"payment_method":"checkmo"} []
[2026-06-28 00:47:11] main.NOTICE: Cron job completed {"job":"catalog_product_index_price_reindex_all"} []
[2026-06-28 00:47:11] main.INFO: Cache cleaned successfully {"cache_type":"full_page"} []
[2026-06-28 00:47:11] main.INFO: Order placed successfully {"payment_method":"checkmo"} []
[2026-06-28 00:47:11] main.WARNING: Redis connection pool near capacity {"used":85,"max":100} []
[2026-06-28 00:47:11] main.WARNING: Redis connection pool near capacity {"used":85,"max":100} []
[2026-06-28 00:47:11] main.WARNING: Redis connection pool near capacity {"used":85,"max":100} []
[2026-06-28 00:47:11] main.WARNING: Cache backend response slow {"duration_ms":420,"cache_type":"full_page"} []
[2026-06-28 00:47:11] main.WARNING: Cache backend response slow {"duration_ms":420,"cache_type":"full_page"} []
[2026-06-28 00:47:11] main.INFO: Product page rendered from cache {"cache_hit":true} []
[2026-06-28 00:47:11] main.INFO: Product page rendered from cache {"cache_hit":true} []
[2026-06-28 00:47:11] main.INFO: Cache cleaned successfully {"cache_type":"full_page"} []
[2026-06-28 00:47:11] main.WARNING: Cache backend response slow {"duration_ms":420,"cache_type":"full_page"} []
[2026-06-28 00:47:11] main.INFO: Product page rendered from cache {"cache_hit":true} []
[2026-06-28 00:47:11] main.WARNING: Cache backend response slow {"duration_ms":420,"cache_type":"full_page"} []
[2026-06-28 00:47:11] main.INFO: Customer login successful {"area":"frontend"} []
[2026-06-28 00:47:11] main.WARNING: Cron schedule missed {"job":"sales_clean_quotes","delay_sec":180} []
[2026-06-28 00:47:11] main.WARNING: Cron schedule missed {"job":"sales_clean_quotes","delay_sec":180} []
[2026-06-28 00:47:11] main.WARNING: Redis connection pool near capacity {"used":85,"max":100} []
[2026-06-28 00:47:11] main.INFO: Cache cleaned successfully {"cache_type":"full_page"} []
[2026-06-28 00:47:13] main.WARNING: Cache backend response slow {"duration_ms":420,"cache_type":"full_page"} []
[2026-06-28 00:47:13] main.WARNING: Cache backend response slow {"duration_ms":420,"cache_type":"full_page"} []
[2026-06-28 00:47:13] main.WARNING: Cache backend response slow {"duration_ms":420,"cache_type":"full_page"} []
[2026-06-28 00:47:13] main.WARNING: Cache backend response slow {"duration_ms":420,"cache_type":"full_page"} []
[2026-06-28 00:47:13] main.WARNING: Cron schedule missed {"job":"sales_clean_quotes","delay_sec":180} []
[2026-06-28 00:47:13] main.WARNING: Cache backend response slow {"duration_ms":420,"cache_type":"full_page"} []
[2026-06-28 00:47:13] main.WARNING: Cron schedule missed {"job":"sales_clean_quotes","delay_sec":180} []
[2026-06-28 00:47:13] main.WARNING: Cron schedule missed {"job":"sales_clean_quotes","delay_sec":180} []
[2026-06-28 00:47:13] main.INFO: Order placed successfully {"payment_method":"checkmo"} []
[2026-06-28 00:47:13] main.INFO: Cache cleaned successfully {"cache_type":"full_page"} []
[2026-06-28 00:47:13] main.INFO: Order placed successfully {"payment_method":"checkmo"} []
[2026-06-28 00:47:13] main.INFO: Cache cleaned successfully {"cache_type":"full_page"} []
[2026-06-28 00:47:13] main.INFO: Order placed successfully {"payment_method":"checkmo"} []
[2026-06-28 00:47:13] main.WARNING: Redis connection pool near capacity {"used":85,"max":100} []
[2026-06-28 00:47:13] main.WARNING: Cron schedule missed {"job":"sales_clean_quotes","delay_sec":180} []
[2026-06-28 00:47:13] main.WARNING: Cache backend response slow {"duration_ms":420,"cache_type":"full_page"} []
[2026-06-28 00:47:13] main.WARNING: Cache backend response slow {"duration_ms":420,"cache_type":"full_page"} []
[2026-06-28 00:47:13] main.INFO: Product page rendered from cache {"cache_hit":true} []
[2026-06-28 00:47:13] main.WARNING: Cron schedule missed {"job":"sales_clean_quotes","delay_sec":180} []
[2026-06-28 00:47:13] main.INFO: Order placed successfully {"payment_method":"checkmo"} []
[2026-06-28 00:47:15] main.INFO: Cache cleaned successfully {"cache_type":"full_page"} []
[2026-06-28 00:47:15] main.INFO: Cache cleaned successfully {"cache_type":"full_page"} []
[2026-06-28 00:47:15] main.WARNING: Cache backend response slow {"duration_ms":420,"cache_type":"full_page"} []
[2026-06-28 00:47:15] main.INFO: Order placed successfully {"payment_method":"checkmo"} []
[2026-06-28 00:47:15] main.WARNING: Cache backend response slow {"duration_ms":420,"cache_type":"full_page"} []
[2026-06-28 00:47:15] main.WARNING: Redis connection pool near capacity {"used":85,"max":100} []
[2026-06-28 00:47:15] main.WARNING: Cron schedule missed {"job":"sales_clean_quotes","delay_sec":180} []
[2026-06-28 00:47:15] main.WARNING: Cron schedule missed {"job":"sales_clean_quotes","delay_sec":180} []
[2026-06-28 00:47:15] main.INFO: Order placed successfully {"payment_method":"checkmo"} []
[2026-06-28 00:47:15] main.WARNING: Cache backend response slow {"duration_ms":420,"cache_type":"full_page"} []
[2026-06-28 00:47:15] main.INFO: Customer login successful {"area":"frontend"} []
[2026-06-28 00:47:15] main.WARNING: Cache backend response slow {"duration_ms":420,"cache_type":"full_page"} []
[2026-06-28 00:47:16] main.NOTICE: Cron job completed {"job":"catalog_product_index_price_reindex_all"} []
[2026-06-28 00:47:16] main.INFO: Customer login successful {"area":"frontend"} []
[2026-06-28 00:47:16] main.WARNING: Redis connection pool near capacity {"used":85,"max":100} []
[2026-06-28 00:47:16] main.WARNING: Redis connection pool near capacity {"used":85,"max":100} []
[2026-06-28 00:47:16] main.INFO: Cache cleaned successfully {"cache_type":"full_page"} []
[2026-06-28 00:47:16] main.WARNING: Redis connection pool near capacity {"used":85,"max":100} []
[2026-06-28 00:47:16] main.INFO: Cache cleaned successfully {"cache_type":"full_page"} []
[2026-06-28 00:47:16] main.WARNING: Cron schedule missed {"job":"sales_clean_quotes","delay_sec":180} []
[2026-06-28 00:47:18] main.WARNING: Redis connection pool near capacity {"used":85,"max":100} []
[2026-06-28 00:47:18] main.INFO: Customer login successful {"area":"frontend"} []
[2026-06-28 00:47:18] main.INFO: Product page rendered from cache {"cache_hit":true} []
[2026-06-28 00:47:18] main.INFO: Product page rendered from cache {"cache_hit":true} []
[2026-06-28 00:47:18] main.WARNING: Redis connection pool near capacity {"used":85,"max":100} []
[2026-06-28 00:47:18] main.WARNING: Cache backend response slow {"duration_ms":420,"cache_type":"full_page"} []
[2026-06-28 00:47:18] main.INFO: Customer login successful {"area":"frontend"} []
[2026-06-28 00:47:18] main.INFO: Order placed successfully {"payment_method":"checkmo"} []
[2026-06-28 00:47:18] main.WARNING: Redis connection pool near capacity {"used":85,"max":100} []
[2026-06-28 00:47:18] main.NOTICE: Cron job completed {"job":"catalog_product_index_price_reindex_all"} []
[2026-06-28 00:47:18] main.INFO: Cache cleaned successfully {"cache_type":"full_page"} []
[2026-06-28 00:47:18] main.WARNING: Cron schedule missed {"job":"sales_clean_quotes","delay_sec":180} []
[2026-06-28 00:47:18] main.INFO: Product page rendered from cache {"cache_hit":true} []
[2026-06-28 00:47:18] main.WARNING: Cache backend response slow {"duration_ms":420,"cache_type":"full_page"} []
[2026-06-28 00:47:18] main.WARNING: Cron schedule missed {"job":"sales_clean_quotes","delay_sec":180} []
[2026-06-28 00:47:18] main.INFO: Order placed successfully {"payment_method":"checkmo"} []
[2026-06-28 00:47:18] main.WARNING: Redis connection pool near capacity {"used":85,"max":100} []
[2026-06-28 00:47:18] main.WARNING: Cache backend response slow {"duration_ms":420,"cache_type":"full_page"} []
[2026-06-28 00:47:18] main.WARNING: Cache backend response slow {"duration_ms":420,"cache_type":"full_page"} []
[2026-06-28 00:47:18] main.INFO: Cache cleaned successfully {"cache_type":"full_page"} []
[2026-06-28 00:47:20] main.INFO: Cache cleaned successfully {"cache_type":"full_page"} []
[2026-06-28 00:47:20] main.INFO: Product page rendered from cache {"cache_hit":true} []
[2026-06-28 00:47:20] main.INFO: Product page rendered from cache {"cache_hit":true} []
[2026-06-28 00:47:20] main.NOTICE: Cron job completed {"job":"catalog_product_index_price_reindex_all"} []
[2026-06-28 00:47:20] main.INFO: Cache cleaned successfully {"cache_type":"full_page"} []
[2026-06-28 00:47:20] main.WARNING: Redis connection pool near capacity {"used":85,"max":100} []
[2026-06-28 00:47:20] main.NOTICE: Cron job completed {"job":"catalog_product_index_price_reindex_all"} []
[2026-06-28 00:47:20] main.WARNING: Cron schedule missed {"job":"sales_clean_quotes","delay_sec":180} []
[2026-06-28 00:47:20] main.INFO: Customer login successful {"area":"frontend"} []
[2026-06-28 00:47:20] main.INFO: Cache cleaned successfully {"cache_type":"full_page"} []
[2026-06-28 00:47:20] main.WARNING: Redis connection pool near capacity {"used":85,"max":100} []
[2026-06-28 00:47:20] main.INFO: Product page rendered from cache {"cache_hit":true} []
[2026-06-28 00:47:20] main.NOTICE: Cron job completed {"job":"catalog_product_index_price_reindex_all"} []
[2026-06-28 00:47:20] main.INFO: Order placed successfully {"payment_method":"checkmo"} []
[2026-06-28 00:47:20] main.WARNING: Redis connection pool near capacity {"used":85,"max":100} []
[2026-06-28 00:47:20] main.INFO: Product page rendered from cache {"cache_hit":true} []
[2026-06-28 00:47:20] main.NOTICE: Cron job completed {"job":"catalog_product_index_price_reindex_all"} []
[2026-06-28 00:47:20] main.INFO: Customer login successful {"area":"frontend"} []
[2026-06-28 00:47:20] main.INFO: Cache cleaned successfully {"cache_type":"full_page"} []
[2026-06-28 00:47:20] main.INFO: Product page rendered from cache {"cache_hit":true} []
[2026-06-28 00:47:22] main.INFO: Customer login successful {"area":"frontend"} []
[2026-06-28 00:47:22] main.INFO: Product page rendered from cache {"cache_hit":true} []
[2026-06-28 00:47:22] main.INFO: Cache cleaned successfully {"cache_type":"full_page"} []
[2026-06-28 00:47:22] main.WARNING: Redis connection pool near capacity {"used":85,"max":100} []
[2026-06-28 00:47:22] main.NOTICE: Cron job completed {"job":"catalog_product_index_price_reindex_all"} []
[2026-06-28 00:47:23] main.INFO: Customer login successful {"area":"frontend"} []
[2026-06-28 00:47:23] main.WARNING: Cache backend response slow {"duration_ms":420,"cache_type":"full_page"} []
[2026-06-28 00:47:23] main.INFO: Customer login successful {"area":"frontend"} []
[2026-06-28 00:47:23] main.WARNING: Cache backend response slow {"duration_ms":420,"cache_type":"full_page"} []
[2026-06-28 00:47:23] main.WARNING: Cron schedule missed {"job":"sales_clean_quotes","delay_sec":180} []
[2026-06-28 00:47:23] main.WARNING: Cache backend response slow {"duration_ms":420,"cache_type":"full_page"} []
[2026-06-28 00:47:23] main.WARNING: Cron schedule missed {"job":"sales_clean_quotes","delay_sec":180} []
[2026-06-28 00:47:23] main.WARNING: Redis connection pool near capacity {"used":85,"max":100} []
[2026-06-28 00:47:23] main.NOTICE: Cron job completed {"job":"catalog_product_index_price_reindex_all"} []
[2026-06-28 00:47:23] main.INFO: Product page rendered from cache {"cache_hit":true} []
[2026-06-28 00:47:23] main.WARNING: Redis connection pool near capacity {"used":85,"max":100} []
[2026-06-28 00:47:23] main.WARNING: Cron schedule missed {"job":"sales_clean_quotes","delay_sec":180} []
[2026-06-28 00:47:23] main.INFO: Customer login successful {"area":"frontend"} []
[2026-06-28 00:47:23] main.INFO: Order placed successfully {"payment_method":"checkmo"} []
[2026-06-28 00:47:23] main.INFO: Product page rendered from cache {"cache_hit":true} []
[2026-06-28 00:47:25] main.INFO: Customer login successful {"area":"frontend"} []
[2026-06-28 00:47:25] main.INFO: Cache cleaned successfully {"cache_type":"full_page"} []
[2026-06-28 00:47:25] main.WARNING: Redis connection pool near capacity {"used":85,"max":100} []
[2026-06-28 00:47:25] main.WARNING: Cron schedule missed {"job":"sales_clean_quotes","delay_sec":180} []
[2026-06-28 00:47:25] main.INFO: Cache cleaned successfully {"cache_type":"full_page"} []
[2026-06-28 00:47:25] main.WARNING: Cron schedule missed {"job":"sales_clean_quotes","delay_sec":180} []
[2026-06-28 00:47:25] main.NOTICE: Cron job completed {"job":"catalog_product_index_price_reindex_all"} []
[2026-06-28 00:47:25] main.WARNING: Redis connection pool near capacity {"used":85,"max":100} []
[2026-06-28 00:47:25] main.INFO: Customer login successful {"area":"frontend"} []
[2026-06-28 00:47:25] main.INFO: Cache cleaned successfully {"cache_type":"full_page"} []
[2026-06-28 00:47:25] main.NOTICE: Cron job completed {"job":"catalog_product_index_price_reindex_all"} []
[2026-06-28 00:47:25] main.WARNING: Cache backend response slow {"duration_ms":420,"cache_type":"full_page"} []
[2026-06-28 00:47:25] main.WARNING: Redis connection pool near capacity {"used":85,"max":100} []
[2026-06-28 00:47:25] main.INFO: Cache cleaned successfully {"cache_type":"full_page"} []
[2026-06-28 00:47:25] main.INFO: Product page rendered from cache {"cache_hit":true} []
[2026-06-28 00:47:25] main.INFO: Cache cleaned successfully {"cache_type":"full_page"} []
[2026-06-28 00:47:25] main.INFO: Order placed successfully {"payment_method":"checkmo"} []
[2026-06-28 00:47:25] main.NOTICE: Cron job completed {"job":"catalog_product_index_price_reindex_all"} []
[2026-06-28 00:47:25] main.INFO: Order placed successfully {"payment_method":"checkmo"} []
[2026-06-28 00:47:25] main.NOTICE: Cron job completed {"job":"catalog_product_index_price_reindex_all"} []
[2026-06-28 00:47:27] main.WARNING: Cron schedule missed {"job":"sales_clean_quotes","delay_sec":180} []
[2026-06-28 00:47:27] main.WARNING: Cron schedule missed {"job":"sales_clean_quotes","delay_sec":180} []
[2026-06-28 00:47:27] main.WARNING: Cron schedule missed {"job":"sales_clean_quotes","delay_sec":180} []
[2026-06-28 00:47:27] main.INFO: Order placed successfully {"payment_method":"checkmo"} []
[2026-06-28 00:47:27] main.WARNING: Redis connection pool near capacity {"used":85,"max":100} []
[2026-06-28 00:47:27] main.INFO: Product page rendered from cache {"cache_hit":true} []
[2026-06-28 00:47:27] main.WARNING: Cron schedule missed {"job":"sales_clean_quotes","delay_sec":180} []
[2026-06-28 00:47:27] main.WARNING: Redis connection pool near capacity {"used":85,"max":100} []
[2026-06-28 00:47:27] main.WARNING: Cron schedule missed {"job":"sales_clean_quotes","delay_sec":180} []
[2026-06-28 00:47:27] main.NOTICE: Cron job completed {"job":"catalog_product_index_price_reindex_all"} []
[2026-06-28 00:47:27] main.INFO: Customer login successful {"area":"frontend"} []
[2026-06-28 00:47:27] main.INFO: Customer login successful {"area":"frontend"} []
[2026-06-28 00:47:27] main.WARNING: Cron schedule missed {"job":"sales_clean_quotes","delay_sec":180} []
[2026-06-28 00:47:27] main.INFO: Product page rendered from cache {"cache_hit":true} []
[2026-06-28 00:47:27] main.WARNING: Redis connection pool near capacity {"used":85,"max":100} []
[2026-06-28 00:47:27] main.WARNING: Cron schedule missed {"job":"sales_clean_quotes","delay_sec":180} []
[2026-06-28 00:47:27] main.WARNING: Redis connection pool near capacity {"used":85,"max":100} []
[2026-06-28 00:47:27] main.WARNING: Cache backend response slow {"duration_ms":420,"cache_type":"full_page"} []
[2026-06-28 00:47:27] main.NOTICE: Cron job completed {"job":"catalog_product_index_price_reindex_all"} []
[2026-06-28 00:47:27] main.WARNING: Cron schedule missed {"job":"sales_clean_quotes","delay_sec":180} []
[2026-06-28 00:47:29] main.NOTICE: Cron job completed {"job":"catalog_product_index_price_reindex_all"} []
[2026-06-28 00:47:30] main.INFO: Customer login successful {"area":"frontend"} []
[2026-06-28 00:47:30] main.INFO: Customer login successful {"area":"frontend"} []
[2026-06-28 00:47:30] main.WARNING: Redis connection pool near capacity {"used":85,"max":100} []
[2026-06-28 00:47:30] main.INFO: Product page rendered from cache {"cache_hit":true} []
[2026-06-28 00:47:30] main.WARNING: Redis connection pool near capacity {"used":85,"max":100} []
[2026-06-28 00:47:30] main.WARNING: Cache backend response slow {"duration_ms":420,"cache_type":"full_page"} []
[2026-06-28 00:47:30] main.WARNING: Cache backend response slow {"duration_ms":420,"cache_type":"full_page"} []
[2026-06-28 00:47:30] main.WARNING: Cache backend response slow {"duration_ms":420,"cache_type":"full_page"} []
[2026-06-28 00:47:30] main.WARNING: Cache backend response slow {"duration_ms":420,"cache_type":"full_page"} []
[2026-06-28 00:47:30] main.NOTICE: Cron job completed {"job":"catalog_product_index_price_reindex_all"} []
[2026-06-28 00:47:30] main.INFO: Product page rendered from cache {"cache_hit":true} []
[2026-06-28 00:47:30] main.WARNING: Cache backend response slow {"duration_ms":420,"cache_type":"full_page"} []
[2026-06-28 00:47:30] main.INFO: Cache cleaned successfully {"cache_type":"full_page"} []
[2026-06-28 00:47:30] main.WARNING: Cache backend response slow {"duration_ms":420,"cache_type":"full_page"} []
[2026-06-28 00:47:30] main.WARNING: Cache backend response slow {"duration_ms":420,"cache_type":"full_page"} []
[2026-06-28 00:47:30] main.WARNING: Cache backend response slow {"duration_ms":420,"cache_type":"full_page"} []
[2026-06-28 00:47:30] main.INFO: Customer login successful {"area":"frontend"} []
[2026-06-28 00:47:30] main.NOTICE: Cron job completed {"job":"catalog_product_index_price_reindex_all"} []
[2026-06-28 00:47:30] main.WARNING: Cache backend response slow {"duration_ms":420,"cache_type":"full_page"} []
[2026-06-28 00:47:32] main.INFO: Cache cleaned successfully {"cache_type":"full_page"} []
[2026-06-28 00:47:32] main.WARNING: Cron schedule missed {"job":"sales_clean_quotes","delay_sec":180} []
[2026-06-28 00:47:32] main.INFO: Product page rendered from cache {"cache_hit":true} []
[2026-06-28 00:47:32] main.INFO: Product page rendered from cache {"cache_hit":true} []
[2026-06-28 00:47:32] main.INFO: Customer login successful {"area":"frontend"} []
[2026-06-28 00:47:32] main.WARNING: Cron schedule missed {"job":"sales_clean_quotes","delay_sec":180} []
[2026-06-28 00:47:32] main.INFO: Order placed successfully {"payment_method":"checkmo"} []
[2026-06-28 00:47:32] main.INFO: Order placed successfully {"payment_method":"checkmo"} []
[2026-06-28 00:47:32] main.INFO: Order placed successfully {"payment_method":"checkmo"} []
[2026-06-28 00:47:32] main.INFO: Order placed successfully {"payment_method":"checkmo"} []
[2026-06-28 00:47:32] main.WARNING: Cron schedule missed {"job":"sales_clean_quotes","delay_sec":180} []
[2026-06-28 00:47:32] main.INFO: Order placed successfully {"payment_method":"checkmo"} []
[2026-06-28 00:47:32] main.WARNING: Cache backend response slow {"duration_ms":420,"cache_type":"full_page"} []
[2026-06-28 00:47:32] main.INFO: Product page rendered from cache {"cache_hit":true} []
[2026-06-28 00:47:32] main.WARNING: Cron schedule missed {"job":"sales_clean_quotes","delay_sec":180} []
[2026-06-28 00:47:32] main.INFO: Cache cleaned successfully {"cache_type":"full_page"} []
[2026-06-28 00:47:32] main.INFO: Order placed successfully {"payment_method":"checkmo"} []
[2026-06-28 00:47:32] main.INFO: Cache cleaned successfully {"cache_type":"full_page"} []
[2026-06-28 00:47:32] main.WARNING: Redis connection pool near capacity {"used":85,"max":100} []
[2026-06-28 00:47:32] main.WARNING: Cron schedule missed {"job":"sales_clean_quotes","delay_sec":180} []
[2026-06-28 00:47:34] main.WARNING: Cron schedule missed {"job":"sales_clean_quotes","delay_sec":180} []
[2026-06-28 00:47:34] main.WARNING: Cache backend response slow {"duration_ms":420,"cache_type":"full_page"} []
[2026-06-28 00:47:34] main.WARNING: Cron schedule missed {"job":"sales_clean_quotes","delay_sec":180} []
[2026-06-28 00:47:34] main.WARNING: Redis connection pool near capacity {"used":85,"max":100} []
[2026-06-28 00:47:34] main.WARNING: Cache backend response slow {"duration_ms":420,"cache_type":"full_page"} []
[2026-06-28 00:47:34] main.INFO: Customer login successful {"area":"frontend"} []
[2026-06-28 00:47:34] main.WARNING: Redis connection pool near capacity {"used":85,"max":100} []
[2026-06-28 00:47:34] main.INFO: Cache cleaned successfully {"cache_type":"full_page"} []
[2026-06-28 00:47:34] main.INFO: Customer login successful {"area":"frontend"} []
[2026-06-28 00:47:34] main.WARNING: Redis connection pool near capacity {"used":85,"max":100} []
[2026-06-28 00:47:34] main.WARNING: Cache backend response slow {"duration_ms":420,"cache_type":"full_page"} []
[2026-06-28 00:47:34] main.INFO: Customer login successful {"area":"frontend"} []
[2026-06-28 00:47:35] main.WARNING: Cache backend response slow {"duration_ms":420,"cache_type":"full_page"} []
[2026-06-28 00:47:35] main.INFO: Product page rendered from cache {"cache_hit":true} []
[2026-06-28 00:47:35] main.WARNING: Cron schedule missed {"job":"sales_clean_quotes","delay_sec":180} []
[2026-06-28 00:47:35] main.WARNING: Redis connection pool near capacity {"used":85,"max":100} []
[2026-06-28 00:47:35] main.WARNING: Cache backend response slow {"duration_ms":420,"cache_type":"full_page"} []
[2026-06-28 00:47:35] main.WARNING: Cron schedule missed {"job":"sales_clean_quotes","delay_sec":180} []
[2026-06-28 00:47:35] main.WARNING: Redis connection pool near capacity {"used":85,"max":100} []
[2026-06-28 00:47:35] main.INFO: Cache cleaned successfully {"cache_type":"full_page"} []
[2026-06-28 00:47:37] main.WARNING: Cache backend response slow {"duration_ms":420,"cache_type":"full_page"} []
[2026-06-28 00:47:37] main.WARNING: Redis connection pool near capacity {"used":85,"max":100} []
[2026-06-28 00:47:37] main.INFO: Cache cleaned successfully {"cache_type":"full_page"} []
[2026-06-28 00:47:37] main.INFO: Order placed successfully {"payment_method":"checkmo"} []
[2026-06-28 00:47:37] main.WARNING: Redis connection pool near capacity {"used":85,"max":100} []
[2026-06-28 00:47:37] main.INFO: Product page rendered from cache {"cache_hit":true} []
[2026-06-28 00:47:37] main.INFO: Order placed successfully {"payment_method":"checkmo"} []
[2026-06-28 00:47:37] main.INFO: Product page rendered from cache {"cache_hit":true} []
[2026-06-28 00:47:37] main.INFO: Customer login successful {"area":"frontend"} []
[2026-06-28 00:47:37] main.WARNING: Cron schedule missed {"job":"sales_clean_quotes","delay_sec":180} []
[2026-06-28 00:47:37] main.WARNING: Cron schedule missed {"job":"sales_clean_quotes","delay_sec":180} []
[2026-06-28 00:47:37] main.INFO: Order placed successfully {"payment_method":"checkmo"} []
[2026-06-28 00:47:37] main.WARNING: Cron schedule missed {"job":"sales_clean_quotes","delay_sec":180} []
[2026-06-28 00:47:37] main.INFO: Cache cleaned successfully {"cache_type":"full_page"} []
[2026-06-28 00:47:37] main.INFO: Order placed successfully {"payment_method":"checkmo"} []
[2026-06-28 00:47:37] main.WARNING: Cache backend response slow {"duration_ms":420,"cache_type":"full_page"} []
[2026-06-28 00:47:37] main.INFO: Cache cleaned successfully {"cache_type":"full_page"} []
[2026-06-28 00:47:37] main.INFO: Product page rendered from cache {"cache_hit":true} []
[2026-06-28 00:47:37] main.NOTICE: Cron job completed {"job":"catalog_product_index_price_reindex_all"} []
[2026-06-28 00:47:37] main.WARNING: Cache backend response slow {"duration_ms":420,"cache_type":"full_page"} []
[2026-06-28 00:47:39] main.INFO: Cache cleaned successfully {"cache_type":"full_page"} []
[2026-06-28 00:47:39] main.WARNING: Redis connection pool near capacity {"used":85,"max":100} []
[2026-06-28 00:47:39] main.INFO: Order placed successfully {"payment_method":"checkmo"} []
[2026-06-28 00:47:39] main.WARNING: Redis connection pool near capacity {"used":85,"max":100} []
[2026-06-28 00:47:39] main.INFO: Cache cleaned successfully {"cache_type":"full_page"} []
[2026-06-28 00:47:39] main.INFO: Product page rendered from cache {"cache_hit":true} []
[2026-06-28 00:47:39] main.WARNING: Cron schedule missed {"job":"sales_clean_quotes","delay_sec":180} []
[2026-06-28 00:47:39] main.INFO: Product page rendered from cache {"cache_hit":true} []
[2026-06-28 00:47:39] main.INFO: Product page rendered from cache {"cache_hit":true} []
[2026-06-28 00:47:39] main.WARNING: Cron schedule missed {"job":"sales_clean_quotes","delay_sec":180} []
[2026-06-28 00:47:39] main.WARNING: Cron schedule missed {"job":"sales_clean_quotes","delay_sec":180} []
[2026-06-28 00:47:39] main.INFO: Product page rendered from cache {"cache_hit":true} []
[2026-06-28 00:47:39] main.INFO: Order placed successfully {"payment_method":"checkmo"} []
[2026-06-28 00:47:39] main.INFO: Customer login successful {"area":"frontend"} []
[2026-06-28 00:47:39] main.NOTICE: Cron job completed {"job":"catalog_product_index_price_reindex_all"} []
[2026-06-28 00:47:39] main.WARNING: Redis connection pool near capacity {"used":85,"max":100} []
[2026-06-28 00:47:39] main.INFO: Order placed successfully {"payment_method":"checkmo"} []
[2026-06-28 00:47:39] main.NOTICE: Cron job completed {"job":"catalog_product_index_price_reindex_all"} []
[2026-06-28 00:47:39] main.INFO: Order placed successfully {"payment_method":"checkmo"} []
[2026-06-28 00:47:39] main.WARNING: Cron schedule missed {"job":"sales_clean_quotes","delay_sec":180} []
[2026-06-28 00:47:42] main.WARNING: Redis connection pool near capacity {"used":85,"max":100} []
[2026-06-28 00:47:42] main.WARNING: Cron schedule missed {"job":"sales_clean_quotes","delay_sec":180} []
[2026-06-28 00:47:42] main.WARNING: Redis connection pool near capacity {"used":85,"max":100} []
[2026-06-28 00:47:42] main.NOTICE: Cron job completed {"job":"catalog_product_index_price_reindex_all"} []
[2026-06-28 00:47:42] main.WARNING: Cron schedule missed {"job":"sales_clean_quotes","delay_sec":180} []
[2026-06-28 00:47:42] main.WARNING: Cron schedule missed {"job":"sales_clean_quotes","delay_sec":180} []
[2026-06-28 00:47:42] main.WARNING: Cron schedule missed {"job":"sales_clean_quotes","delay_sec":180} []
[2026-06-28 00:47:42] main.WARNING: Cron schedule missed {"job":"sales_clean_quotes","delay_sec":180} []
[2026-06-28 00:47:42] main.WARNING: Cache backend response slow {"duration_ms":420,"cache_type":"full_page"} []
[2026-06-28 00:47:42] main.INFO: Product page rendered from cache {"cache_hit":true} []
[2026-06-28 00:47:42] main.INFO: Product page rendered from cache {"cache_hit":true} []
[2026-06-28 00:47:42] main.INFO: Cache cleaned successfully {"cache_type":"full_page"} []
[2026-06-28 00:47:42] main.INFO: Order placed successfully {"payment_method":"checkmo"} []
[2026-06-28 00:47:42] main.INFO: Cache cleaned successfully {"cache_type":"full_page"} []
[2026-06-28 00:47:42] main.INFO: Product page rendered from cache {"cache_hit":true} []
[2026-06-28 00:47:42] main.WARNING: Redis connection pool near capacity {"used":85,"max":100} []
[2026-06-28 00:47:42] main.NOTICE: Cron job completed {"job":"catalog_product_index_price_reindex_all"} []
[2026-06-28 00:47:42] main.INFO: Order placed successfully {"payment_method":"checkmo"} []
[2026-06-28 00:47:42] main.WARNING: Cron schedule missed {"job":"sales_clean_quotes","delay_sec":180} []
[2026-06-28 00:47:42] main.INFO: Cache cleaned successfully {"cache_type":"full_page"} []
[2026-06-28 00:47:44] main.WARNING: Cron schedule missed {"job":"sales_clean_quotes","delay_sec":180} []
[2026-06-28 00:47:44] main.WARNING: Cache backend response slow {"duration_ms":420,"cache_type":"full_page"} []
[2026-06-28 00:47:44] main.NOTICE: Cron job completed {"job":"catalog_product_index_price_reindex_all"} []
[2026-06-28 00:47:44] main.WARNING: Redis connection pool near capacity {"used":85,"max":100} []
[2026-06-28 00:47:44] main.INFO: Cache cleaned successfully {"cache_type":"full_page"} []
[2026-06-28 00:47:44] main.INFO: Cache cleaned successfully {"cache_type":"full_page"} []
[2026-06-28 00:47:44] main.NOTICE: Cron job completed {"job":"catalog_product_index_price_reindex_all"} []
[2026-06-28 00:47:44] main.INFO: Order placed successfully {"payment_method":"checkmo"} []
[2026-06-28 00:47:44] main.NOTICE: Cron job completed {"job":"catalog_product_index_price_reindex_all"} []
[2026-06-28 00:47:44] main.WARNING: Cron schedule missed {"job":"sales_clean_quotes","delay_sec":180} []
[2026-06-28 00:47:44] main.INFO: Customer login successful {"area":"frontend"} []
[2026-06-28 00:47:44] main.INFO: Product page rendered from cache {"cache_hit":true} []
[2026-06-28 00:47:44] main.INFO: Customer login successful {"area":"frontend"} []
[2026-06-28 00:47:44] main.WARNING: Redis connection pool near capacity {"used":85,"max":100} []
[2026-06-28 00:47:44] main.INFO: Order placed successfully {"payment_method":"checkmo"} []
[2026-06-28 00:47:44] main.INFO: Order placed successfully {"payment_method":"checkmo"} []
[2026-06-28 00:47:44] main.WARNING: Redis connection pool near capacity {"used":85,"max":100} []
[2026-06-28 00:47:44] main.INFO: Customer login successful {"area":"frontend"} []
[2026-06-28 00:47:44] main.INFO: Cache cleaned successfully {"cache_type":"full_page"} []
[2026-06-28 00:47:44] main.WARNING: Cron schedule missed {"job":"sales_clean_quotes","delay_sec":180} []
[2026-06-28 00:47:46] main.NOTICE: Cron job completed {"job":"catalog_product_index_price_reindex_all"} []
[2026-06-28 00:47:46] main.INFO: Product page rendered from cache {"cache_hit":true} []
[2026-06-28 00:47:46] main.INFO: Cache cleaned successfully {"cache_type":"full_page"} []
[2026-06-28 00:47:46] main.WARNING: Cron schedule missed {"job":"sales_clean_quotes","delay_sec":180} []
[2026-06-28 00:47:46] main.WARNING: Cache backend response slow {"duration_ms":420,"cache_type":"full_page"} []
[2026-06-28 00:47:46] main.INFO: Order placed successfully {"payment_method":"checkmo"} []
[2026-06-28 00:47:46] main.WARNING: Cron schedule missed {"job":"sales_clean_quotes","delay_sec":180} []
[2026-06-28 00:47:46] main.INFO: Cache cleaned successfully {"cache_type":"full_page"} []
[2026-06-28 00:47:46] main.WARNING: Redis connection pool near capacity {"used":85,"max":100} []
[2026-06-28 00:47:46] main.WARNING: Cron schedule missed {"job":"sales_clean_quotes","delay_sec":180} []
[2026-06-28 00:47:46] main.WARNING: Cache backend response slow {"duration_ms":420,"cache_type":"full_page"} []
[2026-06-28 00:47:46] main.WARNING: Cache backend response slow {"duration_ms":420,"cache_type":"full_page"} []
[2026-06-28 00:47:47] main.NOTICE: Cron job completed {"job":"catalog_product_index_price_reindex_all"} []
[2026-06-28 00:47:47] main.INFO: Product page rendered from cache {"cache_hit":true} []
[2026-06-28 00:47:47] main.INFO: Cache cleaned successfully {"cache_type":"full_page"} []
[2026-06-28 00:47:47] main.WARNING: Redis connection pool near capacity {"used":85,"max":100} []
[2026-06-28 00:47:47] main.NOTICE: Cron job completed {"job":"catalog_product_index_price_reindex_all"} []
[2026-06-28 00:47:47] main.INFO: Cache cleaned successfully {"cache_type":"full_page"} []
[2026-06-28 00:47:47] main.WARNING: Redis connection pool near capacity {"used":85,"max":100} []
[2026-06-28 00:47:47] main.INFO: Cache cleaned successfully {"cache_type":"full_page"} []
[2026-06-28 00:47:49] main.WARNING: Cron schedule missed {"job":"sales_clean_quotes","delay_sec":180} []
[2026-06-28 00:47:49] main.WARNING: Cron schedule missed {"job":"sales_clean_quotes","delay_sec":180} []
[2026-06-28 00:47:49] main.INFO: Cache cleaned successfully {"cache_type":"full_page"} []
[2026-06-28 00:47:49] main.INFO: Product page rendered from cache {"cache_hit":true} []
[2026-06-28 00:47:49] main.INFO: Order placed successfully {"payment_method":"checkmo"} []
[2026-06-28 00:47:49] main.INFO: Product page rendered from cache {"cache_hit":true} []
[2026-06-28 00:47:49] main.INFO: Product page rendered from cache {"cache_hit":true} []
[2026-06-28 00:47:49] main.WARNING: Cron schedule missed {"job":"sales_clean_quotes","delay_sec":180} []
[2026-06-28 00:47:49] main.WARNING: Cron schedule missed {"job":"sales_clean_quotes","delay_sec":180} []
[2026-06-28 00:47:49] main.NOTICE: Cron job completed {"job":"catalog_product_index_price_reindex_all"} []
[2026-06-28 00:47:49] main.INFO: Cache cleaned successfully {"cache_type":"full_page"} []
[2026-06-28 00:47:49] main.WARNING: Cron schedule missed {"job":"sales_clean_quotes","delay_sec":180} []
[2026-06-28 00:47:49] main.WARNING: Cron schedule missed {"job":"sales_clean_quotes","delay_sec":180} []
[2026-06-28 00:47:49] main.WARNING: Cache backend response slow {"duration_ms":420,"cache_type":"full_page"} []
[2026-06-28 00:47:49] main.WARNING: Cron schedule missed {"job":"sales_clean_quotes","delay_sec":180} []
[2026-06-28 00:47:49] main.WARNING: Cache backend response slow {"duration_ms":420,"cache_type":"full_page"} []
[2026-06-28 00:47:49] main.INFO: Product page rendered from cache {"cache_hit":true} []
[2026-06-28 00:47:49] main.INFO: Order placed successfully {"payment_method":"checkmo"} []
[2026-06-28 00:47:49] main.INFO: Cache cleaned successfully {"cache_type":"full_page"} []
[2026-06-28 00:47:49] main.INFO: Cache cleaned successfully {"cache_type":"full_page"} []
[2026-06-28 00:47:51] main.INFO: Cache cleaned successfully {"cache_type":"full_page"} []
[2026-06-28 00:47:51] main.INFO: Customer login successful {"area":"frontend"} []
[2026-06-28 00:47:51] main.NOTICE: Cron job completed {"job":"catalog_product_index_price_reindex_all"} []
[2026-06-28 00:47:51] main.WARNING: Cache backend response slow {"duration_ms":420,"cache_type":"full_page"} []
[2026-06-28 00:47:51] main.WARNING: Cron schedule missed {"job":"sales_clean_quotes","delay_sec":180} []
[2026-06-28 00:47:51] main.INFO: Order placed successfully {"payment_method":"checkmo"} []
[2026-06-28 00:47:51] main.INFO: Product page rendered from cache {"cache_hit":true} []
[2026-06-28 00:47:51] main.INFO: Customer login successful {"area":"frontend"} []
[2026-06-28 00:47:51] main.WARNING: Redis connection pool near capacity {"used":85,"max":100} []
[2026-06-28 00:47:51] main.INFO: Order placed successfully {"payment_method":"checkmo"} []
[2026-06-28 00:47:51] main.WARNING: Redis connection pool near capacity {"used":85,"max":100} []
[2026-06-28 00:47:51] main.INFO: Cache cleaned successfully {"cache_type":"full_page"} []
[2026-06-28 00:47:51] main.INFO: Order placed successfully {"payment_method":"checkmo"} []
[2026-06-28 00:47:51] main.INFO: Cache cleaned successfully {"cache_type":"full_page"} []
[2026-06-28 00:47:51] main.WARNING: Cache backend response slow {"duration_ms":420,"cache_type":"full_page"} []
[2026-06-28 00:47:51] main.WARNING: Cron schedule missed {"job":"sales_clean_quotes","delay_sec":180} []
[2026-06-28 00:47:51] main.INFO: Customer login successful {"area":"frontend"} []
[2026-06-28 00:47:51] main.WARNING: Cache backend response slow {"duration_ms":420,"cache_type":"full_page"} []
[2026-06-28 00:47:51] main.WARNING: Redis connection pool near capacity {"used":85,"max":100} []
[2026-06-28 00:47:51] main.INFO: Product page rendered from cache {"cache_hit":true} []
[2026-06-28 00:47:53] main.INFO: Customer login successful {"area":"frontend"} []
[2026-06-28 00:47:53] main.INFO: Order placed successfully {"payment_method":"checkmo"} []
[2026-06-28 00:47:53] main.WARNING: Cache backend response slow {"duration_ms":420,"cache_type":"full_page"} []
[2026-06-28 00:47:53] main.WARNING: Cron schedule missed {"job":"sales_clean_quotes","delay_sec":180} []
[2026-06-28 00:47:53] main.WARNING: Cache backend response slow {"duration_ms":420,"cache_type":"full_page"} []
[2026-06-28 00:47:53] main.INFO: Customer login successful {"area":"frontend"} []
[2026-06-28 00:47:53] main.INFO: Order placed successfully {"payment_method":"checkmo"} []
[2026-06-28 00:47:54] main.WARNING: Cache backend response slow {"duration_ms":420,"cache_type":"full_page"} []
[2026-06-28 00:47:54] main.WARNING: Cache backend response slow {"duration_ms":420,"cache_type":"full_page"} []
[2026-06-28 00:47:54] main.WARNING: Cache backend response slow {"duration_ms":420,"cache_type":"full_page"} []
[2026-06-28 00:47:54] main.WARNING: Redis connection pool near capacity {"used":85,"max":100} []
[2026-06-28 00:47:54] main.NOTICE: Cron job completed {"job":"catalog_product_index_price_reindex_all"} []
[2026-06-28 00:47:54] main.WARNING: Cron schedule missed {"job":"sales_clean_quotes","delay_sec":180} []
[2026-06-28 00:47:54] main.WARNING: Cache backend response slow {"duration_ms":420,"cache_type":"full_page"} []
[2026-06-28 00:47:54] main.INFO: Order placed successfully {"payment_method":"checkmo"} []
[2026-06-28 00:47:54] main.WARNING: Cron schedule missed {"job":"sales_clean_quotes","delay_sec":180} []
[2026-06-28 00:47:54] main.INFO: Cache cleaned successfully {"cache_type":"full_page"} []
[2026-06-28 00:47:54] main.WARNING: Cron schedule missed {"job":"sales_clean_quotes","delay_sec":180} []
[2026-06-28 00:47:54] main.INFO: Product page rendered from cache {"cache_hit":true} []
[2026-06-28 00:47:54] main.INFO: Product page rendered from cache {"cache_hit":true} []
[2026-06-28 00:47:56] main.INFO: Product page rendered from cache {"cache_hit":true} []
[2026-06-28 00:47:56] main.NOTICE: Cron job completed {"job":"catalog_product_index_price_reindex_all"} []
[2026-06-28 00:47:56] main.WARNING: Cron schedule missed {"job":"sales_clean_quotes","delay_sec":180} []
[2026-06-28 00:47:56] main.WARNING: Cron schedule missed {"job":"sales_clean_quotes","delay_sec":180} []
[2026-06-28 00:47:56] main.INFO: Cache cleaned successfully {"cache_type":"full_page"} []
[2026-06-28 00:47:56] main.INFO: Order placed successfully {"payment_method":"checkmo"} []
[2026-06-28 00:47:56] main.INFO: Cache cleaned successfully {"cache_type":"full_page"} []
[2026-06-28 00:47:56] main.NOTICE: Cron job completed {"job":"catalog_product_index_price_reindex_all"} []
[2026-06-28 00:47:56] main.INFO: Order placed successfully {"payment_method":"checkmo"} []
[2026-06-28 00:47:56] main.WARNING: Cache backend response slow {"duration_ms":420,"cache_type":"full_page"} []
[2026-06-28 00:47:56] main.WARNING: Redis connection pool near capacity {"used":85,"max":100} []
[2026-06-28 00:47:56] main.WARNING: Cache backend response slow {"duration_ms":420,"cache_type":"full_page"} []
[2026-06-28 00:47:56] main.WARNING: Cache backend response slow {"duration_ms":420,"cache_type":"full_page"} []
[2026-06-28 00:47:56] main.WARNING: Cache backend response slow {"duration_ms":420,"cache_type":"full_page"} []
[2026-06-28 00:47:56] main.INFO: Product page rendered from cache {"cache_hit":true} []
[2026-06-28 00:47:56] main.INFO: Customer login successful {"area":"frontend"} []
[2026-06-28 00:47:56] main.NOTICE: Cron job completed {"job":"catalog_product_index_price_reindex_all"} []
[2026-06-28 00:47:56] main.WARNING: Cron schedule missed {"job":"sales_clean_quotes","delay_sec":180} []
[2026-06-28 00:47:56] main.INFO: Cache cleaned successfully {"cache_type":"full_page"} []
[2026-06-28 00:47:56] main.WARNING: Cache backend response slow {"duration_ms":420,"cache_type":"full_page"} []
[2026-06-28 00:47:58] main.NOTICE: Cron job completed {"job":"catalog_product_index_price_reindex_all"} []
[2026-06-28 00:47:58] main.WARNING: Cron schedule missed {"job":"sales_clean_quotes","delay_sec":180} []
[2026-06-28 00:47:58] main.WARNING: Redis connection pool near capacity {"used":85,"max":100} []
[2026-06-28 00:47:58] main.INFO: Customer login successful {"area":"frontend"} []
[2026-06-28 00:47:58] main.WARNING: Cron schedule missed {"job":"sales_clean_quotes","delay_sec":180} []
[2026-06-28 00:47:58] main.INFO: Order placed successfully {"payment_method":"checkmo"} []
[2026-06-28 00:47:58] main.INFO: Product page rendered from cache {"cache_hit":true} []
[2026-06-28 00:47:58] main.WARNING: Redis connection pool near capacity {"used":85,"max":100} []
[2026-06-28 00:47:58] main.INFO: Order placed successfully {"payment_method":"checkmo"} []
[2026-06-28 00:47:58] main.INFO: Customer login successful {"area":"frontend"} []
[2026-06-28 00:47:58] main.WARNING: Cron schedule missed {"job":"sales_clean_quotes","delay_sec":180} []
[2026-06-28 00:47:58] main.INFO: Product page rendered from cache {"cache_hit":true} []
[2026-06-28 00:47:58] main.WARNING: Cache backend response slow {"duration_ms":420,"cache_type":"full_page"} []
[2026-06-28 00:47:58] main.WARNING: Redis connection pool near capacity {"used":85,"max":100} []
[2026-06-28 00:47:58] main.NOTICE: Cron job completed {"job":"catalog_product_index_price_reindex_all"} []
[2026-06-28 00:47:58] main.NOTICE: Cron job completed {"job":"catalog_product_index_price_reindex_all"} []
[2026-06-28 00:47:58] main.WARNING: Redis connection pool near capacity {"used":85,"max":100} []
[2026-06-28 00:47:58] main.INFO: Order placed successfully {"payment_method":"checkmo"} []
[2026-06-28 00:47:58] main.INFO: Order placed successfully {"payment_method":"checkmo"} []
[2026-06-28 00:47:59] main.WARNING: Cron schedule missed {"job":"sales_clean_quotes","delay_sec":180} []
[2026-06-28 00:48:01] main.WARNING: Redis connection pool near capacity {"used":85,"max":100} []
[2026-06-28 00:48:01] main.WARNING: Cache backend response slow {"duration_ms":420,"cache_type":"full_page"} []
[2026-06-28 00:48:01] main.NOTICE: Cron job completed {"job":"catalog_product_index_price_reindex_all"} []
[2026-06-28 00:48:01] main.WARNING: Redis connection pool near capacity {"used":85,"max":100} []
[2026-06-28 00:48:01] main.WARNING: Redis connection pool near capacity {"used":85,"max":100} []
[2026-06-28 00:48:01] main.WARNING: Cron schedule missed {"job":"sales_clean_quotes","delay_sec":180} []
[2026-06-28 00:48:01] main.INFO: Cache cleaned successfully {"cache_type":"full_page"} []
[2026-06-28 00:48:01] main.WARNING: Cache backend response slow {"duration_ms":420,"cache_type":"full_page"} []
[2026-06-28 00:48:01] main.WARNING: Cron schedule missed {"job":"sales_clean_quotes","delay_sec":180} []
[2026-06-28 00:48:01] main.WARNING: Cron schedule missed {"job":"sales_clean_quotes","delay_sec":180} []
[2026-06-28 00:48:01] main.WARNING: Cron schedule missed {"job":"sales_clean_quotes","delay_sec":180} []
[2026-06-28 00:48:01] main.WARNING: Redis connection pool near capacity {"used":85,"max":100} []
[2026-06-28 00:48:01] main.WARNING: Cron schedule missed {"job":"sales_clean_quotes","delay_sec":180} []
[2026-06-28 00:48:01] main.INFO: Product page rendered from cache {"cache_hit":true} []
[2026-06-28 00:48:01] main.WARNING: Redis connection pool near capacity {"used":85,"max":100} []
[2026-06-28 00:48:01] main.INFO: Product page rendered from cache {"cache_hit":true} []
[2026-06-28 00:48:01] main.NOTICE: Cron job completed {"job":"catalog_product_index_price_reindex_all"} []
[2026-06-28 00:48:01] main.INFO: Cache cleaned successfully {"cache_type":"full_page"} []
[2026-06-28 00:48:01] main.INFO: Product page rendered from cache {"cache_hit":true} []
[2026-06-28 00:48:01] main.WARNING: Cache backend response slow {"duration_ms":420,"cache_type":"full_page"} []
[2026-06-28 00:48:03] main.WARNING: Redis connection pool near capacity {"used":85,"max":100} []
[2026-06-28 00:48:03] main.WARNING: Redis connection pool near capacity {"used":85,"max":100} []
[2026-06-28 00:48:03] main.INFO: Order placed successfully {"payment_method":"checkmo"} []
[2026-06-28 00:48:03] main.WARNING: Cron schedule missed {"job":"sales_clean_quotes","delay_sec":180} []
[2026-06-28 00:48:03] main.NOTICE: Cron job completed {"job":"catalog_product_index_price_reindex_all"} []
[2026-06-28 00:48:03] main.NOTICE: Cron job completed {"job":"catalog_product_index_price_reindex_all"} []
[2026-06-28 00:48:03] main.INFO: Order placed successfully {"payment_method":"checkmo"} []
[2026-06-28 00:48:03] main.INFO: Order placed successfully {"payment_method":"checkmo"} []
[2026-06-28 00:48:03] main.WARNING: Cron schedule missed {"job":"sales_clean_quotes","delay_sec":180} []
[2026-06-28 00:48:03] main.INFO: Cache cleaned successfully {"cache_type":"full_page"} []
[2026-06-28 00:48:03] main.INFO: Customer login successful {"area":"frontend"} []
[2026-06-28 00:48:03] main.WARNING: Cache backend response slow {"duration_ms":420,"cache_type":"full_page"} []
[2026-06-28 00:48:03] main.WARNING: Cron schedule missed {"job":"sales_clean_quotes","delay_sec":180} []
[2026-06-28 00:48:03] main.WARNING: Redis connection pool near capacity {"used":85,"max":100} []
[2026-06-28 00:48:03] main.INFO: Order placed successfully {"payment_method":"checkmo"} []
[2026-06-28 00:48:03] main.WARNING: Redis connection pool near capacity {"used":85,"max":100} []
[2026-06-28 00:48:03] main.WARNING: Cache backend response slow {"duration_ms":420,"cache_type":"full_page"} []
[2026-06-28 00:48:03] main.INFO: Product page rendered from cache {"cache_hit":true} []
[2026-06-28 00:48:03] main.INFO: Product page rendered from cache {"cache_hit":true} []
[2026-06-28 00:48:03] main.WARNING: Cache backend response slow {"duration_ms":420,"cache_type":"full_page"} []
[2026-06-28 00:48:05] main.INFO: Product page rendered from cache {"cache_hit":true} []
[2026-06-28 00:48:05] main.INFO: Cache cleaned successfully {"cache_type":"full_page"} []
[2026-06-28 00:48:05] main.WARNING: Cron schedule missed {"job":"sales_clean_quotes","delay_sec":180} []
[2026-06-28 00:48:05] main.NOTICE: Cron job completed {"job":"catalog_product_index_price_reindex_all"} []
[2026-06-28 00:48:05] main.WARNING: Redis connection pool near capacity {"used":85,"max":100} []
[2026-06-28 00:48:05] main.WARNING: Redis connection pool near capacity {"used":85,"max":100} []
[2026-06-28 00:48:05] main.NOTICE: Cron job completed {"job":"catalog_product_index_price_reindex_all"} []
[2026-06-28 00:48:05] main.INFO: Product page rendered from cache {"cache_hit":true} []
[2026-06-28 00:48:05] main.WARNING: Redis connection pool near capacity {"used":85,"max":100} []
[2026-06-28 00:48:05] main.NOTICE: Cron job completed {"job":"catalog_product_index_price_reindex_all"} []
[2026-06-28 00:48:05] main.WARNING: Cache backend response slow {"duration_ms":420,"cache_type":"full_page"} []
[2026-06-28 00:48:05] main.NOTICE: Cron job completed {"job":"catalog_product_index_price_reindex_all"} []
[2026-06-28 00:48:05] main.WARNING: Redis connection pool near capacity {"used":85,"max":100} []
[2026-06-28 00:48:06] main.WARNING: Redis connection pool near capacity {"used":85,"max":100} []
[2026-06-28 00:48:06] main.WARNING: Redis connection pool near capacity {"used":85,"max":100} []
[2026-06-28 00:48:06] main.NOTICE: Cron job completed {"job":"catalog_product_index_price_reindex_all"} []
[2026-06-28 00:48:06] main.WARNING: Redis connection pool near capacity {"used":85,"max":100} []
[2026-06-28 00:48:06] main.INFO: Cache cleaned successfully {"cache_type":"full_page"} []
[2026-06-28 00:48:06] main.WARNING: Cron schedule missed {"job":"sales_clean_quotes","delay_sec":180} []
[2026-06-28 00:48:06] main.WARNING: Redis connection pool near capacity {"used":85,"max":100} []
[2026-06-28 00:48:08] main.INFO: Order placed successfully {"payment_method":"checkmo"} []
[2026-06-28 00:48:08] main.INFO: Cache cleaned successfully {"cache_type":"full_page"} []
[2026-06-28 00:48:08] main.INFO: Cache cleaned successfully {"cache_type":"full_page"} []
[2026-06-28 00:48:08] main.INFO: Cache cleaned successfully {"cache_type":"full_page"} []
[2026-06-28 00:48:08] main.INFO: Customer login successful {"area":"frontend"} []
[2026-06-28 00:48:08] main.NOTICE: Cron job completed {"job":"catalog_product_index_price_reindex_all"} []
[2026-06-28 00:48:08] main.WARNING: Redis connection pool near capacity {"used":85,"max":100} []
[2026-06-28 00:48:08] main.INFO: Customer login successful {"area":"frontend"} []
[2026-06-28 00:48:08] main.WARNING: Cron schedule missed {"job":"sales_clean_quotes","delay_sec":180} []
[2026-06-28 00:48:08] main.WARNING: Cron schedule missed {"job":"sales_clean_quotes","delay_sec":180} []
[2026-06-28 00:48:08] main.INFO: Cache cleaned successfully {"cache_type":"full_page"} []
[2026-06-28 00:48:08] main.WARNING: Cron schedule missed {"job":"sales_clean_quotes","delay_sec":180} []
[2026-06-28 00:48:08] main.WARNING: Cache backend response slow {"duration_ms":420,"cache_type":"full_page"} []
[2026-06-28 00:48:08] main.WARNING: Redis connection pool near capacity {"used":85,"max":100} []
[2026-06-28 00:48:08] main.WARNING: Cache backend response slow {"duration_ms":420,"cache_type":"full_page"} []
[2026-06-28 00:48:08] main.INFO: Product page rendered from cache {"cache_hit":true} []
[2026-06-28 00:48:08] main.WARNING: Cron schedule missed {"job":"sales_clean_quotes","delay_sec":180} []
[2026-06-28 00:48:08] main.INFO: Customer login successful {"area":"frontend"} []
[2026-06-28 00:48:08] main.INFO: Order placed successfully {"payment_method":"checkmo"} []
[2026-06-28 00:48:08] main.WARNING: Redis connection pool near capacity {"used":85,"max":100} []
[2026-06-28 00:48:10] main.WARNING: Cache backend response slow {"duration_ms":420,"cache_type":"full_page"} []
[2026-06-28 00:48:10] main.WARNING: Redis connection pool near capacity {"used":85,"max":100} []
[2026-06-28 00:48:10] main.INFO: Customer login successful {"area":"frontend"} []
[2026-06-28 00:48:10] main.WARNING: Cron schedule missed {"job":"sales_clean_quotes","delay_sec":180} []
[2026-06-28 00:48:10] main.WARNING: Cron schedule missed {"job":"sales_clean_quotes","delay_sec":180} []
[2026-06-28 00:48:10] main.WARNING: Cron schedule missed {"job":"sales_clean_quotes","delay_sec":180} []
[2026-06-28 00:48:10] main.INFO: Cache cleaned successfully {"cache_type":"full_page"} []
[2026-06-28 00:48:10] main.INFO: Order placed successfully {"payment_method":"checkmo"} []
[2026-06-28 00:48:10] main.WARNING: Cron schedule missed {"job":"sales_clean_quotes","delay_sec":180} []
[2026-06-28 00:48:10] main.WARNING: Cache backend response slow {"duration_ms":420,"cache_type":"full_page"} []
[2026-06-28 00:48:10] main.INFO: Order placed successfully {"payment_method":"checkmo"} []
[2026-06-28 00:48:10] main.INFO: Order placed successfully {"payment_method":"checkmo"} []
[2026-06-28 00:48:10] main.WARNING: Redis connection pool near capacity {"used":85,"max":100} []
[2026-06-28 00:48:10] main.WARNING: Redis connection pool near capacity {"used":85,"max":100} []
[2026-06-28 00:48:10] main.INFO: Cache cleaned successfully {"cache_type":"full_page"} []
[2026-06-28 00:48:11] main.INFO: Cache cleaned successfully {"cache_type":"full_page"} []
[2026-06-28 00:48:11] main.INFO: Customer login successful {"area":"frontend"} []
[2026-06-28 00:48:11] main.WARNING: Cache backend response slow {"duration_ms":420,"cache_type":"full_page"} []
[2026-06-28 00:48:11] main.NOTICE: Cron job completed {"job":"catalog_product_index_price_reindex_all"} []
[2026-06-28 00:48:11] main.INFO: Cache cleaned successfully {"cache_type":"full_page"} []
[2026-06-28 00:48:13] main.WARNING: Cache backend response slow {"duration_ms":420,"cache_type":"full_page"} []
[2026-06-28 00:48:13] main.WARNING: Cron schedule missed {"job":"sales_clean_quotes","delay_sec":180} []
[2026-06-28 00:48:13] main.INFO: Cache cleaned successfully {"cache_type":"full_page"} []
[2026-06-28 00:48:13] main.WARNING: Cron schedule missed {"job":"sales_clean_quotes","delay_sec":180} []
[2026-06-28 00:48:13] main.INFO: Order placed successfully {"payment_method":"checkmo"} []
[2026-06-28 00:48:13] main.WARNING: Redis connection pool near capacity {"used":85,"max":100} []
[2026-06-28 00:48:13] main.WARNING: Cache backend response slow {"duration_ms":420,"cache_type":"full_page"} []
[2026-06-28 00:48:13] main.INFO: Order placed successfully {"payment_method":"checkmo"} []
[2026-06-28 00:48:13] main.WARNING: Redis connection pool near capacity {"used":85,"max":100} []
[2026-06-28 00:48:13] main.WARNING: Cache backend response slow {"duration_ms":420,"cache_type":"full_page"} []
[2026-06-28 00:48:13] main.WARNING: Redis connection pool near capacity {"used":85,"max":100} []
[2026-06-28 00:48:13] main.INFO: Customer login successful {"area":"frontend"} []
[2026-06-28 00:48:13] main.INFO: Cache cleaned successfully {"cache_type":"full_page"} []
[2026-06-28 00:48:13] main.INFO: Customer login successful {"area":"frontend"} []
[2026-06-28 00:48:13] main.WARNING: Cache backend response slow {"duration_ms":420,"cache_type":"full_page"} []
[2026-06-28 00:48:13] main.WARNING: Cache backend response slow {"duration_ms":420,"cache_type":"full_page"} []
[2026-06-28 00:48:13] main.WARNING: Redis connection pool near capacity {"used":85,"max":100} []
[2026-06-28 00:48:13] main.INFO: Order placed successfully {"payment_method":"checkmo"} []
[2026-06-28 00:48:13] main.WARNING: Cache backend response slow {"duration_ms":420,"cache_type":"full_page"} []
[2026-06-28 00:48:13] main.NOTICE: Cron job completed {"job":"catalog_product_index_price_reindex_all"} []
[2026-06-28 00:48:15] main.WARNING: Cron schedule missed {"job":"sales_clean_quotes","delay_sec":180} []
[2026-06-28 00:48:15] main.INFO: Cache cleaned successfully {"cache_type":"full_page"} []
[2026-06-28 00:48:15] main.WARNING: Cache backend response slow {"duration_ms":420,"cache_type":"full_page"} []
[2026-06-28 00:48:15] main.INFO: Cache cleaned successfully {"cache_type":"full_page"} []
[2026-06-28 00:48:15] main.NOTICE: Cron job completed {"job":"catalog_product_index_price_reindex_all"} []
[2026-06-28 00:48:15] main.WARNING: Redis connection pool near capacity {"used":85,"max":100} []
[2026-06-28 00:48:15] main.INFO: Customer login successful {"area":"frontend"} []
[2026-06-28 00:48:15] main.INFO: Order placed successfully {"payment_method":"checkmo"} []
[2026-06-28 00:48:15] main.INFO: Customer login successful {"area":"frontend"} []
[2026-06-28 00:48:15] main.WARNING: Redis connection pool near capacity {"used":85,"max":100} []
[2026-06-28 00:48:15] main.NOTICE: Cron job completed {"job":"catalog_product_index_price_reindex_all"} []
[2026-06-28 00:48:15] main.NOTICE: Cron job completed {"job":"catalog_product_index_price_reindex_all"} []
[2026-06-28 00:48:15] main.WARNING: Cron schedule missed {"job":"sales_clean_quotes","delay_sec":180} []
[2026-06-28 00:48:15] main.INFO: Order placed successfully {"payment_method":"checkmo"} []
[2026-06-28 00:48:15] main.WARNING: Cron schedule missed {"job":"sales_clean_quotes","delay_sec":180} []
[2026-06-28 00:48:15] main.INFO: Customer login successful {"area":"frontend"} []
[2026-06-28 00:48:15] main.INFO: Customer login successful {"area":"frontend"} []
[2026-06-28 00:48:15] main.NOTICE: Cron job completed {"job":"catalog_product_index_price_reindex_all"} []
[2026-06-28 00:48:16] main.WARNING: Redis connection pool near capacity {"used":85,"max":100} []
[2026-06-28 00:48:16] main.WARNING: Redis connection pool near capacity {"used":85,"max":100} []
[2026-06-28 00:48:18] main.NOTICE: Cron job completed {"job":"catalog_product_index_price_reindex_all"} []
[2026-06-28 00:48:18] main.NOTICE: Cron job completed {"job":"catalog_product_index_price_reindex_all"} []
[2026-06-28 00:48:18] main.WARNING: Cron schedule missed {"job":"sales_clean_quotes","delay_sec":180} []
[2026-06-28 00:48:18] main.WARNING: Redis connection pool near capacity {"used":85,"max":100} []
[2026-06-28 00:48:18] main.INFO: Order placed successfully {"payment_method":"checkmo"} []
[2026-06-28 00:48:18] main.NOTICE: Cron job completed {"job":"catalog_product_index_price_reindex_all"} []
[2026-06-28 00:48:18] main.INFO: Order placed successfully {"payment_method":"checkmo"} []
[2026-06-28 00:48:18] main.INFO: Cache cleaned successfully {"cache_type":"full_page"} []
[2026-06-28 00:48:18] main.WARNING: Redis connection pool near capacity {"used":85,"max":100} []
[2026-06-28 00:48:18] main.WARNING: Cron schedule missed {"job":"sales_clean_quotes","delay_sec":180} []
[2026-06-28 00:48:18] main.NOTICE: Cron job completed {"job":"catalog_product_index_price_reindex_all"} []
[2026-06-28 00:48:18] main.INFO: Product page rendered from cache {"cache_hit":true} []
[2026-06-28 00:48:18] main.WARNING: Cron schedule missed {"job":"sales_clean_quotes","delay_sec":180} []
[2026-06-28 00:48:18] main.INFO: Customer login successful {"area":"frontend"} []
[2026-06-28 00:48:18] main.INFO: Order placed successfully {"payment_method":"checkmo"} []
[2026-06-28 00:48:18] main.INFO: Customer login successful {"area":"frontend"} []
[2026-06-28 00:48:18] main.INFO: Customer login successful {"area":"frontend"} []
[2026-06-28 00:48:18] main.INFO: Customer login successful {"area":"frontend"} []
[2026-06-28 00:48:18] main.INFO: Product page rendered from cache {"cache_hit":true} []
[2026-06-28 00:48:18] main.WARNING: Cache backend response slow {"duration_ms":420,"cache_type":"full_page"} []
[2026-06-28 00:48:20] main.WARNING: Cron schedule missed {"job":"sales_clean_quotes","delay_sec":180} []
[2026-06-28 00:48:20] main.WARNING: Cache backend response slow {"duration_ms":420,"cache_type":"full_page"} []
[2026-06-28 00:48:20] main.INFO: Cache cleaned successfully {"cache_type":"full_page"} []
[2026-06-28 00:48:20] main.WARNING: Cache backend response slow {"duration_ms":420,"cache_type":"full_page"} []
[2026-06-28 00:48:20] main.WARNING: Redis connection pool near capacity {"used":85,"max":100} []
[2026-06-28 00:48:20] main.WARNING: Cache backend response slow {"duration_ms":420,"cache_type":"full_page"} []
[2026-06-28 00:48:20] main.WARNING: Cron schedule missed {"job":"sales_clean_quotes","delay_sec":180} []
[2026-06-28 00:48:20] main.INFO: Product page rendered from cache {"cache_hit":true} []
[2026-06-28 00:48:20] main.WARNING: Cache backend response slow {"duration_ms":420,"cache_type":"full_page"} []
[2026-06-28 00:48:20] main.INFO: Order placed successfully {"payment_method":"checkmo"} []
[2026-06-28 00:48:20] main.INFO: Product page rendered from cache {"cache_hit":true} []
[2026-06-28 00:48:20] main.WARNING: Redis connection pool near capacity {"used":85,"max":100} []
[2026-06-28 00:48:20] main.INFO: Customer login successful {"area":"frontend"} []
[2026-06-28 00:48:20] main.INFO: Customer login successful {"area":"frontend"} []
[2026-06-28 00:48:20] main.INFO: Order placed successfully {"payment_method":"checkmo"} []
[2026-06-28 00:48:20] main.INFO: Customer login successful {"area":"frontend"} []
[2026-06-28 00:48:20] main.WARNING: Cron schedule missed {"job":"sales_clean_quotes","delay_sec":180} []
[2026-06-28 00:48:20] main.WARNING: Cron schedule missed {"job":"sales_clean_quotes","delay_sec":180} []
[2026-06-28 00:48:20] main.NOTICE: Cron job completed {"job":"catalog_product_index_price_reindex_all"} []
[2026-06-28 00:48:20] main.INFO: Customer login successful {"area":"frontend"} []
[2026-06-28 00:48:22] main.INFO: Order placed successfully {"payment_method":"checkmo"} []
[2026-06-28 00:48:23] main.WARNING: Cache backend response slow {"duration_ms":420,"cache_type":"full_page"} []
[2026-06-28 00:48:23] main.INFO: Order placed successfully {"payment_method":"checkmo"} []
[2026-06-28 00:48:23] main.NOTICE: Cron job completed {"job":"catalog_product_index_price_reindex_all"} []
[2026-06-28 00:48:23] main.WARNING: Cron schedule missed {"job":"sales_clean_quotes","delay_sec":180} []
[2026-06-28 00:48:23] main.WARNING: Cron schedule missed {"job":"sales_clean_quotes","delay_sec":180} []
[2026-06-28 00:48:23] main.INFO: Cache cleaned successfully {"cache_type":"full_page"} []
[2026-06-28 00:48:23] main.INFO: Product page rendered from cache {"cache_hit":true} []
[2026-06-28 00:48:23] main.WARNING: Redis connection pool near capacity {"used":85,"max":100} []
[2026-06-28 00:48:23] main.WARNING: Cron schedule missed {"job":"sales_clean_quotes","delay_sec":180} []
[2026-06-28 00:48:23] main.INFO: Customer login successful {"area":"frontend"} []
[2026-06-28 00:48:23] main.INFO: Customer login successful {"area":"frontend"} []
[2026-06-28 00:48:23] main.INFO: Customer login successful {"area":"frontend"} []
[2026-06-28 00:48:23] main.WARNING: Redis connection pool near capacity {"used":85,"max":100} []
[2026-06-28 00:48:23] main.INFO: Cache cleaned successfully {"cache_type":"full_page"} []
[2026-06-28 00:48:23] main.INFO: Cache cleaned successfully {"cache_type":"full_page"} []
[2026-06-28 00:48:23] main.INFO: Customer login successful {"area":"frontend"} []
[2026-06-28 00:48:23] main.INFO: Cache cleaned successfully {"cache_type":"full_page"} []
[2026-06-28 00:48:23] main.INFO: Cache cleaned successfully {"cache_type":"full_page"} []
[2026-06-28 00:48:23] main.INFO: Customer login successful {"area":"frontend"} []
[2026-06-28 00:48:25] main.WARNING: Redis connection pool near capacity {"used":85,"max":100} []
[2026-06-28 00:48:25] main.INFO: Product page rendered from cache {"cache_hit":true} []
[2026-06-28 00:48:25] main.INFO: Customer login successful {"area":"frontend"} []
[2026-06-28 00:48:25] main.WARNING: Cron schedule missed {"job":"sales_clean_quotes","delay_sec":180} []
[2026-06-28 00:48:25] main.WARNING: Cron schedule missed {"job":"sales_clean_quotes","delay_sec":180} []
[2026-06-28 00:48:25] main.WARNING: Cache backend response slow {"duration_ms":420,"cache_type":"full_page"} []
[2026-06-28 00:48:25] main.WARNING: Cron schedule missed {"job":"sales_clean_quotes","delay_sec":180} []
[2026-06-28 00:48:25] main.WARNING: Redis connection pool near capacity {"used":85,"max":100} []
[2026-06-28 00:48:25] main.WARNING: Cron schedule missed {"job":"sales_clean_quotes","delay_sec":180} []
[2026-06-28 00:48:25] main.NOTICE: Cron job completed {"job":"catalog_product_index_price_reindex_all"} []
[2026-06-28 00:48:25] main.WARNING: Redis connection pool near capacity {"used":85,"max":100} []
[2026-06-28 00:48:25] main.INFO: Customer login successful {"area":"frontend"} []
[2026-06-28 00:48:25] main.WARNING: Cache backend response slow {"duration_ms":420,"cache_type":"full_page"} []
[2026-06-28 00:48:25] main.INFO: Customer login successful {"area":"frontend"} []
[2026-06-28 00:48:25] main.NOTICE: Cron job completed {"job":"catalog_product_index_price_reindex_all"} []
[2026-06-28 00:48:25] main.INFO: Cache cleaned successfully {"cache_type":"full_page"} []
[2026-06-28 00:48:25] main.WARNING: Redis connection pool near capacity {"used":85,"max":100} []
[2026-06-28 00:48:25] main.WARNING: Cron schedule missed {"job":"sales_clean_quotes","delay_sec":180} []
[2026-06-28 00:48:25] main.WARNING: Redis connection pool near capacity {"used":85,"max":100} []
[2026-06-28 00:48:25] main.INFO: Cache cleaned successfully {"cache_type":"full_page"} []
[2026-06-28 00:48:27] main.WARNING: Cron schedule missed {"job":"sales_clean_quotes","delay_sec":180} []
[2026-06-28 00:48:27] main.INFO: Product page rendered from cache {"cache_hit":true} []
[2026-06-28 00:48:27] main.WARNING: Redis connection pool near capacity {"used":85,"max":100} []
[2026-06-28 00:48:27] main.NOTICE: Cron job completed {"job":"catalog_product_index_price_reindex_all"} []
[2026-06-28 00:48:27] main.WARNING: Cron schedule missed {"job":"sales_clean_quotes","delay_sec":180} []
[2026-06-28 00:48:28] main.WARNING: Redis connection pool near capacity {"used":85,"max":100} []
[2026-06-28 00:48:28] main.INFO: Cache cleaned successfully {"cache_type":"full_page"} []
[2026-06-28 00:48:28] main.WARNING: Cache backend response slow {"duration_ms":420,"cache_type":"full_page"} []
[2026-06-28 00:48:28] main.INFO: Product page rendered from cache {"cache_hit":true} []
[2026-06-28 00:48:28] main.INFO: Order placed successfully {"payment_method":"checkmo"} []
[2026-06-28 00:48:28] main.WARNING: Cache backend response slow {"duration_ms":420,"cache_type":"full_page"} []
[2026-06-28 00:48:28] main.WARNING: Cron schedule missed {"job":"sales_clean_quotes","delay_sec":180} []
[2026-06-28 00:48:28] main.WARNING: Cron schedule missed {"job":"sales_clean_quotes","delay_sec":180} []
[2026-06-28 00:48:28] main.INFO: Cache cleaned successfully {"cache_type":"full_page"} []
[2026-06-28 00:48:28] main.WARNING: Redis connection pool near capacity {"used":85,"max":100} []
[2026-06-28 00:48:28] main.WARNING: Cache backend response slow {"duration_ms":420,"cache_type":"full_page"} []
[2026-06-28 00:48:28] main.WARNING: Cron schedule missed {"job":"sales_clean_quotes","delay_sec":180} []
[2026-06-28 00:48:28] main.INFO: Order placed successfully {"payment_method":"checkmo"} []
[2026-06-28 00:48:28] main.WARNING: Cache backend response slow {"duration_ms":420,"cache_type":"full_page"} []
[2026-06-28 00:48:28] main.INFO: Order placed successfully {"payment_method":"checkmo"} []
[2026-06-28 00:48:30] main.INFO: Order placed successfully {"payment_method":"checkmo"} []
[2026-06-28 00:48:30] main.WARNING: Cron schedule missed {"job":"sales_clean_quotes","delay_sec":180} []
[2026-06-28 00:48:30] main.INFO: Cache cleaned successfully {"cache_type":"full_page"} []
[2026-06-28 00:48:30] main.NOTICE: Cron job completed {"job":"catalog_product_index_price_reindex_all"} []
[2026-06-28 00:48:30] main.INFO: Customer login successful {"area":"frontend"} []
[2026-06-28 00:48:30] main.NOTICE: Cron job completed {"job":"catalog_product_index_price_reindex_all"} []
[2026-06-28 00:48:30] main.WARNING: Cron schedule missed {"job":"sales_clean_quotes","delay_sec":180} []
[2026-06-28 00:48:30] main.WARNING: Cache backend response slow {"duration_ms":420,"cache_type":"full_page"} []
[2026-06-28 00:48:30] main.INFO: Cache cleaned successfully {"cache_type":"full_page"} []
[2026-06-28 00:48:30] main.WARNING: Cron schedule missed {"job":"sales_clean_quotes","delay_sec":180} []
[2026-06-28 00:48:30] main.INFO: Cache cleaned successfully {"cache_type":"full_page"} []
[2026-06-28 00:48:30] main.WARNING: Cron schedule missed {"job":"sales_clean_quotes","delay_sec":180} []
[2026-06-28 00:48:30] main.NOTICE: Cron job completed {"job":"catalog_product_index_price_reindex_all"} []
[2026-06-28 00:48:30] main.INFO: Product page rendered from cache {"cache_hit":true} []
[2026-06-28 00:48:30] main.WARNING: Cron schedule missed {"job":"sales_clean_quotes","delay_sec":180} []
[2026-06-28 00:48:30] main.WARNING: Cron schedule missed {"job":"sales_clean_quotes","delay_sec":180} []
[2026-06-28 00:48:30] main.INFO: Customer login successful {"area":"frontend"} []
[2026-06-28 00:48:30] main.INFO: Product page rendered from cache {"cache_hit":true} []
[2026-06-28 00:48:30] main.INFO: Product page rendered from cache {"cache_hit":true} []
[2026-06-28 00:48:30] main.WARNING: Cache backend response slow {"duration_ms":420,"cache_type":"full_page"} []
[2026-06-28 00:48:32] main.WARNING: Redis connection pool near capacity {"used":85,"max":100} []
[2026-06-28 00:48:32] main.WARNING: Cron schedule missed {"job":"sales_clean_quotes","delay_sec":180} []
[2026-06-28 00:48:32] main.INFO: Product page rendered from cache {"cache_hit":true} []
[2026-06-28 00:48:32] main.INFO: Order placed successfully {"payment_method":"checkmo"} []
[2026-06-28 00:48:32] main.WARNING: Cron schedule missed {"job":"sales_clean_quotes","delay_sec":180} []
[2026-06-28 00:48:32] main.WARNING: Redis connection pool near capacity {"used":85,"max":100} []
[2026-06-28 00:48:32] main.INFO: Customer login successful {"area":"frontend"} []
[2026-06-28 00:48:32] main.WARNING: Redis connection pool near capacity {"used":85,"max":100} []
[2026-06-28 00:48:32] main.INFO: Order placed successfully {"payment_method":"checkmo"} []
[2026-06-28 00:48:32] main.NOTICE: Cron job completed {"job":"catalog_product_index_price_reindex_all"} []
[2026-06-28 00:48:32] main.INFO: Customer login successful {"area":"frontend"} []
[2026-06-28 00:48:32] main.WARNING: Cache backend response slow {"duration_ms":420,"cache_type":"full_page"} []
[2026-06-28 00:48:32] main.INFO: Customer login successful {"area":"frontend"} []
[2026-06-28 00:48:32] main.INFO: Product page rendered from cache {"cache_hit":true} []
[2026-06-28 00:48:32] main.WARNING: Redis connection pool near capacity {"used":85,"max":100} []
[2026-06-28 00:48:32] main.WARNING: Redis connection pool near capacity {"used":85,"max":100} []
[2026-06-28 00:48:33] main.INFO: Cache cleaned successfully {"cache_type":"full_page"} []
[2026-06-28 00:48:33] main.INFO: Order placed successfully {"payment_method":"checkmo"} []
[2026-06-28 00:48:33] main.INFO: Customer login successful {"area":"frontend"} []
[2026-06-28 00:48:33] main.INFO: Cache cleaned successfully {"cache_type":"full_page"} []
[2026-06-28 00:48:35] main.WARNING: Cron schedule missed {"job":"sales_clean_quotes","delay_sec":180} []
[2026-06-28 00:48:35] main.WARNING: Cache backend response slow {"duration_ms":420,"cache_type":"full_page"} []
[2026-06-28 00:48:35] main.INFO: Order placed successfully {"payment_method":"checkmo"} []
[2026-06-28 00:48:35] main.INFO: Product page rendered from cache {"cache_hit":true} []
[2026-06-28 00:48:35] main.INFO: Order placed successfully {"payment_method":"checkmo"} []
[2026-06-28 00:48:35] main.NOTICE: Cron job completed {"job":"catalog_product_index_price_reindex_all"} []
[2026-06-28 00:48:35] main.INFO: Product page rendered from cache {"cache_hit":true} []
[2026-06-28 00:48:35] main.INFO: Order placed successfully {"payment_method":"checkmo"} []
[2026-06-28 00:48:35] main.INFO: Cache cleaned successfully {"cache_type":"full_page"} []
[2026-06-28 00:48:35] main.INFO: Product page rendered from cache {"cache_hit":true} []
[2026-06-28 00:48:35] main.NOTICE: Cron job completed {"job":"catalog_product_index_price_reindex_all"} []
[2026-06-28 00:48:35] main.INFO: Cache cleaned successfully {"cache_type":"full_page"} []
[2026-06-28 00:48:35] main.NOTICE: Cron job completed {"job":"catalog_product_index_price_reindex_all"} []
[2026-06-28 00:48:35] main.INFO: Order placed successfully {"payment_method":"checkmo"} []
[2026-06-28 00:48:35] main.WARNING: Cron schedule missed {"job":"sales_clean_quotes","delay_sec":180} []
[2026-06-28 00:48:35] main.WARNING: Cron schedule missed {"job":"sales_clean_quotes","delay_sec":180} []
[2026-06-28 00:48:35] main.WARNING: Cron schedule missed {"job":"sales_clean_quotes","delay_sec":180} []
[2026-06-28 00:48:35] main.INFO: Product page rendered from cache {"cache_hit":true} []
[2026-06-28 00:48:35] main.INFO: Cache cleaned successfully {"cache_type":"full_page"} []
[2026-06-28 00:48:35] main.WARNING: Redis connection pool near capacity {"used":85,"max":100} []
[2026-06-28 00:48:37] main.INFO: Customer login successful {"area":"frontend"} []
[2026-06-28 00:48:37] main.WARNING: Redis connection pool near capacity {"used":85,"max":100} []
[2026-06-28 00:48:37] main.NOTICE: Cron job completed {"job":"catalog_product_index_price_reindex_all"} []
[2026-06-28 00:48:37] main.INFO: Order placed successfully {"payment_method":"checkmo"} []
[2026-06-28 00:48:37] main.WARNING: Cron schedule missed {"job":"sales_clean_quotes","delay_sec":180} []
[2026-06-28 00:48:37] main.WARNING: Redis connection pool near capacity {"used":85,"max":100} []
[2026-06-28 00:48:37] main.WARNING: Cache backend response slow {"duration_ms":420,"cache_type":"full_page"} []
[2026-06-28 00:48:37] main.WARNING: Cache backend response slow {"duration_ms":420,"cache_type":"full_page"} []
[2026-06-28 00:48:37] main.WARNING: Cron schedule missed {"job":"sales_clean_quotes","delay_sec":180} []
[2026-06-28 00:48:37] main.INFO: Customer login successful {"area":"frontend"} []
[2026-06-28 00:48:37] main.WARNING: Cache backend response slow {"duration_ms":420,"cache_type":"full_page"} []
[2026-06-28 00:48:37] main.NOTICE: Cron job completed {"job":"catalog_product_index_price_reindex_all"} []
[2026-06-28 00:48:37] main.INFO: Order placed successfully {"payment_method":"checkmo"} []
[2026-06-28 00:48:37] main.NOTICE: Cron job completed {"job":"catalog_product_index_price_reindex_all"} []
[2026-06-28 00:48:37] main.WARNING: Redis connection pool near capacity {"used":85,"max":100} []
[2026-06-28 00:48:37] main.WARNING: Cache backend response slow {"duration_ms":420,"cache_type":"full_page"} []
[2026-06-28 00:48:37] main.INFO: Customer login successful {"area":"frontend"} []
[2026-06-28 00:48:37] main.WARNING: Redis connection pool near capacity {"used":85,"max":100} []
[2026-06-28 00:48:37] main.WARNING: Cache backend response slow {"duration_ms":420,"cache_type":"full_page"} []
[2026-06-28 00:48:38] main.WARNING: Redis connection pool near capacity {"used":85,"max":100} []
[2026-06-28 00:48:40] main.INFO: Customer login successful {"area":"frontend"} []
[2026-06-28 00:48:40] main.WARNING: Cache backend response slow {"duration_ms":420,"cache_type":"full_page"} []
[2026-06-28 00:48:40] main.WARNING: Cron schedule missed {"job":"sales_clean_quotes","delay_sec":180} []
[2026-06-28 00:48:40] main.INFO: Cache cleaned successfully {"cache_type":"full_page"} []
[2026-06-28 00:48:40] main.INFO: Cache cleaned successfully {"cache_type":"full_page"} []
[2026-06-28 00:48:40] main.INFO: Order placed successfully {"payment_method":"checkmo"} []
[2026-06-28 00:48:40] main.WARNING: Redis connection pool near capacity {"used":85,"max":100} []
[2026-06-28 00:48:40] main.WARNING: Cache backend response slow {"duration_ms":420,"cache_type":"full_page"} []
[2026-06-28 00:48:40] main.WARNING: Redis connection pool near capacity {"used":85,"max":100} []
[2026-06-28 00:48:40] main.INFO: Cache cleaned successfully {"cache_type":"full_page"} []
[2026-06-28 00:48:40] main.INFO: Customer login successful {"area":"frontend"} []
[2026-06-28 00:48:40] main.INFO: Cache cleaned successfully {"cache_type":"full_page"} []
[2026-06-28 00:48:40] main.INFO: Customer login successful {"area":"frontend"} []
[2026-06-28 00:48:40] main.WARNING: Cache backend response slow {"duration_ms":420,"cache_type":"full_page"} []
[2026-06-28 00:48:40] main.INFO: Product page rendered from cache {"cache_hit":true} []
[2026-06-28 00:48:40] main.NOTICE: Cron job completed {"job":"catalog_product_index_price_reindex_all"} []
[2026-06-28 00:48:40] main.INFO: Cache cleaned successfully {"cache_type":"full_page"} []
[2026-06-28 00:48:40] main.INFO: Product page rendered from cache {"cache_hit":true} []
[2026-06-28 00:48:40] main.INFO: Product page rendered from cache {"cache_hit":true} []
[2026-06-28 00:48:40] main.WARNING: Cache backend response slow {"duration_ms":420,"cache_type":"full_page"} []
[2026-06-28 00:48:42] main.INFO: Product page rendered from cache {"cache_hit":true} []
[2026-06-28 00:48:42] main.WARNING: Cron schedule missed {"job":"sales_clean_quotes","delay_sec":180} []
[2026-06-28 00:48:42] main.WARNING: Redis connection pool near capacity {"used":85,"max":100} []
[2026-06-28 00:48:42] main.INFO: Product page rendered from cache {"cache_hit":true} []
[2026-06-28 00:48:42] main.WARNING: Redis connection pool near capacity {"used":85,"max":100} []
[2026-06-28 00:48:42] main.INFO: Order placed successfully {"payment_method":"checkmo"} []
[2026-06-28 00:48:42] main.WARNING: Cache backend response slow {"duration_ms":420,"cache_type":"full_page"} []
[2026-06-28 00:48:42] main.NOTICE: Cron job completed {"job":"catalog_product_index_price_reindex_all"} []
[2026-06-28 00:48:42] main.WARNING: Cache backend response slow {"duration_ms":420,"cache_type":"full_page"} []
[2026-06-28 00:48:42] main.INFO: Cache cleaned successfully {"cache_type":"full_page"} []
[2026-06-28 00:48:42] main.WARNING: Cron schedule missed {"job":"sales_clean_quotes","delay_sec":180} []
[2026-06-28 00:48:42] main.WARNING: Cron schedule missed {"job":"sales_clean_quotes","delay_sec":180} []
[2026-06-28 00:48:42] main.NOTICE: Cron job completed {"job":"catalog_product_index_price_reindex_all"} []
[2026-06-28 00:48:42] main.WARNING: Cache backend response slow {"duration_ms":420,"cache_type":"full_page"} []
[2026-06-28 00:48:42] main.WARNING: Cron schedule missed {"job":"sales_clean_quotes","delay_sec":180} []
[2026-06-28 00:48:42] main.INFO: Product page rendered from cache {"cache_hit":true} []
[2026-06-28 00:48:42] main.NOTICE: Cron job completed {"job":"catalog_product_index_price_reindex_all"} []
[2026-06-28 00:48:42] main.WARNING: Cron schedule missed {"job":"sales_clean_quotes","delay_sec":180} []
[2026-06-28 00:48:42] main.NOTICE: Cron job completed {"job":"catalog_product_index_price_reindex_all"} []
[2026-06-28 00:48:42] main.NOTICE: Cron job completed {"job":"catalog_product_index_price_reindex_all"} []
[2026-06-28 00:48:44] main.INFO: Order placed successfully {"payment_method":"checkmo"} []
[2026-06-28 00:48:44] main.WARNING: Cache backend response slow {"duration_ms":420,"cache_type":"full_page"} []
[2026-06-28 00:48:45] main.WARNING: Redis connection pool near capacity {"used":85,"max":100} []
[2026-06-28 00:48:45] main.INFO: Product page rendered from cache {"cache_hit":true} []
[2026-06-28 00:48:45] main.WARNING: Redis connection pool near capacity {"used":85,"max":100} []
[2026-06-28 00:48:45] main.WARNING: Cache backend response slow {"duration_ms":420,"cache_type":"full_page"} []
[2026-06-28 00:48:45] main.WARNING: Cache backend response slow {"duration_ms":420,"cache_type":"full_page"} []
[2026-06-28 00:48:45] main.INFO: Order placed successfully {"payment_method":"checkmo"} []
[2026-06-28 00:48:45] main.INFO: Cache cleaned successfully {"cache_type":"full_page"} []
[2026-06-28 00:48:45] main.INFO: Customer login successful {"area":"frontend"} []
[2026-06-28 00:48:45] main.WARNING: Cache backend response slow {"duration_ms":420,"cache_type":"full_page"} []
[2026-06-28 00:48:45] main.WARNING: Cache backend response slow {"duration_ms":420,"cache_type":"full_page"} []
[2026-06-28 00:48:45] main.INFO: Customer login successful {"area":"frontend"} []
[2026-06-28 00:48:45] main.WARNING: Cron schedule missed {"job":"sales_clean_quotes","delay_sec":180} []
[2026-06-28 00:48:45] main.WARNING: Cron schedule missed {"job":"sales_clean_quotes","delay_sec":180} []
[2026-06-28 00:48:45] main.NOTICE: Cron job completed {"job":"catalog_product_index_price_reindex_all"} []
[2026-06-28 00:48:45] main.INFO: Product page rendered from cache {"cache_hit":true} []
[2026-06-28 00:48:45] main.INFO: Customer login successful {"area":"frontend"} []
[2026-06-28 00:48:45] main.WARNING: Redis connection pool near capacity {"used":85,"max":100} []
[2026-06-28 00:48:45] main.WARNING: Cache backend response slow {"duration_ms":420,"cache_type":"full_page"} []
[2026-06-28 00:48:47] main.INFO: Customer login successful {"area":"frontend"} []
[2026-06-28 00:48:47] main.WARNING: Cron schedule missed {"job":"sales_clean_quotes","delay_sec":180} []
[2026-06-28 00:48:47] main.INFO: Order placed successfully {"payment_method":"checkmo"} []
[2026-06-28 00:48:47] main.WARNING: Redis connection pool near capacity {"used":85,"max":100} []
[2026-06-28 00:48:47] main.INFO: Cache cleaned successfully {"cache_type":"full_page"} []
[2026-06-28 00:48:47] main.NOTICE: Cron job completed {"job":"catalog_product_index_price_reindex_all"} []
[2026-06-28 00:48:47] main.WARNING: Cron schedule missed {"job":"sales_clean_quotes","delay_sec":180} []
[2026-06-28 00:48:47] main.INFO: Order placed successfully {"payment_method":"checkmo"} []
[2026-06-28 00:48:47] main.NOTICE: Cron job completed {"job":"catalog_product_index_price_reindex_all"} []
[2026-06-28 00:48:47] main.INFO: Product page rendered from cache {"cache_hit":true} []
[2026-06-28 00:48:47] main.WARNING: Redis connection pool near capacity {"used":85,"max":100} []
[2026-06-28 00:48:47] main.WARNING: Cache backend response slow {"duration_ms":420,"cache_type":"full_page"} []
[2026-06-28 00:48:47] main.INFO: Customer login successful {"area":"frontend"} []
[2026-06-28 00:48:47] main.WARNING: Cache backend response slow {"duration_ms":420,"cache_type":"full_page"} []
[2026-06-28 00:48:47] main.WARNING: Cache backend response slow {"duration_ms":420,"cache_type":"full_page"} []
[2026-06-28 00:48:47] main.WARNING: Cache backend response slow {"duration_ms":420,"cache_type":"full_page"} []
[2026-06-28 00:48:47] main.WARNING: Redis connection pool near capacity {"used":85,"max":100} []
[2026-06-28 00:48:47] main.WARNING: Cron schedule missed {"job":"sales_clean_quotes","delay_sec":180} []
[2026-06-28 00:48:47] main.INFO: Cache cleaned successfully {"cache_type":"full_page"} []
[2026-06-28 00:48:47] main.WARNING: Redis connection pool near capacity {"used":85,"max":100} []
[2026-06-28 00:48:49] main.WARNING: Cache backend response slow {"duration_ms":420,"cache_type":"full_page"} []
[2026-06-28 00:48:50] main.INFO: Customer login successful {"area":"frontend"} []
[2026-06-28 00:48:50] main.WARNING: Cache backend response slow {"duration_ms":420,"cache_type":"full_page"} []
[2026-06-28 00:48:50] main.INFO: Customer login successful {"area":"frontend"} []
[2026-06-28 00:48:50] main.NOTICE: Cron job completed {"job":"catalog_product_index_price_reindex_all"} []
[2026-06-28 00:48:50] main.INFO: Product page rendered from cache {"cache_hit":true} []
[2026-06-28 00:48:50] main.WARNING: Redis connection pool near capacity {"used":85,"max":100} []
[2026-06-28 00:48:50] main.INFO: Customer login successful {"area":"frontend"} []
[2026-06-28 00:48:50] main.WARNING: Cron schedule missed {"job":"sales_clean_quotes","delay_sec":180} []
[2026-06-28 00:48:50] main.WARNING: Redis connection pool near capacity {"used":85,"max":100} []
[2026-06-28 00:48:50] main.INFO: Cache cleaned successfully {"cache_type":"full_page"} []
[2026-06-28 00:48:50] main.WARNING: Redis connection pool near capacity {"used":85,"max":100} []
[2026-06-28 00:48:50] main.INFO: Cache cleaned successfully {"cache_type":"full_page"} []
[2026-06-28 00:48:50] main.NOTICE: Cron job completed {"job":"catalog_product_index_price_reindex_all"} []
[2026-06-28 00:48:50] main.INFO: Order placed successfully {"payment_method":"checkmo"} []
[2026-06-28 00:48:50] main.WARNING: Cache backend response slow {"duration_ms":420,"cache_type":"full_page"} []
[2026-06-28 00:48:50] main.INFO: Customer login successful {"area":"frontend"} []
[2026-06-28 00:48:50] main.INFO: Cache cleaned successfully {"cache_type":"full_page"} []
[2026-06-28 00:48:50] main.INFO: Customer login successful {"area":"frontend"} []
[2026-06-28 00:48:50] main.WARNING: Cron schedule missed {"job":"sales_clean_quotes","delay_sec":180} []
[2026-06-28 00:48:52] main.WARNING: Redis connection pool near capacity {"used":85,"max":100} []
[2026-06-28 00:48:52] main.NOTICE: Cron job completed {"job":"catalog_product_index_price_reindex_all"} []
[2026-06-28 00:48:52] main.WARNING: Cache backend response slow {"duration_ms":420,"cache_type":"full_page"} []
[2026-06-28 00:48:52] main.INFO: Order placed successfully {"payment_method":"checkmo"} []
[2026-06-28 00:48:52] main.INFO: Order placed successfully {"payment_method":"checkmo"} []
[2026-06-28 00:48:52] main.WARNING: Redis connection pool near capacity {"used":85,"max":100} []
[2026-06-28 00:48:52] main.WARNING: Redis connection pool near capacity {"used":85,"max":100} []
[2026-06-28 00:48:52] main.INFO: Product page rendered from cache {"cache_hit":true} []
[2026-06-28 00:48:52] main.WARNING: Redis connection pool near capacity {"used":85,"max":100} []
[2026-06-28 00:48:52] main.WARNING: Redis connection pool near capacity {"used":85,"max":100} []
[2026-06-28 00:48:52] main.WARNING: Redis connection pool near capacity {"used":85,"max":100} []
[2026-06-28 00:48:52] main.INFO: Order placed successfully {"payment_method":"checkmo"} []
[2026-06-28 00:48:52] main.WARNING: Redis connection pool near capacity {"used":85,"max":100} []
[2026-06-28 00:48:52] main.INFO: Product page rendered from cache {"cache_hit":true} []
[2026-06-28 00:48:52] main.INFO: Order placed successfully {"payment_method":"checkmo"} []
[2026-06-28 00:48:52] main.NOTICE: Cron job completed {"job":"catalog_product_index_price_reindex_all"} []
[2026-06-28 00:48:52] main.NOTICE: Cron job completed {"job":"catalog_product_index_price_reindex_all"} []
[2026-06-28 00:48:52] main.WARNING: Cache backend response slow {"duration_ms":420,"cache_type":"full_page"} []
[2026-06-28 00:48:52] main.WARNING: Cron schedule missed {"job":"sales_clean_quotes","delay_sec":180} []
[2026-06-28 00:48:52] main.WARNING: Redis connection pool near capacity {"used":85,"max":100} []
[2026-06-28 00:48:54] main.WARNING: Cache backend response slow {"duration_ms":420,"cache_type":"full_page"} []
[2026-06-28 00:48:55] main.WARNING: Cron schedule missed {"job":"sales_clean_quotes","delay_sec":180} []
[2026-06-28 00:48:55] main.WARNING: Cache backend response slow {"duration_ms":420,"cache_type":"full_page"} []
[2026-06-28 00:48:55] main.WARNING: Cron schedule missed {"job":"sales_clean_quotes","delay_sec":180} []
[2026-06-28 00:48:55] main.WARNING: Cron schedule missed {"job":"sales_clean_quotes","delay_sec":180} []
[2026-06-28 00:48:55] main.INFO: Cache cleaned successfully {"cache_type":"full_page"} []
[2026-06-28 00:48:55] main.NOTICE: Cron job completed {"job":"catalog_product_index_price_reindex_all"} []
[2026-06-28 00:48:55] main.INFO: Customer login successful {"area":"frontend"} []
[2026-06-28 00:48:55] main.WARNING: Cron schedule missed {"job":"sales_clean_quotes","delay_sec":180} []
[2026-06-28 00:48:55] main.INFO: Product page rendered from cache {"cache_hit":true} []
[2026-06-28 00:48:55] main.WARNING: Cache backend response slow {"duration_ms":420,"cache_type":"full_page"} []
[2026-06-28 00:48:55] main.WARNING: Cache backend response slow {"duration_ms":420,"cache_type":"full_page"} []
[2026-06-28 00:48:55] main.INFO: Order placed successfully {"payment_method":"checkmo"} []
[2026-06-28 00:48:55] main.INFO: Cache cleaned successfully {"cache_type":"full_page"} []
[2026-06-28 00:48:55] main.WARNING: Cache backend response slow {"duration_ms":420,"cache_type":"full_page"} []
[2026-06-28 00:48:55] main.INFO: Cache cleaned successfully {"cache_type":"full_page"} []
[2026-06-28 00:48:55] main.INFO: Cache cleaned successfully {"cache_type":"full_page"} []
[2026-06-28 00:48:55] main.WARNING: Cron schedule missed {"job":"sales_clean_quotes","delay_sec":180} []
[2026-06-28 00:48:55] main.WARNING: Cache backend response slow {"duration_ms":420,"cache_type":"full_page"} []
[2026-06-28 00:48:55] main.INFO: Product page rendered from cache {"cache_hit":true} []
[2026-06-28 00:48:57] main.INFO: Customer login successful {"area":"frontend"} []
[2026-06-28 00:48:57] main.INFO: Cache cleaned successfully {"cache_type":"full_page"} []
[2026-06-28 00:48:57] main.WARNING: Redis connection pool near capacity {"used":85,"max":100} []
[2026-06-28 00:48:57] main.INFO: Cache cleaned successfully {"cache_type":"full_page"} []
[2026-06-28 00:48:57] main.NOTICE: Cron job completed {"job":"catalog_product_index_price_reindex_all"} []
[2026-06-28 00:48:57] main.WARNING: Cron schedule missed {"job":"sales_clean_quotes","delay_sec":180} []
[2026-06-28 00:48:57] main.INFO: Product page rendered from cache {"cache_hit":true} []
[2026-06-28 00:48:57] main.INFO: Cache cleaned successfully {"cache_type":"full_page"} []
[2026-06-28 00:48:57] main.INFO: Order placed successfully {"payment_method":"checkmo"} []
[2026-06-28 00:48:57] main.WARNING: Cache backend response slow {"duration_ms":420,"cache_type":"full_page"} []
[2026-06-28 00:48:57] main.INFO: Customer login successful {"area":"frontend"} []
[2026-06-28 00:48:57] main.WARNING: Cache backend response slow {"duration_ms":420,"cache_type":"full_page"} []
[2026-06-28 00:48:57] main.WARNING: Cron schedule missed {"job":"sales_clean_quotes","delay_sec":180} []
[2026-06-28 00:48:57] main.INFO: Cache cleaned successfully {"cache_type":"full_page"} []
[2026-06-28 00:48:57] main.INFO: Customer login successful {"area":"frontend"} []
[2026-06-28 00:48:57] main.INFO: Product page rendered from cache {"cache_hit":true} []
[2026-06-28 00:48:57] main.INFO: Cache cleaned successfully {"cache_type":"full_page"} []
[2026-06-28 00:48:57] main.WARNING: Redis connection pool near capacity {"used":85,"max":100} []
[2026-06-28 00:48:57] main.NOTICE: Cron job completed {"job":"catalog_product_index_price_reindex_all"} []
[2026-06-28 00:48:57] main.WARNING: Cache backend response slow {"duration_ms":420,"cache_type":"full_page"} []
[2026-06-28 00:48:59] main.WARNING: Cron schedule missed {"job":"sales_clean_quotes","delay_sec":180} []
[2026-06-28 00:49:00] main.INFO: Product page rendered from cache {"cache_hit":true} []
[2026-06-28 00:49:00] main.WARNING: Cache backend response slow {"duration_ms":420,"cache_type":"full_page"} []
[2026-06-28 00:49:00] main.INFO: Customer login successful {"area":"frontend"} []
[2026-06-28 00:49:00] main.WARNING: Cache backend response slow {"duration_ms":420,"cache_type":"full_page"} []
[2026-06-28 00:49:00] main.WARNING: Cron schedule missed {"job":"sales_clean_quotes","delay_sec":180} []
[2026-06-28 00:49:00] main.WARNING: Cache backend response slow {"duration_ms":420,"cache_type":"full_page"} []
[2026-06-28 00:49:00] main.WARNING: Redis connection pool near capacity {"used":85,"max":100} []
[2026-06-28 00:49:00] main.WARNING: Cache backend response slow {"duration_ms":420,"cache_type":"full_page"} []
[2026-06-28 00:49:00] main.WARNING: Cron schedule missed {"job":"sales_clean_quotes","delay_sec":180} []
[2026-06-28 00:49:00] main.WARNING: Cron schedule missed {"job":"sales_clean_quotes","delay_sec":180} []
[2026-06-28 00:49:00] main.INFO: Cache cleaned successfully {"cache_type":"full_page"} []
[2026-06-28 00:49:00] main.WARNING: Redis connection pool near capacity {"used":85,"max":100} []
[2026-06-28 00:49:00] main.INFO: Product page rendered from cache {"cache_hit":true} []
[2026-06-28 00:49:00] main.INFO: Cache cleaned successfully {"cache_type":"full_page"} []
[2026-06-28 00:49:00] main.WARNING: Redis connection pool near capacity {"used":85,"max":100} []
[2026-06-28 00:49:00] main.INFO: Customer login successful {"area":"frontend"} []
[2026-06-28 00:49:00] main.WARNING: Redis connection pool near capacity {"used":85,"max":100} []
[2026-06-28 00:49:00] main.WARNING: Redis connection pool near capacity {"used":85,"max":100} []
[2026-06-28 00:49:00] main.INFO: Customer login successful {"area":"frontend"} []
[2026-06-28 00:49:02] main.INFO: Cache cleaned successfully {"cache_type":"full_page"} []
[2026-06-28 00:49:02] main.WARNING: Cache backend response slow {"duration_ms":420,"cache_type":"full_page"} []
[2026-06-28 00:49:02] main.INFO: Product page rendered from cache {"cache_hit":true} []
[2026-06-28 00:49:02] main.WARNING: Cache backend response slow {"duration_ms":420,"cache_type":"full_page"} []
[2026-06-28 00:49:02] main.INFO: Cache cleaned successfully {"cache_type":"full_page"} []
[2026-06-28 00:49:02] main.WARNING: Redis connection pool near capacity {"used":85,"max":100} []
[2026-06-28 00:49:02] main.INFO: Order placed successfully {"payment_method":"checkmo"} []
[2026-06-28 00:49:02] main.INFO: Cache cleaned successfully {"cache_type":"full_page"} []
[2026-06-28 00:49:02] main.WARNING: Cron schedule missed {"job":"sales_clean_quotes","delay_sec":180} []
[2026-06-28 00:49:02] main.WARNING: Cache backend response slow {"duration_ms":420,"cache_type":"full_page"} []
[2026-06-28 00:49:02] main.WARNING: Redis connection pool near capacity {"used":85,"max":100} []
[2026-06-28 00:49:02] main.WARNING: Cron schedule missed {"job":"sales_clean_quotes","delay_sec":180} []
[2026-06-28 00:49:02] main.WARNING: Redis connection pool near capacity {"used":85,"max":100} []
[2026-06-28 00:49:02] main.WARNING: Redis connection pool near capacity {"used":85,"max":100} []
[2026-06-28 00:49:02] main.INFO: Cache cleaned successfully {"cache_type":"full_page"} []
[2026-06-28 00:49:02] main.WARNING: Redis connection pool near capacity {"used":85,"max":100} []
[2026-06-28 00:49:02] main.WARNING: Cache backend response slow {"duration_ms":420,"cache_type":"full_page"} []
[2026-06-28 00:49:02] main.INFO: Cache cleaned successfully {"cache_type":"full_page"} []
[2026-06-28 00:49:02] main.NOTICE: Cron job completed {"job":"catalog_product_index_price_reindex_all"} []
[2026-06-28 00:49:02] main.WARNING: Cache backend response slow {"duration_ms":420,"cache_type":"full_page"} []
[2026-06-28 00:49:04] main.WARNING: Cron schedule missed {"job":"sales_clean_quotes","delay_sec":180} []
[2026-06-28 00:49:04] main.WARNING: Redis connection pool near capacity {"used":85,"max":100} []
[2026-06-28 00:49:05] main.INFO: Product page rendered from cache {"cache_hit":true} []
[2026-06-28 00:49:05] main.INFO: Cache cleaned successfully {"cache_type":"full_page"} []
[2026-06-28 00:49:05] main.WARNING: Cache backend response slow {"duration_ms":420,"cache_type":"full_page"} []
[2026-06-28 00:49:05] main.NOTICE: Cron job completed {"job":"catalog_product_index_price_reindex_all"} []
[2026-06-28 00:49:05] main.WARNING: Redis connection pool near capacity {"used":85,"max":100} []
[2026-06-28 00:49:05] main.WARNING: Redis connection pool near capacity {"used":85,"max":100} []
[2026-06-28 00:49:05] main.WARNING: Cache backend response slow {"duration_ms":420,"cache_type":"full_page"} []
[2026-06-28 00:49:05] main.INFO: Customer login successful {"area":"frontend"} []
[2026-06-28 00:49:05] main.NOTICE: Cron job completed {"job":"catalog_product_index_price_reindex_all"} []
[2026-06-28 00:49:05] main.INFO: Customer login successful {"area":"frontend"} []
[2026-06-28 00:49:05] main.INFO: Order placed successfully {"payment_method":"checkmo"} []
[2026-06-28 00:49:05] main.INFO: Customer login successful {"area":"frontend"} []
[2026-06-28 00:49:05] main.WARNING: Redis connection pool near capacity {"used":85,"max":100} []
[2026-06-28 00:49:05] main.WARNING: Cache backend response slow {"duration_ms":420,"cache_type":"full_page"} []
[2026-06-28 00:49:05] main.INFO: Cache cleaned successfully {"cache_type":"full_page"} []
[2026-06-28 00:49:05] main.WARNING: Redis connection pool near capacity {"used":85,"max":100} []
[2026-06-28 00:49:05] main.WARNING: Redis connection pool near capacity {"used":85,"max":100} []
[2026-06-28 00:49:05] main.WARNING: Redis connection pool near capacity {"used":85,"max":100} []
[2026-06-28 00:49:07] main.WARNING: Cron schedule missed {"job":"sales_clean_quotes","delay_sec":180} []
[2026-06-28 00:49:07] main.WARNING: Redis connection pool near capacity {"used":85,"max":100} []
[2026-06-28 00:49:07] main.NOTICE: Cron job completed {"job":"catalog_product_index_price_reindex_all"} []
[2026-06-28 00:49:07] main.INFO: Cache cleaned successfully {"cache_type":"full_page"} []
[2026-06-28 00:49:07] main.INFO: Cache cleaned successfully {"cache_type":"full_page"} []
[2026-06-28 00:49:07] main.INFO: Customer login successful {"area":"frontend"} []
[2026-06-28 00:49:07] main.WARNING: Cron schedule missed {"job":"sales_clean_quotes","delay_sec":180} []
[2026-06-28 00:49:07] main.WARNING: Cache backend response slow {"duration_ms":420,"cache_type":"full_page"} []
[2026-06-28 00:49:07] main.WARNING: Cache backend response slow {"duration_ms":420,"cache_type":"full_page"} []
[2026-06-28 00:49:07] main.WARNING: Cache backend response slow {"duration_ms":420,"cache_type":"full_page"} []
[2026-06-28 00:49:07] main.WARNING: Cron schedule missed {"job":"sales_clean_quotes","delay_sec":180} []
[2026-06-28 00:49:07] main.NOTICE: Cron job completed {"job":"catalog_product_index_price_reindex_all"} []
[2026-06-28 00:49:07] main.INFO: Product page rendered from cache {"cache_hit":true} []
[2026-06-28 00:49:07] main.WARNING: Redis connection pool near capacity {"used":85,"max":100} []
[2026-06-28 00:49:07] main.INFO: Order placed successfully {"payment_method":"checkmo"} []
[2026-06-28 00:49:07] main.WARNING: Redis connection pool near capacity {"used":85,"max":100} []
[2026-06-28 00:49:07] main.NOTICE: Cron job completed {"job":"catalog_product_index_price_reindex_all"} []
[2026-06-28 00:49:07] main.NOTICE: Cron job completed {"job":"catalog_product_index_price_reindex_all"} []
[2026-06-28 00:49:07] main.INFO: Product page rendered from cache {"cache_hit":true} []
[2026-06-28 00:49:07] main.INFO: Cache cleaned successfully {"cache_type":"full_page"} []
[2026-06-28 00:49:09] main.WARNING: Cron schedule missed {"job":"sales_clean_quotes","delay_sec":180} []
[2026-06-28 00:49:09] main.WARNING: Cache backend response slow {"duration_ms":420,"cache_type":"full_page"} []
[2026-06-28 00:49:09] main.WARNING: Redis connection pool near capacity {"used":85,"max":100} []
[2026-06-28 00:49:09] main.INFO: Product page rendered from cache {"cache_hit":true} []
[2026-06-28 00:49:10] main.WARNING: Redis connection pool near capacity {"used":85,"max":100} []
[2026-06-28 00:49:10] main.WARNING: Cron schedule missed {"job":"sales_clean_quotes","delay_sec":180} []
[2026-06-28 00:49:10] main.WARNING: Cache backend response slow {"duration_ms":420,"cache_type":"full_page"} []
[2026-06-28 00:49:10] main.WARNING: Cron schedule missed {"job":"sales_clean_quotes","delay_sec":180} []
[2026-06-28 00:49:10] main.WARNING: Redis connection pool near capacity {"used":85,"max":100} []
[2026-06-28 00:49:10] main.INFO: Cache cleaned successfully {"cache_type":"full_page"} []
[2026-06-28 00:49:10] main.INFO: Cache cleaned successfully {"cache_type":"full_page"} []
[2026-06-28 00:49:10] main.WARNING: Cache backend response slow {"duration_ms":420,"cache_type":"full_page"} []
[2026-06-28 00:49:10] main.WARNING: Redis connection pool near capacity {"used":85,"max":100} []
[2026-06-28 00:49:10] main.INFO: Product page rendered from cache {"cache_hit":true} []
[2026-06-28 00:49:10] main.INFO: Product page rendered from cache {"cache_hit":true} []
[2026-06-28 00:49:10] main.INFO: Cache cleaned successfully {"cache_type":"full_page"} []
[2026-06-28 00:49:10] main.INFO: Cache cleaned successfully {"cache_type":"full_page"} []
[2026-06-28 00:49:10] main.WARNING: Redis connection pool near capacity {"used":85,"max":100} []
[2026-06-28 00:49:10] main.WARNING: Cache backend response slow {"duration_ms":420,"cache_type":"full_page"} []
[2026-06-28 00:49:10] main.WARNING: Cron schedule missed {"job":"sales_clean_quotes","delay_sec":180} []
[2026-06-28 00:49:12] main.NOTICE: Cron job completed {"job":"catalog_product_index_price_reindex_all"} []
[2026-06-28 00:49:12] main.WARNING: Cache backend response slow {"duration_ms":420,"cache_type":"full_page"} []
[2026-06-28 00:49:12] main.WARNING: Cron schedule missed {"job":"sales_clean_quotes","delay_sec":180} []
[2026-06-28 00:49:12] main.WARNING: Cache backend response slow {"duration_ms":420,"cache_type":"full_page"} []
[2026-06-28 00:49:12] main.INFO: Product page rendered from cache {"cache_hit":true} []
[2026-06-28 00:49:12] main.WARNING: Cache backend response slow {"duration_ms":420,"cache_type":"full_page"} []
[2026-06-28 00:49:12] main.WARNING: Cache backend response slow {"duration_ms":420,"cache_type":"full_page"} []
[2026-06-28 00:49:12] main.WARNING: Cron schedule missed {"job":"sales_clean_quotes","delay_sec":180} []
[2026-06-28 00:49:12] main.INFO: Customer login successful {"area":"frontend"} []
[2026-06-28 00:49:12] main.NOTICE: Cron job completed {"job":"catalog_product_index_price_reindex_all"} []
[2026-06-28 00:49:12] main.WARNING: Redis connection pool near capacity {"used":85,"max":100} []
[2026-06-28 00:49:12] main.INFO: Product page rendered from cache {"cache_hit":true} []
[2026-06-28 00:49:12] main.WARNING: Cache backend response slow {"duration_ms":420,"cache_type":"full_page"} []
[2026-06-28 00:49:12] main.INFO: Cache cleaned successfully {"cache_type":"full_page"} []
[2026-06-28 00:49:12] main.WARNING: Cache backend response slow {"duration_ms":420,"cache_type":"full_page"} []
[2026-06-28 00:49:12] main.INFO: Order placed successfully {"payment_method":"checkmo"} []
[2026-06-28 00:49:12] main.INFO: Order placed successfully {"payment_method":"checkmo"} []
[2026-06-28 00:49:12] main.INFO: Order placed successfully {"payment_method":"checkmo"} []
[2026-06-28 00:49:12] main.NOTICE: Cron job completed {"job":"catalog_product_index_price_reindex_all"} []
[2026-06-28 00:49:12] main.WARNING: Redis connection pool near capacity {"used":85,"max":100} []
[2026-06-28 00:49:14] main.INFO: Customer login successful {"area":"frontend"} []
[2026-06-28 00:49:14] main.WARNING: Redis connection pool near capacity {"used":85,"max":100} []
[2026-06-28 00:49:15] main.NOTICE: Cron job completed {"job":"catalog_product_index_price_reindex_all"} []
[2026-06-28 00:49:15] main.WARNING: Redis connection pool near capacity {"used":85,"max":100} []
[2026-06-28 00:49:15] main.WARNING: Redis connection pool near capacity {"used":85,"max":100} []
[2026-06-28 00:49:15] main.WARNING: Cache backend response slow {"duration_ms":420,"cache_type":"full_page"} []
[2026-06-28 00:49:15] main.INFO: Customer login successful {"area":"frontend"} []
[2026-06-28 00:49:15] main.WARNING: Redis connection pool near capacity {"used":85,"max":100} []
[2026-06-28 00:49:15] main.INFO: Product page rendered from cache {"cache_hit":true} []
[2026-06-28 00:49:15] main.INFO: Customer login successful {"area":"frontend"} []
[2026-06-28 00:49:15] main.INFO: Customer login successful {"area":"frontend"} []
[2026-06-28 00:49:15] main.INFO: Order placed successfully {"payment_method":"checkmo"} []
[2026-06-28 00:49:15] main.WARNING: Cron schedule missed {"job":"sales_clean_quotes","delay_sec":180} []
[2026-06-28 00:49:15] main.INFO: Customer login successful {"area":"frontend"} []
[2026-06-28 00:49:15] main.INFO: Order placed successfully {"payment_method":"checkmo"} []
[2026-06-28 00:49:15] main.INFO: Cache cleaned successfully {"cache_type":"full_page"} []
[2026-06-28 00:49:15] main.WARNING: Cron schedule missed {"job":"sales_clean_quotes","delay_sec":180} []
[2026-06-28 00:49:15] main.WARNING: Redis connection pool near capacity {"used":85,"max":100} []
[2026-06-28 00:49:15] main.WARNING: Cache backend response slow {"duration_ms":420,"cache_type":"full_page"} []
[2026-06-28 00:49:15] main.WARNING: Cache backend response slow {"duration_ms":420,"cache_type":"full_page"} []
[2026-06-28 00:49:17] main.INFO: Product page rendered from cache {"cache_hit":true} []
[2026-06-28 00:49:17] main.WARNING: Cache backend response slow {"duration_ms":420,"cache_type":"full_page"} []
[2026-06-28 00:49:17] main.WARNING: Redis connection pool near capacity {"used":85,"max":100} []
[2026-06-28 00:49:17] main.NOTICE: Cron job completed {"job":"catalog_product_index_price_reindex_all"} []
[2026-06-28 00:49:17] main.WARNING: Cron schedule missed {"job":"sales_clean_quotes","delay_sec":180} []
[2026-06-28 00:49:17] main.INFO: Customer login successful {"area":"frontend"} []
[2026-06-28 00:49:17] main.INFO: Cache cleaned successfully {"cache_type":"full_page"} []
[2026-06-28 00:49:17] main.INFO: Cache cleaned successfully {"cache_type":"full_page"} []
[2026-06-28 00:49:17] main.INFO: Customer login successful {"area":"frontend"} []
[2026-06-28 00:49:17] main.WARNING: Redis connection pool near capacity {"used":85,"max":100} []
[2026-06-28 00:49:17] main.WARNING: Cron schedule missed {"job":"sales_clean_quotes","delay_sec":180} []
[2026-06-28 00:49:17] main.NOTICE: Cron job completed {"job":"catalog_product_index_price_reindex_all"} []
[2026-06-28 00:49:17] main.WARNING: Redis connection pool near capacity {"used":85,"max":100} []
[2026-06-28 00:49:17] main.INFO: Cache cleaned successfully {"cache_type":"full_page"} []
[2026-06-28 00:49:17] main.WARNING: Cron schedule missed {"job":"sales_clean_quotes","delay_sec":180} []
[2026-06-28 00:49:17] main.WARNING: Cron schedule missed {"job":"sales_clean_quotes","delay_sec":180} []
[2026-06-28 00:49:17] main.WARNING: Redis connection pool near capacity {"used":85,"max":100} []
[2026-06-28 00:49:17] main.WARNING: Cron schedule missed {"job":"sales_clean_quotes","delay_sec":180} []
[2026-06-28 00:49:17] main.WARNING: Cache backend response slow {"duration_ms":420,"cache_type":"full_page"} []
[2026-06-28 00:49:17] main.INFO: Cache cleaned successfully {"cache_type":"full_page"} []
[2026-06-28 00:49:19] main.INFO: Cache cleaned successfully {"cache_type":"full_page"} []
[2026-06-28 00:49:19] main.WARNING: Redis connection pool near capacity {"used":85,"max":100} []
[2026-06-28 00:49:19] main.WARNING: Cache backend response slow {"duration_ms":420,"cache_type":"full_page"} []
[2026-06-28 00:49:20] main.WARNING: Cache backend response slow {"duration_ms":420,"cache_type":"full_page"} []
[2026-06-28 00:49:20] main.WARNING: Cache backend response slow {"duration_ms":420,"cache_type":"full_page"} []
[2026-06-28 00:49:20] main.WARNING: Redis connection pool near capacity {"used":85,"max":100} []
[2026-06-28 00:49:20] main.INFO: Order placed successfully {"payment_method":"checkmo"} []
[2026-06-28 00:49:20] main.INFO: Order placed successfully {"payment_method":"checkmo"} []
[2026-06-28 00:49:20] main.INFO: Customer login successful {"area":"frontend"} []
[2026-06-28 00:49:20] main.WARNING: Cron schedule missed {"job":"sales_clean_quotes","delay_sec":180} []
[2026-06-28 00:49:20] main.INFO: Cache cleaned successfully {"cache_type":"full_page"} []
[2026-06-28 00:49:20] main.WARNING: Cron schedule missed {"job":"sales_clean_quotes","delay_sec":180} []
[2026-06-28 00:49:20] main.WARNING: Cron schedule missed {"job":"sales_clean_quotes","delay_sec":180} []
[2026-06-28 00:49:20] main.WARNING: Cron schedule missed {"job":"sales_clean_quotes","delay_sec":180} []
[2026-06-28 00:49:20] main.WARNING: Cache backend response slow {"duration_ms":420,"cache_type":"full_page"} []
[2026-06-28 00:49:20] main.WARNING: Cron schedule missed {"job":"sales_clean_quotes","delay_sec":180} []
[2026-06-28 00:49:20] main.INFO: Product page rendered from cache {"cache_hit":true} []
[2026-06-28 00:49:20] main.WARNING: Redis connection pool near capacity {"used":85,"max":100} []
[2026-06-28 00:49:20] main.INFO: Order placed successfully {"payment_method":"checkmo"} []
[2026-06-28 00:49:20] main.WARNING: Cache backend response slow {"duration_ms":420,"cache_type":"full_page"} []
[2026-06-28 00:49:22] main.INFO: Product page rendered from cache {"cache_hit":true} []
[2026-06-28 00:49:22] main.INFO: Customer login successful {"area":"frontend"} []
[2026-06-28 00:49:22] main.INFO: Order placed successfully {"payment_method":"checkmo"} []
[2026-06-28 00:49:22] main.INFO: Order placed successfully {"payment_method":"checkmo"} []
[2026-06-28 00:49:22] main.WARNING: Cron schedule missed {"job":"sales_clean_quotes","delay_sec":180} []
[2026-06-28 00:49:22] main.INFO: Cache cleaned successfully {"cache_type":"full_page"} []
[2026-06-28 00:49:22] main.WARNING: Redis connection pool near capacity {"used":85,"max":100} []
[2026-06-28 00:49:22] main.WARNING: Cache backend response slow {"duration_ms":420,"cache_type":"full_page"} []
[2026-06-28 00:49:22] main.INFO: Cache cleaned successfully {"cache_type":"full_page"} []
[2026-06-28 00:49:22] main.WARNING: Cron schedule missed {"job":"sales_clean_quotes","delay_sec":180} []
[2026-06-28 00:49:22] main.NOTICE: Cron job completed {"job":"catalog_product_index_price_reindex_all"} []
[2026-06-28 00:49:22] main.WARNING: Cache backend response slow {"duration_ms":420,"cache_type":"full_page"} []
[2026-06-28 00:49:22] main.INFO: Cache cleaned successfully {"cache_type":"full_page"} []
[2026-06-28 00:49:22] main.WARNING: Redis connection pool near capacity {"used":85,"max":100} []
[2026-06-28 00:49:22] main.WARNING: Cache backend response slow {"duration_ms":420,"cache_type":"full_page"} []
[2026-06-28 00:49:22] main.INFO: Order placed successfully {"payment_method":"checkmo"} []
[2026-06-28 00:49:22] main.INFO: Cache cleaned successfully {"cache_type":"full_page"} []
[2026-06-28 00:49:22] main.INFO: Customer login successful {"area":"frontend"} []
[2026-06-28 00:49:22] main.WARNING: Redis connection pool near capacity {"used":85,"max":100} []
[2026-06-28 00:49:22] main.WARNING: Cron schedule missed {"job":"sales_clean_quotes","delay_sec":180} []
[2026-06-28 00:49:24] main.WARNING: Redis connection pool near capacity {"used":85,"max":100} []
[2026-06-28 00:49:24] main.INFO: Cache cleaned successfully {"cache_type":"full_page"} []
[2026-06-28 00:49:25] main.INFO: Order placed successfully {"payment_method":"checkmo"} []
[2026-06-28 00:49:25] main.INFO: Product page rendered from cache {"cache_hit":true} []
[2026-06-28 00:49:25] main.INFO: Cache cleaned successfully {"cache_type":"full_page"} []
[2026-06-28 00:49:25] main.WARNING: Cron schedule missed {"job":"sales_clean_quotes","delay_sec":180} []
[2026-06-28 00:49:25] main.WARNING: Cron schedule missed {"job":"sales_clean_quotes","delay_sec":180} []
[2026-06-28 00:49:25] main.NOTICE: Cron job completed {"job":"catalog_product_index_price_reindex_all"} []
[2026-06-28 00:49:25] main.INFO: Customer login successful {"area":"frontend"} []
[2026-06-28 00:49:25] main.INFO: Order placed successfully {"payment_method":"checkmo"} []
[2026-06-28 00:49:25] main.WARNING: Cron schedule missed {"job":"sales_clean_quotes","delay_sec":180} []
[2026-06-28 00:49:25] main.WARNING: Cron schedule missed {"job":"sales_clean_quotes","delay_sec":180} []
[2026-06-28 00:49:25] main.WARNING: Redis connection pool near capacity {"used":85,"max":100} []
[2026-06-28 00:49:25] main.WARNING: Redis connection pool near capacity {"used":85,"max":100} []
[2026-06-28 00:49:25] main.INFO: Customer login successful {"area":"frontend"} []
[2026-06-28 00:49:25] main.INFO: Cache cleaned successfully {"cache_type":"full_page"} []
[2026-06-28 00:49:25] main.WARNING: Cache backend response slow {"duration_ms":420,"cache_type":"full_page"} []
[2026-06-28 00:49:25] main.WARNING: Cron schedule missed {"job":"sales_clean_quotes","delay_sec":180} []
[2026-06-28 00:49:25] main.WARNING: Cache backend response slow {"duration_ms":420,"cache_type":"full_page"} []
[2026-06-28 00:49:25] main.WARNING: Redis connection pool near capacity {"used":85,"max":100} []
[2026-06-28 00:49:27] main.INFO: Product page rendered from cache {"cache_hit":true} []
[2026-06-28 00:49:27] main.INFO: Cache cleaned successfully {"cache_type":"full_page"} []
[2026-06-28 00:49:27] main.WARNING: Redis connection pool near capacity {"used":85,"max":100} []
[2026-06-28 00:49:27] main.WARNING: Cache backend response slow {"duration_ms":420,"cache_type":"full_page"} []
[2026-06-28 00:49:27] main.INFO: Order placed successfully {"payment_method":"checkmo"} []
[2026-06-28 00:49:27] main.WARNING: Cron schedule missed {"job":"sales_clean_quotes","delay_sec":180} []
[2026-06-28 00:49:27] main.INFO: Cache cleaned successfully {"cache_type":"full_page"} []
[2026-06-28 00:49:27] main.WARNING: Cache backend response slow {"duration_ms":420,"cache_type":"full_page"} []
[2026-06-28 00:49:27] main.INFO: Product page rendered from cache {"cache_hit":true} []
[2026-06-28 00:49:27] main.INFO: Product page rendered from cache {"cache_hit":true} []
[2026-06-28 00:49:27] main.WARNING: Cron schedule missed {"job":"sales_clean_quotes","delay_sec":180} []
[2026-06-28 00:49:27] main.INFO: Customer login successful {"area":"frontend"} []
[2026-06-28 00:49:27] main.WARNING: Cache backend response slow {"duration_ms":420,"cache_type":"full_page"} []
[2026-06-28 00:49:27] main.WARNING: Redis connection pool near capacity {"used":85,"max":100} []
[2026-06-28 00:49:27] main.WARNING: Cache backend response slow {"duration_ms":420,"cache_type":"full_page"} []
[2026-06-28 00:49:27] main.WARNING: Redis connection pool near capacity {"used":85,"max":100} []
[2026-06-28 00:49:27] main.INFO: Product page rendered from cache {"cache_hit":true} []
[2026-06-28 00:49:27] main.INFO: Cache cleaned successfully {"cache_type":"full_page"} []
[2026-06-28 00:49:27] main.WARNING: Cron schedule missed {"job":"sales_clean_quotes","delay_sec":180} []
[2026-06-28 00:49:27] main.WARNING: Cache backend response slow {"duration_ms":420,"cache_type":"full_page"} []
[2026-06-28 00:49:29] main.INFO: Product page rendered from cache {"cache_hit":true} []
[2026-06-28 00:49:29] main.WARNING: Cron schedule missed {"job":"sales_clean_quotes","delay_sec":180} []
[2026-06-28 00:49:29] main.INFO: Cache cleaned successfully {"cache_type":"full_page"} []
[2026-06-28 00:49:29] main.INFO: Order placed successfully {"payment_method":"checkmo"} []
[2026-06-28 00:49:30] main.WARNING: Cache backend response slow {"duration_ms":420,"cache_type":"full_page"} []
[2026-06-28 00:49:30] main.INFO: Cache cleaned successfully {"cache_type":"full_page"} []
[2026-06-28 00:49:30] main.INFO: Cache cleaned successfully {"cache_type":"full_page"} []
[2026-06-28 00:49:30] main.INFO: Customer login successful {"area":"frontend"} []
[2026-06-28 00:49:30] main.WARNING: Cron schedule missed {"job":"sales_clean_quotes","delay_sec":180} []
[2026-06-28 00:49:30] main.WARNING: Redis connection pool near capacity {"used":85,"max":100} []
[2026-06-28 00:49:30] main.INFO: Customer login successful {"area":"frontend"} []
[2026-06-28 00:49:30] main.WARNING: Redis connection pool near capacity {"used":85,"max":100} []
[2026-06-28 00:49:30] main.INFO: Customer login successful {"area":"frontend"} []
[2026-06-28 00:49:30] main.WARNING: Redis connection pool near capacity {"used":85,"max":100} []
[2026-06-28 00:49:30] main.WARNING: Cache backend response slow {"duration_ms":420,"cache_type":"full_page"} []
[2026-06-28 00:49:30] main.INFO: Customer login successful {"area":"frontend"} []
[2026-06-28 00:49:30] main.WARNING: Redis connection pool near capacity {"used":85,"max":100} []
[2026-06-28 00:49:30] main.WARNING: Cache backend response slow {"duration_ms":420,"cache_type":"full_page"} []
[2026-06-28 00:49:30] main.INFO: Order placed successfully {"payment_method":"checkmo"} []
[2026-06-28 00:49:30] main.WARNING: Redis connection pool near capacity {"used":85,"max":100} []
[2026-06-28 00:49:32] main.WARNING: Redis connection pool near capacity {"used":85,"max":100} []
[2026-06-28 00:49:32] main.WARNING: Redis connection pool near capacity {"used":85,"max":100} []
[2026-06-28 00:49:32] main.WARNING: Redis connection pool near capacity {"used":85,"max":100} []
[2026-06-28 00:49:32] main.INFO: Cache cleaned successfully {"cache_type":"full_page"} []
[2026-06-28 00:49:32] main.INFO: Customer login successful {"area":"frontend"} []
[2026-06-28 00:49:32] main.INFO: Product page rendered from cache {"cache_hit":true} []
[2026-06-28 00:49:32] main.WARNING: Cache backend response slow {"duration_ms":420,"cache_type":"full_page"} []
[2026-06-28 00:49:32] main.NOTICE: Cron job completed {"job":"catalog_product_index_price_reindex_all"} []
[2026-06-28 00:49:32] main.WARNING: Cache backend response slow {"duration_ms":420,"cache_type":"full_page"} []
[2026-06-28 00:49:32] main.WARNING: Cache backend response slow {"duration_ms":420,"cache_type":"full_page"} []
[2026-06-28 00:49:32] main.WARNING: Cache backend response slow {"duration_ms":420,"cache_type":"full_page"} []
[2026-06-28 00:49:32] main.INFO: Customer login successful {"area":"frontend"} []
[2026-06-28 00:49:32] main.INFO: Cache cleaned successfully {"cache_type":"full_page"} []
[2026-06-28 00:49:32] main.WARNING: Cron schedule missed {"job":"sales_clean_quotes","delay_sec":180} []
[2026-06-28 00:49:32] main.WARNING: Cron schedule missed {"job":"sales_clean_quotes","delay_sec":180} []
[2026-06-28 00:49:32] main.WARNING: Redis connection pool near capacity {"used":85,"max":100} []
[2026-06-28 00:49:32] main.INFO: Cache cleaned successfully {"cache_type":"full_page"} []
[2026-06-28 00:49:32] main.WARNING: Cache backend response slow {"duration_ms":420,"cache_type":"full_page"} []
[2026-06-28 00:49:32] main.WARNING: Cron schedule missed {"job":"sales_clean_quotes","delay_sec":180} []
[2026-06-28 00:49:32] main.INFO: Order placed successfully {"payment_method":"checkmo"} []
[2026-06-28 00:49:34] main.INFO: Order placed successfully {"payment_method":"checkmo"} []
[2026-06-28 00:49:34] main.INFO: Order placed successfully {"payment_method":"checkmo"} []
[2026-06-28 00:49:34] main.WARNING: Redis connection pool near capacity {"used":85,"max":100} []
[2026-06-28 00:49:34] main.WARNING: Cron schedule missed {"job":"sales_clean_quotes","delay_sec":180} []
[2026-06-28 00:49:34] main.WARNING: Cron schedule missed {"job":"sales_clean_quotes","delay_sec":180} []
[2026-06-28 00:49:35] main.WARNING: Cache backend response slow {"duration_ms":420,"cache_type":"full_page"} []
[2026-06-28 00:49:35] main.NOTICE: Cron job completed {"job":"catalog_product_index_price_reindex_all"} []
[2026-06-28 00:49:35] main.WARNING: Redis connection pool near capacity {"used":85,"max":100} []
[2026-06-28 00:49:35] main.INFO: Cache cleaned successfully {"cache_type":"full_page"} []
[2026-06-28 00:49:35] main.INFO: Order placed successfully {"payment_method":"checkmo"} []
[2026-06-28 00:49:35] main.WARNING: Cron schedule missed {"job":"sales_clean_quotes","delay_sec":180} []
[2026-06-28 00:49:35] main.WARNING: Cron schedule missed {"job":"sales_clean_quotes","delay_sec":180} []
[2026-06-28 00:49:35] main.WARNING: Cron schedule missed {"job":"sales_clean_quotes","delay_sec":180} []
[2026-06-28 00:49:35] main.INFO: Product page rendered from cache {"cache_hit":true} []
[2026-06-28 00:49:35] main.WARNING: Cache backend response slow {"duration_ms":420,"cache_type":"full_page"} []
[2026-06-28 00:49:35] main.INFO: Product page rendered from cache {"cache_hit":true} []
[2026-06-28 00:49:35] main.INFO: Product page rendered from cache {"cache_hit":true} []
[2026-06-28 00:49:35] main.INFO: Product page rendered from cache {"cache_hit":true} []
[2026-06-28 00:49:35] main.WARNING: Redis connection pool near capacity {"used":85,"max":100} []
[2026-06-28 00:49:35] main.WARNING: Cron schedule missed {"job":"sales_clean_quotes","delay_sec":180} []
[2026-06-28 00:49:37] main.WARNING: Cron schedule missed {"job":"sales_clean_quotes","delay_sec":180} []
[2026-06-28 00:49:37] main.WARNING: Cron schedule missed {"job":"sales_clean_quotes","delay_sec":180} []
[2026-06-28 00:49:37] main.WARNING: Cache backend response slow {"duration_ms":420,"cache_type":"full_page"} []
[2026-06-28 00:49:37] main.WARNING: Cron schedule missed {"job":"sales_clean_quotes","delay_sec":180} []
[2026-06-28 00:49:37] main.INFO: Order placed successfully {"payment_method":"checkmo"} []
[2026-06-28 00:49:37] main.WARNING: Cron schedule missed {"job":"sales_clean_quotes","delay_sec":180} []
[2026-06-28 00:49:37] main.INFO: Customer login successful {"area":"frontend"} []
[2026-06-28 00:49:37] main.NOTICE: Cron job completed {"job":"catalog_product_index_price_reindex_all"} []
[2026-06-28 00:49:37] main.WARNING: Cache backend response slow {"duration_ms":420,"cache_type":"full_page"} []
[2026-06-28 00:49:37] main.INFO: Product page rendered from cache {"cache_hit":true} []
[2026-06-28 00:49:37] main.WARNING: Redis connection pool near capacity {"used":85,"max":100} []
[2026-06-28 00:49:37] main.INFO: Cache cleaned successfully {"cache_type":"full_page"} []
[2026-06-28 00:49:37] main.WARNING: Cache backend response slow {"duration_ms":420,"cache_type":"full_page"} []
[2026-06-28 00:49:37] main.INFO: Customer login successful {"area":"frontend"} []
[2026-06-28 00:49:37] main.NOTICE: Cron job completed {"job":"catalog_product_index_price_reindex_all"} []
[2026-06-28 00:49:37] main.INFO: Cache cleaned successfully {"cache_type":"full_page"} []
[2026-06-28 00:49:37] main.WARNING: Cache backend response slow {"duration_ms":420,"cache_type":"full_page"} []
[2026-06-28 00:49:37] main.INFO: Customer login successful {"area":"frontend"} []
[2026-06-28 00:49:37] main.INFO: Customer login successful {"area":"frontend"} []
[2026-06-28 00:49:37] main.INFO: Product page rendered from cache {"cache_hit":true} []
[2026-06-28 00:49:39] main.WARNING: Cache backend response slow {"duration_ms":420,"cache_type":"full_page"} []
[2026-06-28 00:49:39] main.INFO: Order placed successfully {"payment_method":"checkmo"} []
[2026-06-28 00:49:39] main.WARNING: Cron schedule missed {"job":"sales_clean_quotes","delay_sec":180} []
[2026-06-28 00:49:39] main.INFO: Order placed successfully {"payment_method":"checkmo"} []
[2026-06-28 00:49:39] main.WARNING: Cron schedule missed {"job":"sales_clean_quotes","delay_sec":180} []
[2026-06-28 00:49:40] main.WARNING: Cron schedule missed {"job":"sales_clean_quotes","delay_sec":180} []
[2026-06-28 00:49:40] main.NOTICE: Cron job completed {"job":"catalog_product_index_price_reindex_all"} []
[2026-06-28 00:49:40] main.WARNING: Cache backend response slow {"duration_ms":420,"cache_type":"full_page"} []
[2026-06-28 00:49:40] main.WARNING: Cron schedule missed {"job":"sales_clean_quotes","delay_sec":180} []
[2026-06-28 00:49:40] main.WARNING: Redis connection pool near capacity {"used":85,"max":100} []
[2026-06-28 00:49:40] main.INFO: Cache cleaned successfully {"cache_type":"full_page"} []
[2026-06-28 00:49:40] main.INFO: Cache cleaned successfully {"cache_type":"full_page"} []
[2026-06-28 00:49:40] main.WARNING: Cache backend response slow {"duration_ms":420,"cache_type":"full_page"} []
[2026-06-28 00:49:40] main.INFO: Product page rendered from cache {"cache_hit":true} []
[2026-06-28 00:49:40] main.WARNING: Cron schedule missed {"job":"sales_clean_quotes","delay_sec":180} []
[2026-06-28 00:49:40] main.WARNING: Cron schedule missed {"job":"sales_clean_quotes","delay_sec":180} []
[2026-06-28 00:49:40] main.WARNING: Cron schedule missed {"job":"sales_clean_quotes","delay_sec":180} []
[2026-06-28 00:49:40] main.WARNING: Redis connection pool near capacity {"used":85,"max":100} []
[2026-06-28 00:49:40] main.WARNING: Redis connection pool near capacity {"used":85,"max":100} []
[2026-06-28 00:49:40] main.NOTICE: Cron job completed {"job":"catalog_product_index_price_reindex_all"} []
[2026-06-28 00:49:42] main.INFO: Customer login successful {"area":"frontend"} []
[2026-06-28 00:49:42] main.INFO: Order placed successfully {"payment_method":"checkmo"} []
[2026-06-28 00:49:42] main.WARNING: Redis connection pool near capacity {"used":85,"max":100} []
[2026-06-28 00:49:42] main.INFO: Product page rendered from cache {"cache_hit":true} []
[2026-06-28 00:49:42] main.WARNING: Cache backend response slow {"duration_ms":420,"cache_type":"full_page"} []
[2026-06-28 00:49:42] main.INFO: Order placed successfully {"payment_method":"checkmo"} []
[2026-06-28 00:49:42] main.INFO: Cache cleaned successfully {"cache_type":"full_page"} []
[2026-06-28 00:49:42] main.INFO: Customer login successful {"area":"frontend"} []
[2026-06-28 00:49:42] main.INFO: Cache cleaned successfully {"cache_type":"full_page"} []
[2026-06-28 00:49:42] main.INFO: Customer login successful {"area":"frontend"} []
[2026-06-28 00:49:42] main.INFO: Customer login successful {"area":"frontend"} []
[2026-06-28 00:49:42] main.WARNING: Redis connection pool near capacity {"used":85,"max":100} []
[2026-06-28 00:49:42] main.WARNING: Redis connection pool near capacity {"used":85,"max":100} []
[2026-06-28 00:49:42] main.INFO: Order placed successfully {"payment_method":"checkmo"} []
[2026-06-28 00:49:42] main.WARNING: Redis connection pool near capacity {"used":85,"max":100} []
[2026-06-28 00:49:42] main.WARNING: Redis connection pool near capacity {"used":85,"max":100} []
[2026-06-28 00:49:42] main.INFO: Cache cleaned successfully {"cache_type":"full_page"} []
[2026-06-28 00:49:42] main.WARNING: Cron schedule missed {"job":"sales_clean_quotes","delay_sec":180} []
[2026-06-28 00:49:42] main.INFO: Product page rendered from cache {"cache_hit":true} []
[2026-06-28 00:49:42] main.WARNING: Redis connection pool near capacity {"used":85,"max":100} []
[2026-06-28 00:49:44] main.NOTICE: Cron job completed {"job":"catalog_product_index_price_reindex_all"} []
[2026-06-28 00:49:44] main.WARNING: Redis connection pool near capacity {"used":85,"max":100} []
[2026-06-28 00:49:44] main.INFO: Order placed successfully {"payment_method":"checkmo"} []
[2026-06-28 00:49:44] main.INFO: Order placed successfully {"payment_method":"checkmo"} []
[2026-06-28 00:49:44] main.WARNING: Cron schedule missed {"job":"sales_clean_quotes","delay_sec":180} []
[2026-06-28 00:49:44] main.WARNING: Cache backend response slow {"duration_ms":420,"cache_type":"full_page"} []
[2026-06-28 00:49:44] main.WARNING: Cron schedule missed {"job":"sales_clean_quotes","delay_sec":180} []
[2026-06-28 00:49:44] main.WARNING: Cache backend response slow {"duration_ms":420,"cache_type":"full_page"} []
[2026-06-28 00:49:45] main.INFO: Customer login successful {"area":"frontend"} []
[2026-06-28 00:49:45] main.INFO: Product page rendered from cache {"cache_hit":true} []
[2026-06-28 00:49:45] main.WARNING: Redis connection pool near capacity {"used":85,"max":100} []
[2026-06-28 00:49:45] main.INFO: Product page rendered from cache {"cache_hit":true} []
[2026-06-28 00:49:45] main.WARNING: Cache backend response slow {"duration_ms":420,"cache_type":"full_page"} []
[2026-06-28 00:49:45] main.WARNING: Redis connection pool near capacity {"used":85,"max":100} []
[2026-06-28 00:49:45] main.INFO: Cache cleaned successfully {"cache_type":"full_page"} []
[2026-06-28 00:49:45] main.INFO: Order placed successfully {"payment_method":"checkmo"} []
[2026-06-28 00:49:45] main.WARNING: Cache backend response slow {"duration_ms":420,"cache_type":"full_page"} []
[2026-06-28 00:49:45] main.INFO: Order placed successfully {"payment_method":"checkmo"} []
[2026-06-28 00:49:45] main.WARNING: Cache backend response slow {"duration_ms":420,"cache_type":"full_page"} []
[2026-06-28 00:49:45] main.WARNING: Cron schedule missed {"job":"sales_clean_quotes","delay_sec":180} []
[2026-06-28 00:49:47] main.NOTICE: Cron job completed {"job":"catalog_product_index_price_reindex_all"} []
[2026-06-28 00:49:47] main.NOTICE: Cron job completed {"job":"catalog_product_index_price_reindex_all"} []
[2026-06-28 00:49:47] main.WARNING: Cron schedule missed {"job":"sales_clean_quotes","delay_sec":180} []
[2026-06-28 00:49:47] main.INFO: Cache cleaned successfully {"cache_type":"full_page"} []
[2026-06-28 00:49:47] main.WARNING: Cache backend response slow {"duration_ms":420,"cache_type":"full_page"} []
[2026-06-28 00:49:47] main.WARNING: Cache backend response slow {"duration_ms":420,"cache_type":"full_page"} []
[2026-06-28 00:49:47] main.WARNING: Redis connection pool near capacity {"used":85,"max":100} []
[2026-06-28 00:49:47] main.WARNING: Redis connection pool near capacity {"used":85,"max":100} []
[2026-06-28 00:49:47] main.NOTICE: Cron job completed {"job":"catalog_product_index_price_reindex_all"} []
[2026-06-28 00:49:47] main.INFO: Customer login successful {"area":"frontend"} []
[2026-06-28 00:49:47] main.WARNING: Cron schedule missed {"job":"sales_clean_quotes","delay_sec":180} []
[2026-06-28 00:49:47] main.WARNING: Cache backend response slow {"duration_ms":420,"cache_type":"full_page"} []
[2026-06-28 00:49:47] main.WARNING: Cron schedule missed {"job":"sales_clean_quotes","delay_sec":180} []
[2026-06-28 00:49:47] main.WARNING: Cron schedule missed {"job":"sales_clean_quotes","delay_sec":180} []
[2026-06-28 00:49:47] main.WARNING: Cache backend response slow {"duration_ms":420,"cache_type":"full_page"} []
[2026-06-28 00:49:47] main.WARNING: Cron schedule missed {"job":"sales_clean_quotes","delay_sec":180} []
[2026-06-28 00:49:47] main.WARNING: Redis connection pool near capacity {"used":85,"max":100} []
[2026-06-28 00:49:47] main.NOTICE: Cron job completed {"job":"catalog_product_index_price_reindex_all"} []
[2026-06-28 00:49:47] main.WARNING: Cron schedule missed {"job":"sales_clean_quotes","delay_sec":180} []
[2026-06-28 00:49:47] main.INFO: Customer login successful {"area":"frontend"} []
[2026-06-28 00:49:49] main.NOTICE: Cron job completed {"job":"catalog_product_index_price_reindex_all"} []
[2026-06-28 00:49:49] main.WARNING: Cron schedule missed {"job":"sales_clean_quotes","delay_sec":180} []
[2026-06-28 00:49:49] main.WARNING: Cron schedule missed {"job":"sales_clean_quotes","delay_sec":180} []
[2026-06-28 00:49:49] main.WARNING: Redis connection pool near capacity {"used":85,"max":100} []
[2026-06-28 00:49:49] main.WARNING: Redis connection pool near capacity {"used":85,"max":100} []
[2026-06-28 00:49:49] main.WARNING: Cron schedule missed {"job":"sales_clean_quotes","delay_sec":180} []
[2026-06-28 00:49:49] main.WARNING: Redis connection pool near capacity {"used":85,"max":100} []
[2026-06-28 00:49:49] main.INFO: Product page rendered from cache {"cache_hit":true} []
[2026-06-28 00:49:49] main.NOTICE: Cron job completed {"job":"catalog_product_index_price_reindex_all"} []
[2026-06-28 00:49:49] main.INFO: Customer login successful {"area":"frontend"} []
[2026-06-28 00:49:49] main.NOTICE: Cron job completed {"job":"catalog_product_index_price_reindex_all"} []
[2026-06-28 00:49:49] main.INFO: Order placed successfully {"payment_method":"checkmo"} []
[2026-06-28 00:49:49] main.WARNING: Redis connection pool near capacity {"used":85,"max":100} []
[2026-06-28 00:49:49] main.INFO: Order placed successfully {"payment_method":"checkmo"} []
[2026-06-28 00:49:49] main.INFO: Customer login successful {"area":"frontend"} []
[2026-06-28 00:49:50] main.WARNING: Redis connection pool near capacity {"used":85,"max":100} []
[2026-06-28 00:49:50] main.INFO: Product page rendered from cache {"cache_hit":true} []
[2026-06-28 00:49:50] main.INFO: Order placed successfully {"payment_method":"checkmo"} []
[2026-06-28 00:49:50] main.INFO: Order placed successfully {"payment_method":"checkmo"} []
[2026-06-28 00:49:50] main.INFO: Cache cleaned successfully {"cache_type":"full_page"} []
[2026-06-28 00:49:52] main.NOTICE: Cron job completed {"job":"catalog_product_index_price_reindex_all"} []
[2026-06-28 00:49:52] main.INFO: Product page rendered from cache {"cache_hit":true} []
[2026-06-28 00:49:52] main.WARNING: Redis connection pool near capacity {"used":85,"max":100} []
[2026-06-28 00:49:52] main.WARNING: Redis connection pool near capacity {"used":85,"max":100} []
[2026-06-28 00:49:52] main.WARNING: Cache backend response slow {"duration_ms":420,"cache_type":"full_page"} []
[2026-06-28 00:49:52] main.WARNING: Cache backend response slow {"duration_ms":420,"cache_type":"full_page"} []
[2026-06-28 00:49:52] main.WARNING: Redis connection pool near capacity {"used":85,"max":100} []
[2026-06-28 00:49:52] main.NOTICE: Cron job completed {"job":"catalog_product_index_price_reindex_all"} []
[2026-06-28 00:49:52] main.WARNING: Cron schedule missed {"job":"sales_clean_quotes","delay_sec":180} []
[2026-06-28 00:49:52] main.INFO: Product page rendered from cache {"cache_hit":true} []
[2026-06-28 00:49:52] main.INFO: Cache cleaned successfully {"cache_type":"full_page"} []
[2026-06-28 00:49:52] main.NOTICE: Cron job completed {"job":"catalog_product_index_price_reindex_all"} []
[2026-06-28 00:49:52] main.WARNING: Cache backend response slow {"duration_ms":420,"cache_type":"full_page"} []
[2026-06-28 00:49:52] main.WARNING: Cron schedule missed {"job":"sales_clean_quotes","delay_sec":180} []
[2026-06-28 00:49:52] main.WARNING: Cron schedule missed {"job":"sales_clean_quotes","delay_sec":180} []
[2026-06-28 00:49:52] main.NOTICE: Cron job completed {"job":"catalog_product_index_price_reindex_all"} []
[2026-06-28 00:49:52] main.WARNING: Cron schedule missed {"job":"sales_clean_quotes","delay_sec":180} []
[2026-06-28 00:49:52] main.INFO: Cache cleaned successfully {"cache_type":"full_page"} []
[2026-06-28 00:49:52] main.WARNING: Cron schedule missed {"job":"sales_clean_quotes","delay_sec":180} []
[2026-06-28 00:49:52] main.WARNING: Cache backend response slow {"duration_ms":420,"cache_type":"full_page"} []
[2026-06-28 00:49:54] main.WARNING: Redis connection pool near capacity {"used":85,"max":100} []
[2026-06-28 00:49:54] main.WARNING: Cache backend response slow {"duration_ms":420,"cache_type":"full_page"} []
[2026-06-28 00:49:54] main.WARNING: Redis connection pool near capacity {"used":85,"max":100} []
[2026-06-28 00:49:54] main.WARNING: Cache backend response slow {"duration_ms":420,"cache_type":"full_page"} []
[2026-06-28 00:49:54] main.WARNING: Cache backend response slow {"duration_ms":420,"cache_type":"full_page"} []
[2026-06-28 00:49:54] main.INFO: Cache cleaned successfully {"cache_type":"full_page"} []
[2026-06-28 00:49:54] main.INFO: Product page rendered from cache {"cache_hit":true} []
[2026-06-28 00:49:54] main.WARNING: Cache backend response slow {"duration_ms":420,"cache_type":"full_page"} []
[2026-06-28 00:49:54] main.INFO: Order placed successfully {"payment_method":"checkmo"} []
[2026-06-28 00:49:54] main.INFO: Cache cleaned successfully {"cache_type":"full_page"} []
[2026-06-28 00:49:54] main.WARNING: Cache backend response slow {"duration_ms":420,"cache_type":"full_page"} []
[2026-06-28 00:49:54] main.WARNING: Cron schedule missed {"job":"sales_clean_quotes","delay_sec":180} []
[2026-06-28 00:49:54] main.WARNING: Redis connection pool near capacity {"used":85,"max":100} []
[2026-06-28 00:49:54] main.WARNING: Cache backend response slow {"duration_ms":420,"cache_type":"full_page"} []
[2026-06-28 00:49:54] main.WARNING: Cache backend response slow {"duration_ms":420,"cache_type":"full_page"} []
[2026-06-28 00:49:54] main.WARNING: Cache backend response slow {"duration_ms":420,"cache_type":"full_page"} []
[2026-06-28 00:49:54] main.NOTICE: Cron job completed {"job":"catalog_product_index_price_reindex_all"} []
[2026-06-28 00:49:54] main.WARNING: Cache backend response slow {"duration_ms":420,"cache_type":"full_page"} []
[2026-06-28 00:49:54] main.WARNING: Redis connection pool near capacity {"used":85,"max":100} []
[2026-06-28 00:49:54] main.INFO: Cache cleaned successfully {"cache_type":"full_page"} []
[2026-06-28 00:49:57] main.INFO: Product page rendered from cache {"cache_hit":true} []
[2026-06-28 00:49:57] main.NOTICE: Cron job completed {"job":"catalog_product_index_price_reindex_all"} []
[2026-06-28 00:49:57] main.INFO: Order placed successfully {"payment_method":"checkmo"} []
[2026-06-28 00:49:57] main.WARNING: Cron schedule missed {"job":"sales_clean_quotes","delay_sec":180} []
[2026-06-28 00:49:57] main.NOTICE: Cron job completed {"job":"catalog_product_index_price_reindex_all"} []
[2026-06-28 00:49:57] main.WARNING: Cron schedule missed {"job":"sales_clean_quotes","delay_sec":180} []
[2026-06-28 00:49:57] main.WARNING: Redis connection pool near capacity {"used":85,"max":100} []
[2026-06-28 00:49:57] main.NOTICE: Cron job completed {"job":"catalog_product_index_price_reindex_all"} []
[2026-06-28 00:49:57] main.INFO: Product page rendered from cache {"cache_hit":true} []
[2026-06-28 00:49:57] main.INFO: Product page rendered from cache {"cache_hit":true} []
[2026-06-28 00:49:57] main.INFO: Order placed successfully {"payment_method":"checkmo"} []
[2026-06-28 00:49:57] main.INFO: Product page rendered from cache {"cache_hit":true} []
[2026-06-28 00:49:57] main.WARNING: Cache backend response slow {"duration_ms":420,"cache_type":"full_page"} []
[2026-06-28 00:49:57] main.WARNING: Cron schedule missed {"job":"sales_clean_quotes","delay_sec":180} []
[2026-06-28 00:49:57] main.INFO: Customer login successful {"area":"frontend"} []
[2026-06-28 00:49:57] main.INFO: Product page rendered from cache {"cache_hit":true} []
[2026-06-28 00:49:57] main.INFO: Customer login successful {"area":"frontend"} []
[2026-06-28 00:49:57] main.NOTICE: Cron job completed {"job":"catalog_product_index_price_reindex_all"} []
[2026-06-28 00:49:57] main.INFO: Order placed successfully {"payment_method":"checkmo"} []
[2026-06-28 00:49:57] main.INFO: Product page rendered from cache {"cache_hit":true} []
[2026-06-28 00:49:59] main.INFO: Product page rendered from cache {"cache_hit":true} []
[2026-06-28 00:49:59] main.NOTICE: Cron job completed {"job":"catalog_product_index_price_reindex_all"} []
[2026-06-28 00:49:59] main.WARNING: Cron schedule missed {"job":"sales_clean_quotes","delay_sec":180} []
[2026-06-28 00:49:59] main.NOTICE: Cron job completed {"job":"catalog_product_index_price_reindex_all"} []
[2026-06-28 00:49:59] main.WARNING: Cache backend response slow {"duration_ms":420,"cache_type":"full_page"} []
[2026-06-28 00:49:59] main.INFO: Order placed successfully {"payment_method":"checkmo"} []
[2026-06-28 00:49:59] main.WARNING: Cron schedule missed {"job":"sales_clean_quotes","delay_sec":180} []
[2026-06-28 00:49:59] main.WARNING: Redis connection pool near capacity {"used":85,"max":100} []
[2026-06-28 00:49:59] main.WARNING: Cache backend response slow {"duration_ms":420,"cache_type":"full_page"} []
[2026-06-28 00:49:59] main.INFO: Product page rendered from cache {"cache_hit":true} []
[2026-06-28 00:49:59] main.INFO: Customer login successful {"area":"frontend"} []
[2026-06-28 00:49:59] main.WARNING: Redis connection pool near capacity {"used":85,"max":100} []
[2026-06-28 00:49:59] main.INFO: Cache cleaned successfully {"cache_type":"full_page"} []
[2026-06-28 00:49:59] main.NOTICE: Cron job completed {"job":"catalog_product_index_price_reindex_all"} []
[2026-06-28 00:49:59] main.WARNING: Redis connection pool near capacity {"used":85,"max":100} []
[2026-06-28 00:49:59] main.INFO: Order placed successfully {"payment_method":"checkmo"} []
[2026-06-28 00:49:59] main.NOTICE: Cron job completed {"job":"catalog_product_index_price_reindex_all"} []
[2026-06-28 00:49:59] main.INFO: Customer login successful {"area":"frontend"} []
[2026-06-28 00:49:59] main.WARNING: Cron schedule missed {"job":"sales_clean_quotes","delay_sec":180} []
[2026-06-28 00:49:59] main.NOTICE: Cron job completed {"job":"catalog_product_index_price_reindex_all"} []
[2026-06-28 00:50:01] main.WARNING: Cron schedule missed {"job":"sales_clean_quotes","delay_sec":180} []
[2026-06-28 00:50:01] main.NOTICE: Cron job completed {"job":"catalog_product_index_price_reindex_all"} []
[2026-06-28 00:50:01] main.WARNING: Cron schedule missed {"job":"sales_clean_quotes","delay_sec":180} []
[2026-06-28 00:50:01] main.WARNING: Redis connection pool near capacity {"used":85,"max":100} []
[2026-06-28 00:50:01] main.WARNING: Cron schedule missed {"job":"sales_clean_quotes","delay_sec":180} []
[2026-06-28 00:50:01] main.WARNING: Cron schedule missed {"job":"sales_clean_quotes","delay_sec":180} []
[2026-06-28 00:50:01] main.WARNING: Redis connection pool near capacity {"used":85,"max":100} []
[2026-06-28 00:50:01] main.WARNING: Redis connection pool near capacity {"used":85,"max":100} []
[2026-06-28 00:50:01] main.WARNING: Cache backend response slow {"duration_ms":420,"cache_type":"full_page"} []
[2026-06-28 00:50:01] main.INFO: Customer login successful {"area":"frontend"} []
[2026-06-28 00:50:01] main.INFO: Product page rendered from cache {"cache_hit":true} []
[2026-06-28 00:50:01] main.WARNING: Redis connection pool near capacity {"used":85,"max":100} []
[2026-06-28 00:50:01] main.INFO: Cache cleaned successfully {"cache_type":"full_page"} []
[2026-06-28 00:50:01] main.INFO: Cache cleaned successfully {"cache_type":"full_page"} []
[2026-06-28 00:50:01] main.WARNING: Cron schedule missed {"job":"sales_clean_quotes","delay_sec":180} []
[2026-06-28 00:50:01] main.WARNING: Cache backend response slow {"duration_ms":420,"cache_type":"full_page"} []
[2026-06-28 00:50:02] main.WARNING: Redis connection pool near capacity {"used":85,"max":100} []
[2026-06-28 00:50:02] main.WARNING: Cron schedule missed {"job":"sales_clean_quotes","delay_sec":180} []
[2026-06-28 00:50:02] main.INFO: Cache cleaned successfully {"cache_type":"full_page"} []
[2026-06-28 00:50:02] main.INFO: Product page rendered from cache {"cache_hit":true} []
[2026-06-28 00:50:04] main.INFO: Customer login successful {"area":"frontend"} []
[2026-06-28 00:50:04] main.INFO: Product page rendered from cache {"cache_hit":true} []
[2026-06-28 00:50:04] main.INFO: Cache cleaned successfully {"cache_type":"full_page"} []
[2026-06-28 00:50:04] main.WARNING: Redis connection pool near capacity {"used":85,"max":100} []
[2026-06-28 00:50:04] main.WARNING: Cron schedule missed {"job":"sales_clean_quotes","delay_sec":180} []
[2026-06-28 00:50:04] main.INFO: Customer login successful {"area":"frontend"} []
[2026-06-28 00:50:04] main.WARNING: Cron schedule missed {"job":"sales_clean_quotes","delay_sec":180} []
[2026-06-28 00:50:04] main.NOTICE: Cron job completed {"job":"catalog_product_index_price_reindex_all"} []
[2026-06-28 00:50:04] main.INFO: Cache cleaned successfully {"cache_type":"full_page"} []
[2026-06-28 00:50:04] main.WARNING: Cache backend response slow {"duration_ms":420,"cache_type":"full_page"} []
[2026-06-28 00:50:04] main.WARNING: Cron schedule missed {"job":"sales_clean_quotes","delay_sec":180} []
[2026-06-28 00:50:04] main.WARNING: Redis connection pool near capacity {"used":85,"max":100} []
[2026-06-28 00:50:04] main.INFO: Customer login successful {"area":"frontend"} []
[2026-06-28 00:50:04] main.WARNING: Cache backend response slow {"duration_ms":420,"cache_type":"full_page"} []
[2026-06-28 00:50:04] main.INFO: Order placed successfully {"payment_method":"checkmo"} []
[2026-06-28 00:50:04] main.NOTICE: Cron job completed {"job":"catalog_product_index_price_reindex_all"} []
[2026-06-28 00:50:04] main.INFO: Customer login successful {"area":"frontend"} []
[2026-06-28 00:50:04] main.WARNING: Cron schedule missed {"job":"sales_clean_quotes","delay_sec":180} []
[2026-06-28 00:50:04] main.NOTICE: Cron job completed {"job":"catalog_product_index_price_reindex_all"} []
[2026-06-28 00:50:04] main.INFO: Customer login successful {"area":"frontend"} []
[2026-06-28 00:50:06] main.WARNING: Redis connection pool near capacity {"used":85,"max":100} []
[2026-06-28 00:50:06] main.WARNING: Cron schedule missed {"job":"sales_clean_quotes","delay_sec":180} []
[2026-06-28 00:50:06] main.WARNING: Redis connection pool near capacity {"used":85,"max":100} []
[2026-06-28 00:50:06] main.INFO: Customer login successful {"area":"frontend"} []
[2026-06-28 00:50:06] main.INFO: Cache cleaned successfully {"cache_type":"full_page"} []
[2026-06-28 00:50:06] main.INFO: Order placed successfully {"payment_method":"checkmo"} []
[2026-06-28 00:50:06] main.WARNING: Cache backend response slow {"duration_ms":420,"cache_type":"full_page"} []
[2026-06-28 00:50:06] main.INFO: Product page rendered from cache {"cache_hit":true} []
[2026-06-28 00:50:06] main.WARNING: Cache backend response slow {"duration_ms":420,"cache_type":"full_page"} []
[2026-06-28 00:50:06] main.WARNING: Redis connection pool near capacity {"used":85,"max":100} []
[2026-06-28 00:50:06] main.INFO: Order placed successfully {"payment_method":"checkmo"} []
[2026-06-28 00:50:06] main.WARNING: Redis connection pool near capacity {"used":85,"max":100} []
[2026-06-28 00:50:06] main.WARNING: Redis connection pool near capacity {"used":85,"max":100} []
[2026-06-28 00:50:06] main.WARNING: Cron schedule missed {"job":"sales_clean_quotes","delay_sec":180} []
[2026-06-28 00:50:06] main.WARNING: Cron schedule missed {"job":"sales_clean_quotes","delay_sec":180} []
[2026-06-28 00:50:06] main.INFO: Product page rendered from cache {"cache_hit":true} []
[2026-06-28 00:50:06] main.INFO: Cache cleaned successfully {"cache_type":"full_page"} []
[2026-06-28 00:50:06] main.WARNING: Cron schedule missed {"job":"sales_clean_quotes","delay_sec":180} []
[2026-06-28 00:50:06] main.WARNING: Redis connection pool near capacity {"used":85,"max":100} []
[2026-06-28 00:50:06] main.WARNING: Cron schedule missed {"job":"sales_clean_quotes","delay_sec":180} []
[2026-06-28 00:50:08] main.NOTICE: Cron job completed {"job":"catalog_product_index_price_reindex_all"} []
[2026-06-28 00:50:08] main.WARNING: Cron schedule missed {"job":"sales_clean_quotes","delay_sec":180} []
[2026-06-28 00:50:08] main.WARNING: Redis connection pool near capacity {"used":85,"max":100} []
[2026-06-28 00:50:08] main.INFO: Customer login successful {"area":"frontend"} []
[2026-06-28 00:50:08] main.INFO: Cache cleaned successfully {"cache_type":"full_page"} []
[2026-06-28 00:50:08] main.WARNING: Cache backend response slow {"duration_ms":420,"cache_type":"full_page"} []
[2026-06-28 00:50:08] main.INFO: Cache cleaned successfully {"cache_type":"full_page"} []
[2026-06-28 00:50:08] main.INFO: Cache cleaned successfully {"cache_type":"full_page"} []
[2026-06-28 00:50:08] main.INFO: Cache cleaned successfully {"cache_type":"full_page"} []
[2026-06-28 00:50:08] main.WARNING: Cron schedule missed {"job":"sales_clean_quotes","delay_sec":180} []
[2026-06-28 00:50:09] main.WARNING: Redis connection pool near capacity {"used":85,"max":100} []
[2026-06-28 00:50:09] main.WARNING: Redis connection pool near capacity {"used":85,"max":100} []
[2026-06-28 00:50:09] main.INFO: Product page rendered from cache {"cache_hit":true} []
[2026-06-28 00:50:09] main.NOTICE: Cron job completed {"job":"catalog_product_index_price_reindex_all"} []
[2026-06-28 00:50:09] main.INFO: Product page rendered from cache {"cache_hit":true} []
[2026-06-28 00:50:09] main.WARNING: Redis connection pool near capacity {"used":85,"max":100} []
[2026-06-28 00:50:09] main.NOTICE: Cron job completed {"job":"catalog_product_index_price_reindex_all"} []
[2026-06-28 00:50:09] main.INFO: Product page rendered from cache {"cache_hit":true} []
[2026-06-28 00:50:09] main.INFO: Order placed successfully {"payment_method":"checkmo"} []
[2026-06-28 00:50:09] main.WARNING: Cache backend response slow {"duration_ms":420,"cache_type":"full_page"} []
[2026-06-28 00:50:11] main.INFO: Customer login successful {"area":"frontend"} []
[2026-06-28 00:50:11] main.INFO: Product page rendered from cache {"cache_hit":true} []
[2026-06-28 00:50:11] main.WARNING: Cron schedule missed {"job":"sales_clean_quotes","delay_sec":180} []
[2026-06-28 00:50:11] main.WARNING: Redis connection pool near capacity {"used":85,"max":100} []
[2026-06-28 00:50:11] main.WARNING: Redis connection pool near capacity {"used":85,"max":100} []
[2026-06-28 00:50:11] main.WARNING: Redis connection pool near capacity {"used":85,"max":100} []
[2026-06-28 00:50:11] main.WARNING: Redis connection pool near capacity {"used":85,"max":100} []
[2026-06-28 00:50:11] main.INFO: Order placed successfully {"payment_method":"checkmo"} []
[2026-06-28 00:50:11] main.WARNING: Cron schedule missed {"job":"sales_clean_quotes","delay_sec":180} []
[2026-06-28 00:50:11] main.WARNING: Redis connection pool near capacity {"used":85,"max":100} []
[2026-06-28 00:50:11] main.WARNING: Redis connection pool near capacity {"used":85,"max":100} []
[2026-06-28 00:50:11] main.INFO: Cache cleaned successfully {"cache_type":"full_page"} []
[2026-06-28 00:50:11] main.INFO: Product page rendered from cache {"cache_hit":true} []
[2026-06-28 00:50:11] main.WARNING: Redis connection pool near capacity {"used":85,"max":100} []
[2026-06-28 00:50:11] main.WARNING: Cron schedule missed {"job":"sales_clean_quotes","delay_sec":180} []
[2026-06-28 00:50:11] main.WARNING: Cache backend response slow {"duration_ms":420,"cache_type":"full_page"} []
[2026-06-28 00:50:11] main.WARNING: Cron schedule missed {"job":"sales_clean_quotes","delay_sec":180} []
[2026-06-28 00:50:11] main.WARNING: Cron schedule missed {"job":"sales_clean_quotes","delay_sec":180} []
[2026-06-28 00:50:11] main.WARNING: Cron schedule missed {"job":"sales_clean_quotes","delay_sec":180} []
[2026-06-28 00:50:11] main.INFO: Order placed successfully {"payment_method":"checkmo"} []
[2026-06-28 00:50:13] main.WARNING: Cron schedule missed {"job":"sales_clean_quotes","delay_sec":180} []
[2026-06-28 00:50:13] main.WARNING: Redis connection pool near capacity {"used":85,"max":100} []
[2026-06-28 00:50:13] main.INFO: Cache cleaned successfully {"cache_type":"full_page"} []
[2026-06-28 00:50:13] main.WARNING: Cache backend response slow {"duration_ms":420,"cache_type":"full_page"} []
[2026-06-28 00:50:13] main.INFO: Product page rendered from cache {"cache_hit":true} []
[2026-06-28 00:50:13] main.NOTICE: Cron job completed {"job":"catalog_product_index_price_reindex_all"} []
[2026-06-28 00:50:13] main.INFO: Order placed successfully {"payment_method":"checkmo"} []
[2026-06-28 00:50:13] main.WARNING: Redis connection pool near capacity {"used":85,"max":100} []
[2026-06-28 00:50:13] main.INFO: Customer login successful {"area":"frontend"} []
[2026-06-28 00:50:13] main.WARNING: Cache backend response slow {"duration_ms":420,"cache_type":"full_page"} []
[2026-06-28 00:50:13] main.INFO: Product page rendered from cache {"cache_hit":true} []
[2026-06-28 00:50:13] main.INFO: Customer login successful {"area":"frontend"} []
[2026-06-28 00:50:13] main.WARNING: Cron schedule missed {"job":"sales_clean_quotes","delay_sec":180} []
[2026-06-28 00:50:13] main.WARNING: Cron schedule missed {"job":"sales_clean_quotes","delay_sec":180} []
[2026-06-28 00:50:13] main.INFO: Cache cleaned successfully {"cache_type":"full_page"} []
[2026-06-28 00:50:13] main.INFO: Customer login successful {"area":"frontend"} []
[2026-06-28 00:50:13] main.INFO: Product page rendered from cache {"cache_hit":true} []
[2026-06-28 00:50:13] main.WARNING: Redis connection pool near capacity {"used":85,"max":100} []
[2026-06-28 00:50:13] main.INFO: Customer login successful {"area":"frontend"} []
[2026-06-28 00:50:13] main.NOTICE: Cron job completed {"job":"catalog_product_index_price_reindex_all"} []
[2026-06-28 00:50:15] main.WARNING: Cron schedule missed {"job":"sales_clean_quotes","delay_sec":180} []
[2026-06-28 00:50:15] main.INFO: Product page rendered from cache {"cache_hit":true} []
[2026-06-28 00:50:15] main.WARNING: Cron schedule missed {"job":"sales_clean_quotes","delay_sec":180} []
[2026-06-28 00:50:16] main.WARNING: Redis connection pool near capacity {"used":85,"max":100} []
[2026-06-28 00:50:16] main.WARNING: Cache backend response slow {"duration_ms":420,"cache_type":"full_page"} []
[2026-06-28 00:50:16] main.INFO: Product page rendered from cache {"cache_hit":true} []
[2026-06-28 00:50:16] main.INFO: Product page rendered from cache {"cache_hit":true} []
[2026-06-28 00:50:16] main.WARNING: Redis connection pool near capacity {"used":85,"max":100} []
[2026-06-28 00:50:16] main.WARNING: Redis connection pool near capacity {"used":85,"max":100} []
[2026-06-28 00:50:16] main.NOTICE: Cron job completed {"job":"catalog_product_index_price_reindex_all"} []
[2026-06-28 00:50:16] main.WARNING: Cache backend response slow {"duration_ms":420,"cache_type":"full_page"} []
[2026-06-28 00:50:16] main.NOTICE: Cron job completed {"job":"catalog_product_index_price_reindex_all"} []
[2026-06-28 00:50:16] main.WARNING: Cron schedule missed {"job":"sales_clean_quotes","delay_sec":180} []
[2026-06-28 00:50:16] main.INFO: Order placed successfully {"payment_method":"checkmo"} []
[2026-06-28 00:50:16] main.INFO: Product page rendered from cache {"cache_hit":true} []
[2026-06-28 00:50:16] main.WARNING: Cron schedule missed {"job":"sales_clean_quotes","delay_sec":180} []
[2026-06-28 00:50:16] main.INFO: Customer login successful {"area":"frontend"} []
[2026-06-28 00:50:16] main.WARNING: Redis connection pool near capacity {"used":85,"max":100} []
[2026-06-28 00:50:16] main.INFO: Product page rendered from cache {"cache_hit":true} []
[2026-06-28 00:50:16] main.WARNING: Cache backend response slow {"duration_ms":420,"cache_type":"full_page"} []
[2026-06-28 00:50:18] main.WARNING: Cron schedule missed {"job":"sales_clean_quotes","delay_sec":180} []
[2026-06-28 00:50:18] main.INFO: Customer login successful {"area":"frontend"} []
[2026-06-28 00:50:18] main.WARNING: Cron schedule missed {"job":"sales_clean_quotes","delay_sec":180} []
[2026-06-28 00:50:18] main.INFO: Cache cleaned successfully {"cache_type":"full_page"} []
[2026-06-28 00:50:18] main.INFO: Cache cleaned successfully {"cache_type":"full_page"} []
[2026-06-28 00:50:18] main.WARNING: Redis connection pool near capacity {"used":85,"max":100} []
[2026-06-28 00:50:18] main.NOTICE: Cron job completed {"job":"catalog_product_index_price_reindex_all"} []
[2026-06-28 00:50:18] main.INFO: Product page rendered from cache {"cache_hit":true} []
[2026-06-28 00:50:18] main.WARNING: Cache backend response slow {"duration_ms":420,"cache_type":"full_page"} []
[2026-06-28 00:50:18] main.WARNING: Cache backend response slow {"duration_ms":420,"cache_type":"full_page"} []
[2026-06-28 00:50:18] main.WARNING: Redis connection pool near capacity {"used":85,"max":100} []
[2026-06-28 00:50:18] main.NOTICE: Cron job completed {"job":"catalog_product_index_price_reindex_all"} []
[2026-06-28 00:50:18] main.NOTICE: Cron job completed {"job":"catalog_product_index_price_reindex_all"} []
[2026-06-28 00:50:18] main.INFO: Product page rendered from cache {"cache_hit":true} []
[2026-06-28 00:50:18] main.WARNING: Cache backend response slow {"duration_ms":420,"cache_type":"full_page"} []
[2026-06-28 00:50:18] main.WARNING: Cache backend response slow {"duration_ms":420,"cache_type":"full_page"} []
[2026-06-28 00:50:18] main.INFO: Customer login successful {"area":"frontend"} []
[2026-06-28 00:50:18] main.WARNING: Redis connection pool near capacity {"used":85,"max":100} []
[2026-06-28 00:50:18] main.INFO: Product page rendered from cache {"cache_hit":true} []
[2026-06-28 00:50:18] main.NOTICE: Cron job completed {"job":"catalog_product_index_price_reindex_all"} []
[2026-06-28 00:50:20] main.INFO: Cache cleaned successfully {"cache_type":"full_page"} []
[2026-06-28 00:50:20] main.WARNING: Redis connection pool near capacity {"used":85,"max":100} []
[2026-06-28 00:50:20] main.INFO: Order placed successfully {"payment_method":"checkmo"} []
[2026-06-28 00:50:20] main.WARNING: Cron schedule missed {"job":"sales_clean_quotes","delay_sec":180} []
[2026-06-28 00:50:20] main.WARNING: Redis connection pool near capacity {"used":85,"max":100} []
[2026-06-28 00:50:20] main.INFO: Customer login successful {"area":"frontend"} []
[2026-06-28 00:50:20] main.WARNING: Cache backend response slow {"duration_ms":420,"cache_type":"full_page"} []
[2026-06-28 00:50:20] main.INFO: Order placed successfully {"payment_method":"checkmo"} []
[2026-06-28 00:50:20] main.WARNING: Cache backend response slow {"duration_ms":420,"cache_type":"full_page"} []
[2026-06-28 00:50:20] main.INFO: Cache cleaned successfully {"cache_type":"full_page"} []
[2026-06-28 00:50:20] main.WARNING: Cron schedule missed {"job":"sales_clean_quotes","delay_sec":180} []
[2026-06-28 00:50:20] main.INFO: Order placed successfully {"payment_method":"checkmo"} []
[2026-06-28 00:50:20] main.INFO: Cache cleaned successfully {"cache_type":"full_page"} []
[2026-06-28 00:50:20] main.NOTICE: Cron job completed {"job":"catalog_product_index_price_reindex_all"} []
[2026-06-28 00:50:20] main.NOTICE: Cron job completed {"job":"catalog_product_index_price_reindex_all"} []
[2026-06-28 00:50:20] main.WARNING: Redis connection pool near capacity {"used":85,"max":100} []
[2026-06-28 00:50:20] main.WARNING: Cron schedule missed {"job":"sales_clean_quotes","delay_sec":180} []
[2026-06-28 00:50:20] main.INFO: Order placed successfully {"payment_method":"checkmo"} []
[2026-06-28 00:50:20] main.INFO: Cache cleaned successfully {"cache_type":"full_page"} []
[2026-06-28 00:50:21] main.WARNING: Cache backend response slow {"duration_ms":420,"cache_type":"full_page"} []
[2026-06-28 00:50:23] main.INFO: Product page rendered from cache {"cache_hit":true} []
[2026-06-28 00:50:23] main.INFO: Product page rendered from cache {"cache_hit":true} []
[2026-06-28 00:50:23] main.WARNING: Cron schedule missed {"job":"sales_clean_quotes","delay_sec":180} []
[2026-06-28 00:50:23] main.INFO: Product page rendered from cache {"cache_hit":true} []
[2026-06-28 00:50:23] main.INFO: Cache cleaned successfully {"cache_type":"full_page"} []
[2026-06-28 00:50:23] main.WARNING: Redis connection pool near capacity {"used":85,"max":100} []
[2026-06-28 00:50:23] main.INFO: Product page rendered from cache {"cache_hit":true} []
[2026-06-28 00:50:23] main.INFO: Cache cleaned successfully {"cache_type":"full_page"} []
[2026-06-28 00:50:23] main.INFO: Customer login successful {"area":"frontend"} []
[2026-06-28 00:50:23] main.WARNING: Redis connection pool near capacity {"used":85,"max":100} []
[2026-06-28 00:50:23] main.INFO: Customer login successful {"area":"frontend"} []
[2026-06-28 00:50:23] main.WARNING: Cron schedule missed {"job":"sales_clean_quotes","delay_sec":180} []
[2026-06-28 00:50:23] main.INFO: Product page rendered from cache {"cache_hit":true} []
[2026-06-28 00:50:23] main.INFO: Order placed successfully {"payment_method":"checkmo"} []
[2026-06-28 00:50:23] main.INFO: Customer login successful {"area":"frontend"} []
[2026-06-28 00:50:23] main.WARNING: Redis connection pool near capacity {"used":85,"max":100} []
[2026-06-28 00:50:23] main.INFO: Customer login successful {"area":"frontend"} []
[2026-06-28 00:50:23] main.WARNING: Cron schedule missed {"job":"sales_clean_quotes","delay_sec":180} []
[2026-06-28 00:50:23] main.INFO: Cache cleaned successfully {"cache_type":"full_page"} []
[2026-06-28 00:50:23] main.WARNING: Cron schedule missed {"job":"sales_clean_quotes","delay_sec":180} []
[2026-06-28 00:50:25] main.WARNING: Cron schedule missed {"job":"sales_clean_quotes","delay_sec":180} []
[2026-06-28 00:50:25] main.WARNING: Redis connection pool near capacity {"used":85,"max":100} []
[2026-06-28 00:50:25] main.INFO: Product page rendered from cache {"cache_hit":true} []
[2026-06-28 00:50:25] main.WARNING: Cache backend response slow {"duration_ms":420,"cache_type":"full_page"} []
[2026-06-28 00:50:25] main.INFO: Customer login successful {"area":"frontend"} []
[2026-06-28 00:50:25] main.INFO: Order placed successfully {"payment_method":"checkmo"} []
[2026-06-28 00:50:25] main.NOTICE: Cron job completed {"job":"catalog_product_index_price_reindex_all"} []
[2026-06-28 00:50:25] main.WARNING: Cron schedule missed {"job":"sales_clean_quotes","delay_sec":180} []
[2026-06-28 00:50:25] main.INFO: Cache cleaned successfully {"cache_type":"full_page"} []
[2026-06-28 00:50:25] main.INFO: Cache cleaned successfully {"cache_type":"full_page"} []
[2026-06-28 00:50:25] main.WARNING: Cron schedule missed {"job":"sales_clean_quotes","delay_sec":180} []
[2026-06-28 00:50:25] main.WARNING: Redis connection pool near capacity {"used":85,"max":100} []
[2026-06-28 00:50:25] main.WARNING: Redis connection pool near capacity {"used":85,"max":100} []
[2026-06-28 00:50:25] main.WARNING: Cron schedule missed {"job":"sales_clean_quotes","delay_sec":180} []
[2026-06-28 00:50:25] main.WARNING: Redis connection pool near capacity {"used":85,"max":100} []
[2026-06-28 00:50:25] main.INFO: Customer login successful {"area":"frontend"} []
[2026-06-28 00:50:25] main.INFO: Cache cleaned successfully {"cache_type":"full_page"} []
[2026-06-28 00:50:25] main.WARNING: Cron schedule missed {"job":"sales_clean_quotes","delay_sec":180} []
[2026-06-28 00:50:25] main.WARNING: Cron schedule missed {"job":"sales_clean_quotes","delay_sec":180} []
[2026-06-28 00:50:25] main.INFO: Cache cleaned successfully {"cache_type":"full_page"} []
[2026-06-28 00:50:27] main.NOTICE: Cron job completed {"job":"catalog_product_index_price_reindex_all"} []
[2026-06-28 00:50:27] main.WARNING: Cache backend response slow {"duration_ms":420,"cache_type":"full_page"} []
[2026-06-28 00:50:27] main.NOTICE: Cron job completed {"job":"catalog_product_index_price_reindex_all"} []
[2026-06-28 00:50:27] main.WARNING: Cache backend response slow {"duration_ms":420,"cache_type":"full_page"} []
[2026-06-28 00:50:27] main.INFO: Cache cleaned successfully {"cache_type":"full_page"} []
[2026-06-28 00:50:28] main.NOTICE: Cron job completed {"job":"catalog_product_index_price_reindex_all"} []
[2026-06-28 00:50:28] main.NOTICE: Cron job completed {"job":"catalog_product_index_price_reindex_all"} []
[2026-06-28 00:50:28] main.NOTICE: Cron job completed {"job":"catalog_product_index_price_reindex_all"} []
[2026-06-28 00:50:28] main.WARNING: Redis connection pool near capacity {"used":85,"max":100} []
[2026-06-28 00:50:28] main.WARNING: Redis connection pool near capacity {"used":85,"max":100} []
[2026-06-28 00:50:28] main.INFO: Customer login successful {"area":"frontend"} []
[2026-06-28 00:50:28] main.WARNING: Cron schedule missed {"job":"sales_clean_quotes","delay_sec":180} []
[2026-06-28 00:50:28] main.NOTICE: Cron job completed {"job":"catalog_product_index_price_reindex_all"} []
[2026-06-28 00:50:28] main.WARNING: Redis connection pool near capacity {"used":85,"max":100} []
[2026-06-28 00:50:28] main.INFO: Product page rendered from cache {"cache_hit":true} []
[2026-06-28 00:50:28] main.WARNING: Cron schedule missed {"job":"sales_clean_quotes","delay_sec":180} []
[2026-06-28 00:50:28] main.WARNING: Cache backend response slow {"duration_ms":420,"cache_type":"full_page"} []
[2026-06-28 00:50:28] main.INFO: Customer login successful {"area":"frontend"} []
[2026-06-28 00:50:28] main.INFO: Customer login successful {"area":"frontend"} []
[2026-06-28 00:50:28] main.WARNING: Cron schedule missed {"job":"sales_clean_quotes","delay_sec":180} []
[2026-06-28 00:50:30] main.INFO: Cache cleaned successfully {"cache_type":"full_page"} []
[2026-06-28 00:50:30] main.WARNING: Cache backend response slow {"duration_ms":420,"cache_type":"full_page"} []
[2026-06-28 00:50:30] main.WARNING: Redis connection pool near capacity {"used":85,"max":100} []
[2026-06-28 00:50:30] main.NOTICE: Cron job completed {"job":"catalog_product_index_price_reindex_all"} []
[2026-06-28 00:50:30] main.INFO: Customer login successful {"area":"frontend"} []
[2026-06-28 00:50:30] main.INFO: Customer login successful {"area":"frontend"} []
[2026-06-28 00:50:30] main.WARNING: Cron schedule missed {"job":"sales_clean_quotes","delay_sec":180} []
[2026-06-28 00:50:30] main.INFO: Product page rendered from cache {"cache_hit":true} []
[2026-06-28 00:50:30] main.WARNING: Redis connection pool near capacity {"used":85,"max":100} []
[2026-06-28 00:50:30] main.WARNING: Cache backend response slow {"duration_ms":420,"cache_type":"full_page"} []
[2026-06-28 00:50:30] main.INFO: Product page rendered from cache {"cache_hit":true} []
[2026-06-28 00:50:30] main.INFO: Cache cleaned successfully {"cache_type":"full_page"} []
[2026-06-28 00:50:30] main.NOTICE: Cron job completed {"job":"catalog_product_index_price_reindex_all"} []
[2026-06-28 00:50:30] main.WARNING: Cache backend response slow {"duration_ms":420,"cache_type":"full_page"} []
[2026-06-28 00:50:30] main.WARNING: Redis connection pool near capacity {"used":85,"max":100} []
[2026-06-28 00:50:30] main.WARNING: Cache backend response slow {"duration_ms":420,"cache_type":"full_page"} []
[2026-06-28 00:50:30] main.WARNING: Redis connection pool near capacity {"used":85,"max":100} []
[2026-06-28 00:50:30] main.WARNING: Cache backend response slow {"duration_ms":420,"cache_type":"full_page"} []
[2026-06-28 00:50:30] main.INFO: Customer login successful {"area":"frontend"} []
[2026-06-28 00:50:30] main.WARNING: Cron schedule missed {"job":"sales_clean_quotes","delay_sec":180} []
[2026-06-28 00:50:32] main.INFO: Order placed successfully {"payment_method":"checkmo"} []
[2026-06-28 00:50:32] main.WARNING: Cron schedule missed {"job":"sales_clean_quotes","delay_sec":180} []
[2026-06-28 00:50:32] main.INFO: Customer login successful {"area":"frontend"} []
[2026-06-28 00:50:32] main.INFO: Customer login successful {"area":"frontend"} []
[2026-06-28 00:50:32] main.NOTICE: Cron job completed {"job":"catalog_product_index_price_reindex_all"} []
[2026-06-28 00:50:32] main.INFO: Cache cleaned successfully {"cache_type":"full_page"} []
[2026-06-28 00:50:32] main.WARNING: Redis connection pool near capacity {"used":85,"max":100} []
[2026-06-28 00:50:32] main.INFO: Customer login successful {"area":"frontend"} []
[2026-06-28 00:50:32] main.INFO: Cache cleaned successfully {"cache_type":"full_page"} []
[2026-06-28 00:50:32] main.WARNING: Redis connection pool near capacity {"used":85,"max":100} []
[2026-06-28 00:50:32] main.WARNING: Redis connection pool near capacity {"used":85,"max":100} []
[2026-06-28 00:50:32] main.INFO: Cache cleaned successfully {"cache_type":"full_page"} []
[2026-06-28 00:50:32] main.INFO: Order placed successfully {"payment_method":"checkmo"} []
[2026-06-28 00:50:32] main.NOTICE: Cron job completed {"job":"catalog_product_index_price_reindex_all"} []
[2026-06-28 00:50:32] main.WARNING: Redis connection pool near capacity {"used":85,"max":100} []
[2026-06-28 00:50:33] main.WARNING: Cron schedule missed {"job":"sales_clean_quotes","delay_sec":180} []
[2026-06-28 00:50:33] main.WARNING: Cron schedule missed {"job":"sales_clean_quotes","delay_sec":180} []
[2026-06-28 00:50:33] main.WARNING: Cache backend response slow {"duration_ms":420,"cache_type":"full_page"} []
[2026-06-28 00:50:33] main.WARNING: Cron schedule missed {"job":"sales_clean_quotes","delay_sec":180} []
[2026-06-28 00:50:33] main.WARNING: Cron schedule missed {"job":"sales_clean_quotes","delay_sec":180} []
[2026-06-28 00:50:35] main.INFO: Cache cleaned successfully {"cache_type":"full_page"} []
[2026-06-28 00:50:35] main.WARNING: Cron schedule missed {"job":"sales_clean_quotes","delay_sec":180} []
[2026-06-28 00:50:35] main.WARNING: Cache backend response slow {"duration_ms":420,"cache_type":"full_page"} []
[2026-06-28 00:50:35] main.WARNING: Cache backend response slow {"duration_ms":420,"cache_type":"full_page"} []
[2026-06-28 00:50:35] main.WARNING: Cron schedule missed {"job":"sales_clean_quotes","delay_sec":180} []
[2026-06-28 00:50:35] main.WARNING: Cache backend response slow {"duration_ms":420,"cache_type":"full_page"} []
[2026-06-28 00:50:35] main.INFO: Order placed successfully {"payment_method":"checkmo"} []
[2026-06-28 00:50:35] main.WARNING: Cron schedule missed {"job":"sales_clean_quotes","delay_sec":180} []
[2026-06-28 00:50:35] main.WARNING: Cron schedule missed {"job":"sales_clean_quotes","delay_sec":180} []
[2026-06-28 00:50:35] main.INFO: Cache cleaned successfully {"cache_type":"full_page"} []
[2026-06-28 00:50:35] main.WARNING: Redis connection pool near capacity {"used":85,"max":100} []
[2026-06-28 00:50:35] main.INFO: Order placed successfully {"payment_method":"checkmo"} []
[2026-06-28 00:50:35] main.WARNING: Cron schedule missed {"job":"sales_clean_quotes","delay_sec":180} []
[2026-06-28 00:50:35] main.WARNING: Cron schedule missed {"job":"sales_clean_quotes","delay_sec":180} []
[2026-06-28 00:50:35] main.WARNING: Redis connection pool near capacity {"used":85,"max":100} []
[2026-06-28 00:50:35] main.WARNING: Cache backend response slow {"duration_ms":420,"cache_type":"full_page"} []
[2026-06-28 00:50:35] main.INFO: Customer login successful {"area":"frontend"} []
[2026-06-28 00:50:35] main.WARNING: Cache backend response slow {"duration_ms":420,"cache_type":"full_page"} []
[2026-06-28 00:50:35] main.WARNING: Cache backend response slow {"duration_ms":420,"cache_type":"full_page"} []
[2026-06-28 00:50:35] main.WARNING: Redis connection pool near capacity {"used":85,"max":100} []
[2026-06-28 00:50:37] main.WARNING: Cache backend response slow {"duration_ms":420,"cache_type":"full_page"} []
[2026-06-28 00:50:37] main.INFO: Product page rendered from cache {"cache_hit":true} []
[2026-06-28 00:50:37] main.WARNING: Cache backend response slow {"duration_ms":420,"cache_type":"full_page"} []
[2026-06-28 00:50:37] main.INFO: Customer login successful {"area":"frontend"} []
[2026-06-28 00:50:37] main.NOTICE: Cron job completed {"job":"catalog_product_index_price_reindex_all"} []
[2026-06-28 00:50:37] main.INFO: Product page rendered from cache {"cache_hit":true} []
[2026-06-28 00:50:37] main.INFO: Order placed successfully {"payment_method":"checkmo"} []
[2026-06-28 00:50:37] main.NOTICE: Cron job completed {"job":"catalog_product_index_price_reindex_all"} []
[2026-06-28 00:50:37] main.WARNING: Redis connection pool near capacity {"used":85,"max":100} []
[2026-06-28 00:50:37] main.WARNING: Cron schedule missed {"job":"sales_clean_quotes","delay_sec":180} []
[2026-06-28 00:50:37] main.WARNING: Cache backend response slow {"duration_ms":420,"cache_type":"full_page"} []
[2026-06-28 00:50:37] main.WARNING: Redis connection pool near capacity {"used":85,"max":100} []
[2026-06-28 00:50:37] main.WARNING: Cache backend response slow {"duration_ms":420,"cache_type":"full_page"} []
[2026-06-28 00:50:37] main.WARNING: Cron schedule missed {"job":"sales_clean_quotes","delay_sec":180} []
[2026-06-28 00:50:37] main.WARNING: Cron schedule missed {"job":"sales_clean_quotes","delay_sec":180} []
[2026-06-28 00:50:37] main.INFO: Order placed successfully {"payment_method":"checkmo"} []
[2026-06-28 00:50:37] main.NOTICE: Cron job completed {"job":"catalog_product_index_price_reindex_all"} []
[2026-06-28 00:50:37] main.WARNING: Cron schedule missed {"job":"sales_clean_quotes","delay_sec":180} []
[2026-06-28 00:50:37] main.INFO: Order placed successfully {"payment_method":"checkmo"} []
[2026-06-28 00:50:37] main.INFO: Order placed successfully {"payment_method":"checkmo"} []
[2026-06-28 00:50:39] main.WARNING: Redis connection pool near capacity {"used":85,"max":100} []
[2026-06-28 00:50:39] main.NOTICE: Cron job completed {"job":"catalog_product_index_price_reindex_all"} []
[2026-06-28 00:50:39] main.INFO: Customer login successful {"area":"frontend"} []
[2026-06-28 00:50:39] main.INFO: Order placed successfully {"payment_method":"checkmo"} []
[2026-06-28 00:50:39] main.INFO: Order placed successfully {"payment_method":"checkmo"} []
[2026-06-28 00:50:39] main.WARNING: Redis connection pool near capacity {"used":85,"max":100} []
[2026-06-28 00:50:40] main.WARNING: Cron schedule missed {"job":"sales_clean_quotes","delay_sec":180} []
[2026-06-28 00:50:40] main.NOTICE: Cron job completed {"job":"catalog_product_index_price_reindex_all"} []
[2026-06-28 00:50:40] main.WARNING: Cron schedule missed {"job":"sales_clean_quotes","delay_sec":180} []
[2026-06-28 00:50:40] main.NOTICE: Cron job completed {"job":"catalog_product_index_price_reindex_all"} []
[2026-06-28 00:50:40] main.WARNING: Redis connection pool near capacity {"used":85,"max":100} []
[2026-06-28 00:50:40] main.INFO: Order placed successfully {"payment_method":"checkmo"} []
[2026-06-28 00:50:40] main.WARNING: Cron schedule missed {"job":"sales_clean_quotes","delay_sec":180} []
[2026-06-28 00:50:40] main.WARNING: Redis connection pool near capacity {"used":85,"max":100} []
[2026-06-28 00:50:40] main.WARNING: Cron schedule missed {"job":"sales_clean_quotes","delay_sec":180} []
[2026-06-28 00:50:40] main.WARNING: Cache backend response slow {"duration_ms":420,"cache_type":"full_page"} []
[2026-06-28 00:50:40] main.INFO: Product page rendered from cache {"cache_hit":true} []
[2026-06-28 00:50:40] main.WARNING: Redis connection pool near capacity {"used":85,"max":100} []
[2026-06-28 00:50:40] main.WARNING: Redis connection pool near capacity {"used":85,"max":100} []
[2026-06-28 00:50:40] main.WARNING: Cache backend response slow {"duration_ms":420,"cache_type":"full_page"} []
[2026-06-28 00:50:42] main.WARNING: Cache backend response slow {"duration_ms":420,"cache_type":"full_page"} []
[2026-06-28 00:50:42] main.WARNING: Cron schedule missed {"job":"sales_clean_quotes","delay_sec":180} []
[2026-06-28 00:50:42] main.INFO: Product page rendered from cache {"cache_hit":true} []
[2026-06-28 00:50:42] main.WARNING: Cron schedule missed {"job":"sales_clean_quotes","delay_sec":180} []
[2026-06-28 00:50:42] main.INFO: Order placed successfully {"payment_method":"checkmo"} []
[2026-06-28 00:50:42] main.WARNING: Cron schedule missed {"job":"sales_clean_quotes","delay_sec":180} []
[2026-06-28 00:50:42] main.INFO: Product page rendered from cache {"cache_hit":true} []
[2026-06-28 00:50:42] main.WARNING: Cache backend response slow {"duration_ms":420,"cache_type":"full_page"} []
[2026-06-28 00:50:42] main.WARNING: Cron schedule missed {"job":"sales_clean_quotes","delay_sec":180} []
[2026-06-28 00:50:42] main.INFO: Customer login successful {"area":"frontend"} []
[2026-06-28 00:50:42] main.WARNING: Cron schedule missed {"job":"sales_clean_quotes","delay_sec":180} []
[2026-06-28 00:50:42] main.INFO: Customer login successful {"area":"frontend"} []
[2026-06-28 00:50:42] main.INFO: Cache cleaned successfully {"cache_type":"full_page"} []
[2026-06-28 00:50:42] main.WARNING: Cache backend response slow {"duration_ms":420,"cache_type":"full_page"} []
[2026-06-28 00:50:42] main.INFO: Product page rendered from cache {"cache_hit":true} []
[2026-06-28 00:50:42] main.WARNING: Cache backend response slow {"duration_ms":420,"cache_type":"full_page"} []
[2026-06-28 00:50:42] main.NOTICE: Cron job completed {"job":"catalog_product_index_price_reindex_all"} []
[2026-06-28 00:50:42] main.INFO: Order placed successfully {"payment_method":"checkmo"} []
[2026-06-28 00:50:42] main.WARNING: Cron schedule missed {"job":"sales_clean_quotes","delay_sec":180} []
[2026-06-28 00:50:42] main.INFO: Order placed successfully {"payment_method":"checkmo"} []
[2026-06-28 00:50:44] main.WARNING: Redis connection pool near capacity {"used":85,"max":100} []
[2026-06-28 00:50:44] main.WARNING: Cache backend response slow {"duration_ms":420,"cache_type":"full_page"} []
[2026-06-28 00:50:44] main.WARNING: Redis connection pool near capacity {"used":85,"max":100} []
[2026-06-28 00:50:44] main.WARNING: Redis connection pool near capacity {"used":85,"max":100} []
[2026-06-28 00:50:44] main.WARNING: Cron schedule missed {"job":"sales_clean_quotes","delay_sec":180} []
[2026-06-28 00:50:44] main.WARNING: Redis connection pool near capacity {"used":85,"max":100} []
[2026-06-28 00:50:44] main.NOTICE: Cron job completed {"job":"catalog_product_index_price_reindex_all"} []
[2026-06-28 00:50:44] main.INFO: Customer login successful {"area":"frontend"} []
[2026-06-28 00:50:44] main.WARNING: Redis connection pool near capacity {"used":85,"max":100} []
[2026-06-28 00:50:44] main.INFO: Order placed successfully {"payment_method":"checkmo"} []
[2026-06-28 00:50:44] main.INFO: Order placed successfully {"payment_method":"checkmo"} []
[2026-06-28 00:50:44] main.WARNING: Redis connection pool near capacity {"used":85,"max":100} []
[2026-06-28 00:50:44] main.WARNING: Cache backend response slow {"duration_ms":420,"cache_type":"full_page"} []
[2026-06-28 00:50:44] main.WARNING: Cache backend response slow {"duration_ms":420,"cache_type":"full_page"} []
[2026-06-28 00:50:44] main.INFO: Order placed successfully {"payment_method":"checkmo"} []
[2026-06-28 00:50:44] main.NOTICE: Cron job completed {"job":"catalog_product_index_price_reindex_all"} []
[2026-06-28 00:50:44] main.INFO: Customer login successful {"area":"frontend"} []
[2026-06-28 00:50:45] main.INFO: Customer login successful {"area":"frontend"} []
[2026-06-28 00:50:45] main.INFO: Product page rendered from cache {"cache_hit":true} []
[2026-06-28 00:50:45] main.WARNING: Redis connection pool near capacity {"used":85,"max":100} []
[2026-06-28 00:50:47] main.INFO: Cache cleaned successfully {"cache_type":"full_page"} []
[2026-06-28 00:50:47] main.WARNING: Cache backend response slow {"duration_ms":420,"cache_type":"full_page"} []
[2026-06-28 00:50:47] main.INFO: Order placed successfully {"payment_method":"checkmo"} []
[2026-06-28 00:50:47] main.INFO: Order placed successfully {"payment_method":"checkmo"} []
[2026-06-28 00:50:47] main.INFO: Product page rendered from cache {"cache_hit":true} []
[2026-06-28 00:50:47] main.WARNING: Redis connection pool near capacity {"used":85,"max":100} []
[2026-06-28 00:50:47] main.INFO: Order placed successfully {"payment_method":"checkmo"} []
[2026-06-28 00:50:47] main.WARNING: Cache backend response slow {"duration_ms":420,"cache_type":"full_page"} []
[2026-06-28 00:50:47] main.WARNING: Cache backend response slow {"duration_ms":420,"cache_type":"full_page"} []
[2026-06-28 00:50:47] main.WARNING: Cache backend response slow {"duration_ms":420,"cache_type":"full_page"} []
[2026-06-28 00:50:47] main.WARNING: Cron schedule missed {"job":"sales_clean_quotes","delay_sec":180} []
[2026-06-28 00:50:47] main.INFO: Product page rendered from cache {"cache_hit":true} []
[2026-06-28 00:50:47] main.INFO: Cache cleaned successfully {"cache_type":"full_page"} []
[2026-06-28 00:50:47] main.WARNING: Cron schedule missed {"job":"sales_clean_quotes","delay_sec":180} []
[2026-06-28 00:50:47] main.WARNING: Cache backend response slow {"duration_ms":420,"cache_type":"full_page"} []
[2026-06-28 00:50:47] main.WARNING: Redis connection pool near capacity {"used":85,"max":100} []
[2026-06-28 00:50:47] main.WARNING: Cache backend response slow {"duration_ms":420,"cache_type":"full_page"} []
[2026-06-28 00:50:47] main.INFO: Cache cleaned successfully {"cache_type":"full_page"} []
[2026-06-28 00:50:47] main.WARNING: Cron schedule missed {"job":"sales_clean_quotes","delay_sec":180} []
[2026-06-28 00:50:47] main.WARNING: Cache backend response slow {"duration_ms":420,"cache_type":"full_page"} []
[2026-06-28 00:50:49] main.NOTICE: Cron job completed {"job":"catalog_product_index_price_reindex_all"} []
[2026-06-28 00:50:49] main.WARNING: Cache backend response slow {"duration_ms":420,"cache_type":"full_page"} []
[2026-06-28 00:50:49] main.WARNING: Redis connection pool near capacity {"used":85,"max":100} []
[2026-06-28 00:50:49] main.INFO: Customer login successful {"area":"frontend"} []
[2026-06-28 00:50:49] main.NOTICE: Cron job completed {"job":"catalog_product_index_price_reindex_all"} []
[2026-06-28 00:50:49] main.WARNING: Cron schedule missed {"job":"sales_clean_quotes","delay_sec":180} []
[2026-06-28 00:50:49] main.INFO: Order placed successfully {"payment_method":"checkmo"} []
[2026-06-28 00:50:49] main.WARNING: Cron schedule missed {"job":"sales_clean_quotes","delay_sec":180} []
[2026-06-28 00:50:49] main.INFO: Customer login successful {"area":"frontend"} []
[2026-06-28 00:50:49] main.INFO: Cache cleaned successfully {"cache_type":"full_page"} []
[2026-06-28 00:50:49] main.INFO: Product page rendered from cache {"cache_hit":true} []
[2026-06-28 00:50:49] main.INFO: Product page rendered from cache {"cache_hit":true} []
[2026-06-28 00:50:49] main.INFO: Order placed successfully {"payment_method":"checkmo"} []
[2026-06-28 00:50:49] main.WARNING: Cron schedule missed {"job":"sales_clean_quotes","delay_sec":180} []
[2026-06-28 00:50:49] main.WARNING: Redis connection pool near capacity {"used":85,"max":100} []
[2026-06-28 00:50:49] main.INFO: Customer login successful {"area":"frontend"} []
[2026-06-28 00:50:49] main.INFO: Cache cleaned successfully {"cache_type":"full_page"} []
[2026-06-28 00:50:49] main.WARNING: Cron schedule missed {"job":"sales_clean_quotes","delay_sec":180} []
[2026-06-28 00:50:49] main.WARNING: Cache backend response slow {"duration_ms":420,"cache_type":"full_page"} []
[2026-06-28 00:50:49] main.WARNING: Cron schedule missed {"job":"sales_clean_quotes","delay_sec":180} []
[2026-06-28 00:50:51] main.INFO: Customer login successful {"area":"frontend"} []
[2026-06-28 00:50:51] main.NOTICE: Cron job completed {"job":"catalog_product_index_price_reindex_all"} []
[2026-06-28 00:50:51] main.WARNING: Cron schedule missed {"job":"sales_clean_quotes","delay_sec":180} []
[2026-06-28 00:50:51] main.INFO: Cache cleaned successfully {"cache_type":"full_page"} []
[2026-06-28 00:50:51] main.WARNING: Cron schedule missed {"job":"sales_clean_quotes","delay_sec":180} []
[2026-06-28 00:50:51] main.INFO: Order placed successfully {"payment_method":"checkmo"} []
[2026-06-28 00:50:52] main.WARNING: Redis connection pool near capacity {"used":85,"max":100} []
[2026-06-28 00:50:52] main.WARNING: Cache backend response slow {"duration_ms":420,"cache_type":"full_page"} []
[2026-06-28 00:50:52] main.WARNING: Cron schedule missed {"job":"sales_clean_quotes","delay_sec":180} []
[2026-06-28 00:50:52] main.INFO: Customer login successful {"area":"frontend"} []
[2026-06-28 00:50:52] main.WARNING: Cache backend response slow {"duration_ms":420,"cache_type":"full_page"} []
[2026-06-28 00:50:52] main.INFO: Order placed successfully {"payment_method":"checkmo"} []
[2026-06-28 00:50:52] main.WARNING: Cache backend response slow {"duration_ms":420,"cache_type":"full_page"} []
[2026-06-28 00:50:52] main.WARNING: Redis connection pool near capacity {"used":85,"max":100} []
[2026-06-28 00:50:52] main.INFO: Customer login successful {"area":"frontend"} []
[2026-06-28 00:50:52] main.WARNING: Cache backend response slow {"duration_ms":420,"cache_type":"full_page"} []
[2026-06-28 00:50:52] main.WARNING: Redis connection pool near capacity {"used":85,"max":100} []
[2026-06-28 00:50:52] main.INFO: Product page rendered from cache {"cache_hit":true} []
[2026-06-28 00:50:52] main.NOTICE: Cron job completed {"job":"catalog_product_index_price_reindex_all"} []
[2026-06-28 00:50:52] main.WARNING: Cron schedule missed {"job":"sales_clean_quotes","delay_sec":180} []
[2026-06-28 00:50:54] main.INFO: Cache cleaned successfully {"cache_type":"full_page"} []
[2026-06-28 00:50:54] main.WARNING: Redis connection pool near capacity {"used":85,"max":100} []
[2026-06-28 00:50:54] main.INFO: Product page rendered from cache {"cache_hit":true} []
[2026-06-28 00:50:54] main.INFO: Cache cleaned successfully {"cache_type":"full_page"} []
[2026-06-28 00:50:54] main.WARNING: Cron schedule missed {"job":"sales_clean_quotes","delay_sec":180} []
[2026-06-28 00:50:54] main.INFO: Customer login successful {"area":"frontend"} []
[2026-06-28 00:50:54] main.NOTICE: Cron job completed {"job":"catalog_product_index_price_reindex_all"} []
[2026-06-28 00:50:54] main.INFO: Cache cleaned successfully {"cache_type":"full_page"} []
[2026-06-28 00:50:54] main.INFO: Order placed successfully {"payment_method":"checkmo"} []
[2026-06-28 00:50:54] main.WARNING: Cache backend response slow {"duration_ms":420,"cache_type":"full_page"} []
[2026-06-28 00:50:54] main.INFO: Customer login successful {"area":"frontend"} []
[2026-06-28 00:50:54] main.WARNING: Redis connection pool near capacity {"used":85,"max":100} []
[2026-06-28 00:50:54] main.INFO: Product page rendered from cache {"cache_hit":true} []
[2026-06-28 00:50:54] main.NOTICE: Cron job completed {"job":"catalog_product_index_price_reindex_all"} []
[2026-06-28 00:50:54] main.WARNING: Cron schedule missed {"job":"sales_clean_quotes","delay_sec":180} []
[2026-06-28 00:50:54] main.WARNING: Redis connection pool near capacity {"used":85,"max":100} []
[2026-06-28 00:50:54] main.WARNING: Cron schedule missed {"job":"sales_clean_quotes","delay_sec":180} []
[2026-06-28 00:50:54] main.WARNING: Redis connection pool near capacity {"used":85,"max":100} []
[2026-06-28 00:50:54] main.INFO: Product page rendered from cache {"cache_hit":true} []
[2026-06-28 00:50:54] main.WARNING: Cache backend response slow {"duration_ms":420,"cache_type":"full_page"} []
[2026-06-28 00:50:56] main.INFO: Order placed successfully {"payment_method":"checkmo"} []
[2026-06-28 00:50:56] main.INFO: Order placed successfully {"payment_method":"checkmo"} []
[2026-06-28 00:50:56] main.INFO: Customer login successful {"area":"frontend"} []
[2026-06-28 00:50:56] main.INFO: Customer login successful {"area":"frontend"} []
[2026-06-28 00:50:56] main.INFO: Product page rendered from cache {"cache_hit":true} []
[2026-06-28 00:50:56] main.WARNING: Redis connection pool near capacity {"used":85,"max":100} []
[2026-06-28 00:50:56] main.WARNING: Redis connection pool near capacity {"used":85,"max":100} []
[2026-06-28 00:50:56] main.INFO: Customer login successful {"area":"frontend"} []
[2026-06-28 00:50:56] main.NOTICE: Cron job completed {"job":"catalog_product_index_price_reindex_all"} []
[2026-06-28 00:50:56] main.INFO: Customer login successful {"area":"frontend"} []
[2026-06-28 00:50:56] main.INFO: Order placed successfully {"payment_method":"checkmo"} []
[2026-06-28 00:50:56] main.NOTICE: Cron job completed {"job":"catalog_product_index_price_reindex_all"} []
[2026-06-28 00:50:56] main.INFO: Customer login successful {"area":"frontend"} []
[2026-06-28 00:50:56] main.WARNING: Redis connection pool near capacity {"used":85,"max":100} []
[2026-06-28 00:50:57] main.INFO: Product page rendered from cache {"cache_hit":true} []
[2026-06-28 00:50:57] main.INFO: Customer login successful {"area":"frontend"} []
[2026-06-28 00:50:57] main.WARNING: Cache backend response slow {"duration_ms":420,"cache_type":"full_page"} []
[2026-06-28 00:50:57] main.NOTICE: Cron job completed {"job":"catalog_product_index_price_reindex_all"} []
[2026-06-28 00:50:57] main.NOTICE: Cron job completed {"job":"catalog_product_index_price_reindex_all"} []
[2026-06-28 00:50:57] main.INFO: Order placed successfully {"payment_method":"checkmo"} []
[2026-06-28 00:50:59] main.INFO: Order placed successfully {"payment_method":"checkmo"} []
[2026-06-28 00:50:59] main.INFO: Product page rendered from cache {"cache_hit":true} []
[2026-06-28 00:50:59] main.WARNING: Redis connection pool near capacity {"used":85,"max":100} []
[2026-06-28 00:50:59] main.WARNING: Cron schedule missed {"job":"sales_clean_quotes","delay_sec":180} []
[2026-06-28 00:50:59] main.INFO: Order placed successfully {"payment_method":"checkmo"} []
[2026-06-28 00:50:59] main.WARNING: Cache backend response slow {"duration_ms":420,"cache_type":"full_page"} []
[2026-06-28 00:50:59] main.WARNING: Cache backend response slow {"duration_ms":420,"cache_type":"full_page"} []
[2026-06-28 00:50:59] main.WARNING: Cron schedule missed {"job":"sales_clean_quotes","delay_sec":180} []
[2026-06-28 00:50:59] main.INFO: Product page rendered from cache {"cache_hit":true} []
[2026-06-28 00:50:59] main.WARNING: Cron schedule missed {"job":"sales_clean_quotes","delay_sec":180} []
[2026-06-28 00:50:59] main.WARNING: Redis connection pool near capacity {"used":85,"max":100} []
[2026-06-28 00:50:59] main.INFO: Product page rendered from cache {"cache_hit":true} []
[2026-06-28 00:50:59] main.WARNING: Redis connection pool near capacity {"used":85,"max":100} []
[2026-06-28 00:50:59] main.INFO: Order placed successfully {"payment_method":"checkmo"} []
[2026-06-28 00:50:59] main.WARNING: Cache backend response slow {"duration_ms":420,"cache_type":"full_page"} []
[2026-06-28 00:50:59] main.INFO: Cache cleaned successfully {"cache_type":"full_page"} []
[2026-06-28 00:50:59] main.WARNING: Redis connection pool near capacity {"used":85,"max":100} []
[2026-06-28 00:50:59] main.INFO: Customer login successful {"area":"frontend"} []
[2026-06-28 00:50:59] main.NOTICE: Cron job completed {"job":"catalog_product_index_price_reindex_all"} []
[2026-06-28 00:50:59] main.WARNING: Redis connection pool near capacity {"used":85,"max":100} []
[2026-06-28 00:51:01] main.WARNING: Cron schedule missed {"job":"sales_clean_quotes","delay_sec":180} []
[2026-06-28 00:51:01] main.NOTICE: Cron job completed {"job":"catalog_product_index_price_reindex_all"} []
[2026-06-28 00:51:01] main.WARNING: Cache backend response slow {"duration_ms":420,"cache_type":"full_page"} []
[2026-06-28 00:51:01] main.NOTICE: Cron job completed {"job":"catalog_product_index_price_reindex_all"} []
[2026-06-28 00:51:01] main.INFO: Customer login successful {"area":"frontend"} []
[2026-06-28 00:51:01] main.INFO: Customer login successful {"area":"frontend"} []
[2026-06-28 00:51:01] main.WARNING: Cron schedule missed {"job":"sales_clean_quotes","delay_sec":180} []
[2026-06-28 00:51:01] main.INFO: Cache cleaned successfully {"cache_type":"full_page"} []
[2026-06-28 00:51:01] main.WARNING: Cache backend response slow {"duration_ms":420,"cache_type":"full_page"} []
[2026-06-28 00:51:01] main.WARNING: Redis connection pool near capacity {"used":85,"max":100} []
[2026-06-28 00:51:01] main.WARNING: Cache backend response slow {"duration_ms":420,"cache_type":"full_page"} []
[2026-06-28 00:51:01] main.INFO: Cache cleaned successfully {"cache_type":"full_page"} []
[2026-06-28 00:51:01] main.INFO: Cache cleaned successfully {"cache_type":"full_page"} []
[2026-06-28 00:51:01] main.INFO: Cache cleaned successfully {"cache_type":"full_page"} []
[2026-06-28 00:51:01] main.WARNING: Cron schedule missed {"job":"sales_clean_quotes","delay_sec":180} []
[2026-06-28 00:51:01] main.NOTICE: Cron job completed {"job":"catalog_product_index_price_reindex_all"} []
[2026-06-28 00:51:01] main.WARNING: Cache backend response slow {"duration_ms":420,"cache_type":"full_page"} []
[2026-06-28 00:51:01] main.WARNING: Cron schedule missed {"job":"sales_clean_quotes","delay_sec":180} []
[2026-06-28 00:51:01] main.WARNING: Cron schedule missed {"job":"sales_clean_quotes","delay_sec":180} []
[2026-06-28 00:51:01] main.WARNING: Redis connection pool near capacity {"used":85,"max":100} []
[2026-06-28 00:51:03] main.INFO: Order placed successfully {"payment_method":"checkmo"} []
[2026-06-28 00:51:03] main.WARNING: Redis connection pool near capacity {"used":85,"max":100} []
[2026-06-28 00:51:03] main.WARNING: Cron schedule missed {"job":"sales_clean_quotes","delay_sec":180} []
[2026-06-28 00:51:03] main.WARNING: Redis connection pool near capacity {"used":85,"max":100} []
[2026-06-28 00:51:03] main.NOTICE: Cron job completed {"job":"catalog_product_index_price_reindex_all"} []
[2026-06-28 00:51:03] main.INFO: Product page rendered from cache {"cache_hit":true} []
[2026-06-28 00:51:03] main.WARNING: Redis connection pool near capacity {"used":85,"max":100} []
[2026-06-28 00:51:03] main.NOTICE: Cron job completed {"job":"catalog_product_index_price_reindex_all"} []
[2026-06-28 00:51:03] main.INFO: Order placed successfully {"payment_method":"checkmo"} []
[2026-06-28 00:51:04] main.INFO: Product page rendered from cache {"cache_hit":true} []
[2026-06-28 00:51:04] main.WARNING: Cron schedule missed {"job":"sales_clean_quotes","delay_sec":180} []
[2026-06-28 00:51:04] main.INFO: Order placed successfully {"payment_method":"checkmo"} []
[2026-06-28 00:51:04] main.WARNING: Redis connection pool near capacity {"used":85,"max":100} []
[2026-06-28 00:51:04] main.INFO: Order placed successfully {"payment_method":"checkmo"} []
[2026-06-28 00:51:04] main.WARNING: Cache backend response slow {"duration_ms":420,"cache_type":"full_page"} []
[2026-06-28 00:51:04] main.NOTICE: Cron job completed {"job":"catalog_product_index_price_reindex_all"} []
[2026-06-28 00:51:04] main.INFO: Customer login successful {"area":"frontend"} []
[2026-06-28 00:51:04] main.WARNING: Redis connection pool near capacity {"used":85,"max":100} []
[2026-06-28 00:51:04] main.WARNING: Cron schedule missed {"job":"sales_clean_quotes","delay_sec":180} []
[2026-06-28 00:51:04] main.WARNING: Cron schedule missed {"job":"sales_clean_quotes","delay_sec":180} []
[2026-06-28 00:51:06] main.WARNING: Cache backend response slow {"duration_ms":420,"cache_type":"full_page"} []
[2026-06-28 00:51:06] main.WARNING: Cache backend response slow {"duration_ms":420,"cache_type":"full_page"} []
[2026-06-28 00:51:06] main.INFO: Order placed successfully {"payment_method":"checkmo"} []
[2026-06-28 00:51:06] main.INFO: Order placed successfully {"payment_method":"checkmo"} []
[2026-06-28 00:51:06] main.INFO: Product page rendered from cache {"cache_hit":true} []
[2026-06-28 00:51:06] main.INFO: Customer login successful {"area":"frontend"} []
[2026-06-28 00:51:06] main.INFO: Order placed successfully {"payment_method":"checkmo"} []
[2026-06-28 00:51:06] main.WARNING: Cron schedule missed {"job":"sales_clean_quotes","delay_sec":180} []
[2026-06-28 00:51:06] main.WARNING: Redis connection pool near capacity {"used":85,"max":100} []
[2026-06-28 00:51:06] main.WARNING: Redis connection pool near capacity {"used":85,"max":100} []
[2026-06-28 00:51:06] main.NOTICE: Cron job completed {"job":"catalog_product_index_price_reindex_all"} []
[2026-06-28 00:51:06] main.WARNING: Redis connection pool near capacity {"used":85,"max":100} []
[2026-06-28 00:51:06] main.WARNING: Redis connection pool near capacity {"used":85,"max":100} []
[2026-06-28 00:51:06] main.WARNING: Cache backend response slow {"duration_ms":420,"cache_type":"full_page"} []
[2026-06-28 00:51:06] main.WARNING: Redis connection pool near capacity {"used":85,"max":100} []
[2026-06-28 00:51:06] main.INFO: Product page rendered from cache {"cache_hit":true} []
[2026-06-28 00:51:06] main.NOTICE: Cron job completed {"job":"catalog_product_index_price_reindex_all"} []
[2026-06-28 00:51:06] main.INFO: Cache cleaned successfully {"cache_type":"full_page"} []
[2026-06-28 00:51:06] main.WARNING: Cron schedule missed {"job":"sales_clean_quotes","delay_sec":180} []
[2026-06-28 00:51:06] main.WARNING: Redis connection pool near capacity {"used":85,"max":100} []
[2026-06-28 00:51:08] main.WARNING: Cache backend response slow {"duration_ms":420,"cache_type":"full_page"} []
[2026-06-28 00:51:08] main.WARNING: Cron schedule missed {"job":"sales_clean_quotes","delay_sec":180} []
[2026-06-28 00:51:08] main.WARNING: Cache backend response slow {"duration_ms":420,"cache_type":"full_page"} []
[2026-06-28 00:51:08] main.WARNING: Redis connection pool near capacity {"used":85,"max":100} []
[2026-06-28 00:51:08] main.NOTICE: Cron job completed {"job":"catalog_product_index_price_reindex_all"} []
[2026-06-28 00:51:08] main.INFO: Order placed successfully {"payment_method":"checkmo"} []
[2026-06-28 00:51:08] main.WARNING: Cron schedule missed {"job":"sales_clean_quotes","delay_sec":180} []
[2026-06-28 00:51:08] main.INFO: Product page rendered from cache {"cache_hit":true} []
[2026-06-28 00:51:08] main.NOTICE: Cron job completed {"job":"catalog_product_index_price_reindex_all"} []
[2026-06-28 00:51:08] main.INFO: Order placed successfully {"payment_method":"checkmo"} []
[2026-06-28 00:51:08] main.INFO: Product page rendered from cache {"cache_hit":true} []
[2026-06-28 00:51:08] main.INFO: Product page rendered from cache {"cache_hit":true} []
[2026-06-28 00:51:08] main.INFO: Customer login successful {"area":"frontend"} []
[2026-06-28 00:51:08] main.WARNING: Cron schedule missed {"job":"sales_clean_quotes","delay_sec":180} []
[2026-06-28 00:51:08] main.WARNING: Cron schedule missed {"job":"sales_clean_quotes","delay_sec":180} []
[2026-06-28 00:51:08] main.INFO: Customer login successful {"area":"frontend"} []
[2026-06-28 00:51:08] main.WARNING: Cron schedule missed {"job":"sales_clean_quotes","delay_sec":180} []
[2026-06-28 00:51:08] main.WARNING: Cache backend response slow {"duration_ms":420,"cache_type":"full_page"} []
[2026-06-28 00:51:08] main.INFO: Order placed successfully {"payment_method":"checkmo"} []
[2026-06-28 00:51:08] main.WARNING: Cron schedule missed {"job":"sales_clean_quotes","delay_sec":180} []
[2026-06-28 00:51:10] main.WARNING: Redis connection pool near capacity {"used":85,"max":100} []
[2026-06-28 00:51:10] main.INFO: Customer login successful {"area":"frontend"} []
[2026-06-28 00:51:10] main.WARNING: Redis connection pool near capacity {"used":85,"max":100} []
[2026-06-28 00:51:10] main.WARNING: Cache backend response slow {"duration_ms":420,"cache_type":"full_page"} []
[2026-06-28 00:51:11] main.WARNING: Cache backend response slow {"duration_ms":420,"cache_type":"full_page"} []
[2026-06-28 00:51:11] main.WARNING: Redis connection pool near capacity {"used":85,"max":100} []
[2026-06-28 00:51:11] main.NOTICE: Cron job completed {"job":"catalog_product_index_price_reindex_all"} []
[2026-06-28 00:51:11] main.INFO: Cache cleaned successfully {"cache_type":"full_page"} []
[2026-06-28 00:51:11] main.WARNING: Cron schedule missed {"job":"sales_clean_quotes","delay_sec":180} []
[2026-06-28 00:51:11] main.WARNING: Cache backend response slow {"duration_ms":420,"cache_type":"full_page"} []
[2026-06-28 00:51:11] main.INFO: Customer login successful {"area":"frontend"} []
[2026-06-28 00:51:11] main.NOTICE: Cron job completed {"job":"catalog_product_index_price_reindex_all"} []
[2026-06-28 00:51:11] main.INFO: Order placed successfully {"payment_method":"checkmo"} []
[2026-06-28 00:51:11] main.NOTICE: Cron job completed {"job":"catalog_product_index_price_reindex_all"} []
[2026-06-28 00:51:11] main.WARNING: Cache backend response slow {"duration_ms":420,"cache_type":"full_page"} []
[2026-06-28 00:51:11] main.NOTICE: Cron job completed {"job":"catalog_product_index_price_reindex_all"} []
[2026-06-28 00:51:11] main.INFO: Product page rendered from cache {"cache_hit":true} []
[2026-06-28 00:51:11] main.WARNING: Cache backend response slow {"duration_ms":420,"cache_type":"full_page"} []
[2026-06-28 00:51:11] main.INFO: Order placed successfully {"payment_method":"checkmo"} []
[2026-06-28 00:51:11] main.INFO: Product page rendered from cache {"cache_hit":true} []
[2026-06-28 00:51:13] main.WARNING: Cache backend response slow {"duration_ms":420,"cache_type":"full_page"} []
[2026-06-28 00:51:13] main.WARNING: Redis connection pool near capacity {"used":85,"max":100} []
[2026-06-28 00:51:13] main.WARNING: Cache backend response slow {"duration_ms":420,"cache_type":"full_page"} []
[2026-06-28 00:51:13] main.WARNING: Redis connection pool near capacity {"used":85,"max":100} []
[2026-06-28 00:51:13] main.WARNING: Cache backend response slow {"duration_ms":420,"cache_type":"full_page"} []
[2026-06-28 00:51:13] main.WARNING: Cron schedule missed {"job":"sales_clean_quotes","delay_sec":180} []
[2026-06-28 00:51:13] main.WARNING: Cache backend response slow {"duration_ms":420,"cache_type":"full_page"} []
[2026-06-28 00:51:13] main.WARNING: Redis connection pool near capacity {"used":85,"max":100} []
[2026-06-28 00:51:13] main.WARNING: Cron schedule missed {"job":"sales_clean_quotes","delay_sec":180} []
[2026-06-28 00:51:13] main.INFO: Order placed successfully {"payment_method":"checkmo"} []
[2026-06-28 00:51:13] main.WARNING: Cron schedule missed {"job":"sales_clean_quotes","delay_sec":180} []
[2026-06-28 00:51:13] main.WARNING: Cron schedule missed {"job":"sales_clean_quotes","delay_sec":180} []
[2026-06-28 00:51:13] main.WARNING: Cache backend response slow {"duration_ms":420,"cache_type":"full_page"} []
[2026-06-28 00:51:13] main.WARNING: Cache backend response slow {"duration_ms":420,"cache_type":"full_page"} []
[2026-06-28 00:51:13] main.INFO: Order placed successfully {"payment_method":"checkmo"} []
[2026-06-28 00:51:13] main.INFO: Product page rendered from cache {"cache_hit":true} []
[2026-06-28 00:51:13] main.INFO: Order placed successfully {"payment_method":"checkmo"} []
[2026-06-28 00:51:13] main.WARNING: Cron schedule missed {"job":"sales_clean_quotes","delay_sec":180} []
[2026-06-28 00:51:13] main.INFO: Order placed successfully {"payment_method":"checkmo"} []
[2026-06-28 00:51:13] main.WARNING: Cron schedule missed {"job":"sales_clean_quotes","delay_sec":180} []
[2026-06-28 00:51:15] main.NOTICE: Cron job completed {"job":"catalog_product_index_price_reindex_all"} []
[2026-06-28 00:51:15] main.WARNING: Cache backend response slow {"duration_ms":420,"cache_type":"full_page"} []
[2026-06-28 00:51:15] main.INFO: Cache cleaned successfully {"cache_type":"full_page"} []
[2026-06-28 00:51:15] main.INFO: Customer login successful {"area":"frontend"} []
[2026-06-28 00:51:15] main.INFO: Order placed successfully {"payment_method":"checkmo"} []
[2026-06-28 00:51:15] main.WARNING: Redis connection pool near capacity {"used":85,"max":100} []
[2026-06-28 00:51:15] main.INFO: Product page rendered from cache {"cache_hit":true} []
[2026-06-28 00:51:15] main.WARNING: Redis connection pool near capacity {"used":85,"max":100} []
[2026-06-28 00:51:15] main.WARNING: Cron schedule missed {"job":"sales_clean_quotes","delay_sec":180} []
[2026-06-28 00:51:15] main.INFO: Cache cleaned successfully {"cache_type":"full_page"} []
[2026-06-28 00:51:15] main.WARNING: Cache backend response slow {"duration_ms":420,"cache_type":"full_page"} []
[2026-06-28 00:51:15] main.INFO: Cache cleaned successfully {"cache_type":"full_page"} []
[2026-06-28 00:51:15] main.WARNING: Cache backend response slow {"duration_ms":420,"cache_type":"full_page"} []
[2026-06-28 00:51:15] main.INFO: Cache cleaned successfully {"cache_type":"full_page"} []
[2026-06-28 00:51:15] main.NOTICE: Cron job completed {"job":"catalog_product_index_price_reindex_all"} []
[2026-06-28 00:51:16] main.WARNING: Redis connection pool near capacity {"used":85,"max":100} []
[2026-06-28 00:51:16] main.WARNING: Cache backend response slow {"duration_ms":420,"cache_type":"full_page"} []
[2026-06-28 00:51:16] main.INFO: Product page rendered from cache {"cache_hit":true} []
[2026-06-28 00:51:16] main.INFO: Customer login successful {"area":"frontend"} []
[2026-06-28 00:51:16] main.INFO: Cache cleaned successfully {"cache_type":"full_page"} []
[2026-06-28 00:51:18] main.WARNING: Redis connection pool near capacity {"used":85,"max":100} []
[2026-06-28 00:51:18] main.WARNING: Redis connection pool near capacity {"used":85,"max":100} []
[2026-06-28 00:51:18] main.WARNING: Cron schedule missed {"job":"sales_clean_quotes","delay_sec":180} []
[2026-06-28 00:51:18] main.INFO: Product page rendered from cache {"cache_hit":true} []
[2026-06-28 00:51:18] main.WARNING: Cache backend response slow {"duration_ms":420,"cache_type":"full_page"} []
[2026-06-28 00:51:18] main.NOTICE: Cron job completed {"job":"catalog_product_index_price_reindex_all"} []
[2026-06-28 00:51:18] main.INFO: Customer login successful {"area":"frontend"} []
[2026-06-28 00:51:18] main.INFO: Product page rendered from cache {"cache_hit":true} []
[2026-06-28 00:51:18] main.WARNING: Redis connection pool near capacity {"used":85,"max":100} []
[2026-06-28 00:51:18] main.WARNING: Cache backend response slow {"duration_ms":420,"cache_type":"full_page"} []
[2026-06-28 00:51:18] main.INFO: Cache cleaned successfully {"cache_type":"full_page"} []
[2026-06-28 00:51:18] main.WARNING: Cache backend response slow {"duration_ms":420,"cache_type":"full_page"} []
[2026-06-28 00:51:18] main.INFO: Product page rendered from cache {"cache_hit":true} []
[2026-06-28 00:51:18] main.WARNING: Redis connection pool near capacity {"used":85,"max":100} []
[2026-06-28 00:51:18] main.INFO: Customer login successful {"area":"frontend"} []
[2026-06-28 00:51:18] main.WARNING: Cron schedule missed {"job":"sales_clean_quotes","delay_sec":180} []
[2026-06-28 00:51:18] main.WARNING: Redis connection pool near capacity {"used":85,"max":100} []
[2026-06-28 00:51:18] main.INFO: Product page rendered from cache {"cache_hit":true} []
[2026-06-28 00:51:18] main.WARNING: Cache backend response slow {"duration_ms":420,"cache_type":"full_page"} []
[2026-06-28 00:51:18] main.INFO: Product page rendered from cache {"cache_hit":true} []
[2026-06-28 00:51:20] main.WARNING: Cache backend response slow {"duration_ms":420,"cache_type":"full_page"} []
[2026-06-28 00:51:20] main.INFO: Customer login successful {"area":"frontend"} []
[2026-06-28 00:51:20] main.INFO: Customer login successful {"area":"frontend"} []
[2026-06-28 00:51:20] main.WARNING: Cron schedule missed {"job":"sales_clean_quotes","delay_sec":180} []
[2026-06-28 00:51:20] main.INFO: Customer login successful {"area":"frontend"} []
[2026-06-28 00:51:20] main.NOTICE: Cron job completed {"job":"catalog_product_index_price_reindex_all"} []
[2026-06-28 00:51:20] main.WARNING: Cron schedule missed {"job":"sales_clean_quotes","delay_sec":180} []
[2026-06-28 00:51:20] main.INFO: Product page rendered from cache {"cache_hit":true} []
[2026-06-28 00:51:20] main.NOTICE: Cron job completed {"job":"catalog_product_index_price_reindex_all"} []
[2026-06-28 00:51:20] main.WARNING: Cron schedule missed {"job":"sales_clean_quotes","delay_sec":180} []
[2026-06-28 00:51:20] main.INFO: Cache cleaned successfully {"cache_type":"full_page"} []
[2026-06-28 00:51:20] main.WARNING: Cron schedule missed {"job":"sales_clean_quotes","delay_sec":180} []
[2026-06-28 00:51:20] main.INFO: Product page rendered from cache {"cache_hit":true} []
[2026-06-28 00:51:20] main.WARNING: Cron schedule missed {"job":"sales_clean_quotes","delay_sec":180} []
[2026-06-28 00:51:20] main.WARNING: Cron schedule missed {"job":"sales_clean_quotes","delay_sec":180} []
[2026-06-28 00:51:20] main.WARNING: Cron schedule missed {"job":"sales_clean_quotes","delay_sec":180} []
[2026-06-28 00:51:20] main.INFO: Product page rendered from cache {"cache_hit":true} []
[2026-06-28 00:51:20] main.INFO: Product page rendered from cache {"cache_hit":true} []
[2026-06-28 00:51:20] main.INFO: Product page rendered from cache {"cache_hit":true} []
[2026-06-28 00:51:20] main.INFO: Customer login successful {"area":"frontend"} []
[2026-06-28 00:51:22] main.INFO: Cache cleaned successfully {"cache_type":"full_page"} []
[2026-06-28 00:51:22] main.WARNING: Cache backend response slow {"duration_ms":420,"cache_type":"full_page"} []
[2026-06-28 00:51:22] main.WARNING: Cache backend response slow {"duration_ms":420,"cache_type":"full_page"} []
[2026-06-28 00:51:22] main.INFO: Customer login successful {"area":"frontend"} []
[2026-06-28 00:51:22] main.WARNING: Cron schedule missed {"job":"sales_clean_quotes","delay_sec":180} []
[2026-06-28 00:51:22] main.WARNING: Cron schedule missed {"job":"sales_clean_quotes","delay_sec":180} []
[2026-06-28 00:51:23] main.INFO: Customer login successful {"area":"frontend"} []
[2026-06-28 00:51:23] main.WARNING: Cache backend response slow {"duration_ms":420,"cache_type":"full_page"} []
[2026-06-28 00:51:23] main.INFO: Cache cleaned successfully {"cache_type":"full_page"} []
[2026-06-28 00:51:23] main.WARNING: Cron schedule missed {"job":"sales_clean_quotes","delay_sec":180} []
[2026-06-28 00:51:23] main.INFO: Cache cleaned successfully {"cache_type":"full_page"} []
[2026-06-28 00:51:23] main.INFO: Product page rendered from cache {"cache_hit":true} []
[2026-06-28 00:51:23] main.WARNING: Cache backend response slow {"duration_ms":420,"cache_type":"full_page"} []
[2026-06-28 00:51:23] main.INFO: Order placed successfully {"payment_method":"checkmo"} []
[2026-06-28 00:51:23] main.INFO: Product page rendered from cache {"cache_hit":true} []
[2026-06-28 00:51:23] main.WARNING: Cron schedule missed {"job":"sales_clean_quotes","delay_sec":180} []
[2026-06-28 00:51:23] main.INFO: Cache cleaned successfully {"cache_type":"full_page"} []
[2026-06-28 00:51:23] main.NOTICE: Cron job completed {"job":"catalog_product_index_price_reindex_all"} []
[2026-06-28 00:51:23] main.INFO: Product page rendered from cache {"cache_hit":true} []
[2026-06-28 00:51:23] main.NOTICE: Cron job completed {"job":"catalog_product_index_price_reindex_all"} []
[2026-06-28 00:51:25] main.INFO: Customer login successful {"area":"frontend"} []
[2026-06-28 00:51:25] main.WARNING: Cache backend response slow {"duration_ms":420,"cache_type":"full_page"} []
[2026-06-28 00:51:25] main.INFO: Order placed successfully {"payment_method":"checkmo"} []
[2026-06-28 00:51:25] main.INFO: Customer login successful {"area":"frontend"} []
[2026-06-28 00:51:25] main.WARNING: Cache backend response slow {"duration_ms":420,"cache_type":"full_page"} []
[2026-06-28 00:51:25] main.WARNING: Cache backend response slow {"duration_ms":420,"cache_type":"full_page"} []
[2026-06-28 00:51:25] main.INFO: Product page rendered from cache {"cache_hit":true} []
[2026-06-28 00:51:25] main.INFO: Customer login successful {"area":"frontend"} []
[2026-06-28 00:51:25] main.WARNING: Cron schedule missed {"job":"sales_clean_quotes","delay_sec":180} []
[2026-06-28 00:51:25] main.INFO: Cache cleaned successfully {"cache_type":"full_page"} []
[2026-06-28 00:51:25] main.WARNING: Redis connection pool near capacity {"used":85,"max":100} []
[2026-06-28 00:51:25] main.WARNING: Cron schedule missed {"job":"sales_clean_quotes","delay_sec":180} []
[2026-06-28 00:51:25] main.WARNING: Redis connection pool near capacity {"used":85,"max":100} []
[2026-06-28 00:51:25] main.INFO: Order placed successfully {"payment_method":"checkmo"} []
[2026-06-28 00:51:25] main.WARNING: Redis connection pool near capacity {"used":85,"max":100} []
[2026-06-28 00:51:25] main.WARNING: Cron schedule missed {"job":"sales_clean_quotes","delay_sec":180} []
[2026-06-28 00:51:25] main.INFO: Customer login successful {"area":"frontend"} []
[2026-06-28 00:51:25] main.INFO: Cache cleaned successfully {"cache_type":"full_page"} []
[2026-06-28 00:51:25] main.INFO: Customer login successful {"area":"frontend"} []
[2026-06-28 00:51:25] main.WARNING: Redis connection pool near capacity {"used":85,"max":100} []
[2026-06-28 00:51:27] main.INFO: Customer login successful {"area":"frontend"} []
[2026-06-28 00:51:27] main.WARNING: Cache backend response slow {"duration_ms":420,"cache_type":"full_page"} []
[2026-06-28 00:51:27] main.WARNING: Redis connection pool near capacity {"used":85,"max":100} []
[2026-06-28 00:51:27] main.INFO: Customer login successful {"area":"frontend"} []
[2026-06-28 00:51:27] main.WARNING: Cache backend response slow {"duration_ms":420,"cache_type":"full_page"} []
[2026-06-28 00:51:27] main.INFO: Cache cleaned successfully {"cache_type":"full_page"} []
[2026-06-28 00:51:27] main.WARNING: Cron schedule missed {"job":"sales_clean_quotes","delay_sec":180} []
[2026-06-28 00:51:27] main.INFO: Order placed successfully {"payment_method":"checkmo"} []
[2026-06-28 00:51:27] main.INFO: Order placed successfully {"payment_method":"checkmo"} []
[2026-06-28 00:51:27] main.WARNING: Cache backend response slow {"duration_ms":420,"cache_type":"full_page"} []
[2026-06-28 00:51:27] main.WARNING: Cron schedule missed {"job":"sales_clean_quotes","delay_sec":180} []
[2026-06-28 00:51:27] main.WARNING: Redis connection pool near capacity {"used":85,"max":100} []
[2026-06-28 00:51:27] main.WARNING: Cache backend response slow {"duration_ms":420,"cache_type":"full_page"} []
[2026-06-28 00:51:27] main.INFO: Product page rendered from cache {"cache_hit":true} []
[2026-06-28 00:51:27] main.NOTICE: Cron job completed {"job":"catalog_product_index_price_reindex_all"} []
[2026-06-28 00:51:27] main.WARNING: Redis connection pool near capacity {"used":85,"max":100} []
[2026-06-28 00:51:27] main.NOTICE: Cron job completed {"job":"catalog_product_index_price_reindex_all"} []
[2026-06-28 00:51:27] main.WARNING: Cache backend response slow {"duration_ms":420,"cache_type":"full_page"} []
[2026-06-28 00:51:27] main.WARNING: Redis connection pool near capacity {"used":85,"max":100} []
[2026-06-28 00:51:28] main.NOTICE: Cron job completed {"job":"catalog_product_index_price_reindex_all"} []
[2026-06-28 00:51:30] main.INFO: Product page rendered from cache {"cache_hit":true} []
[2026-06-28 00:51:30] main.NOTICE: Cron job completed {"job":"catalog_product_index_price_reindex_all"} []
[2026-06-28 00:51:30] main.INFO: Customer login successful {"area":"frontend"} []
[2026-06-28 00:51:30] main.WARNING: Cron schedule missed {"job":"sales_clean_quotes","delay_sec":180} []
[2026-06-28 00:51:30] main.INFO: Product page rendered from cache {"cache_hit":true} []
[2026-06-28 00:51:30] main.INFO: Product page rendered from cache {"cache_hit":true} []
[2026-06-28 00:51:30] main.WARNING: Cron schedule missed {"job":"sales_clean_quotes","delay_sec":180} []
[2026-06-28 00:51:30] main.INFO: Customer login successful {"area":"frontend"} []
[2026-06-28 00:51:30] main.INFO: Cache cleaned successfully {"cache_type":"full_page"} []
[2026-06-28 00:51:30] main.INFO: Order placed successfully {"payment_method":"checkmo"} []
[2026-06-28 00:51:30] main.INFO: Product page rendered from cache {"cache_hit":true} []
[2026-06-28 00:51:30] main.WARNING: Redis connection pool near capacity {"used":85,"max":100} []
[2026-06-28 00:51:30] main.WARNING: Cron schedule missed {"job":"sales_clean_quotes","delay_sec":180} []
[2026-06-28 00:51:30] main.INFO: Product page rendered from cache {"cache_hit":true} []
[2026-06-28 00:51:30] main.INFO: Customer login successful {"area":"frontend"} []
[2026-06-28 00:51:30] main.NOTICE: Cron job completed {"job":"catalog_product_index_price_reindex_all"} []
[2026-06-28 00:51:30] main.WARNING: Redis connection pool near capacity {"used":85,"max":100} []
[2026-06-28 00:51:30] main.WARNING: Cache backend response slow {"duration_ms":420,"cache_type":"full_page"} []
[2026-06-28 00:51:30] main.WARNING: Cache backend response slow {"duration_ms":420,"cache_type":"full_page"} []
[2026-06-28 00:51:30] main.NOTICE: Cron job completed {"job":"catalog_product_index_price_reindex_all"} []
[2026-06-28 00:51:32] main.WARNING: Cache backend response slow {"duration_ms":420,"cache_type":"full_page"} []
[2026-06-28 00:51:32] main.WARNING: Redis connection pool near capacity {"used":85,"max":100} []
[2026-06-28 00:51:32] main.NOTICE: Cron job completed {"job":"catalog_product_index_price_reindex_all"} []
[2026-06-28 00:51:32] main.NOTICE: Cron job completed {"job":"catalog_product_index_price_reindex_all"} []
[2026-06-28 00:51:32] main.INFO: Order placed successfully {"payment_method":"checkmo"} []
[2026-06-28 00:51:32] main.WARNING: Redis connection pool near capacity {"used":85,"max":100} []
[2026-06-28 00:51:32] main.INFO: Order placed successfully {"payment_method":"checkmo"} []
[2026-06-28 00:51:32] main.WARNING: Cache backend response slow {"duration_ms":420,"cache_type":"full_page"} []
[2026-06-28 00:51:32] main.NOTICE: Cron job completed {"job":"catalog_product_index_price_reindex_all"} []
[2026-06-28 00:51:32] main.INFO: Order placed successfully {"payment_method":"checkmo"} []
[2026-06-28 00:51:32] main.WARNING: Cache backend response slow {"duration_ms":420,"cache_type":"full_page"} []
[2026-06-28 00:51:32] main.INFO: Cache cleaned successfully {"cache_type":"full_page"} []
[2026-06-28 00:51:32] main.WARNING: Redis connection pool near capacity {"used":85,"max":100} []
[2026-06-28 00:51:32] main.INFO: Customer login successful {"area":"frontend"} []
[2026-06-28 00:51:32] main.WARNING: Cache backend response slow {"duration_ms":420,"cache_type":"full_page"} []
[2026-06-28 00:51:32] main.WARNING: Cron schedule missed {"job":"sales_clean_quotes","delay_sec":180} []
[2026-06-28 00:51:32] main.NOTICE: Cron job completed {"job":"catalog_product_index_price_reindex_all"} []
[2026-06-28 00:51:32] main.WARNING: Redis connection pool near capacity {"used":85,"max":100} []
[2026-06-28 00:51:32] main.WARNING: Cron schedule missed {"job":"sales_clean_quotes","delay_sec":180} []
[2026-06-28 00:51:32] main.WARNING: Redis connection pool near capacity {"used":85,"max":100} []
[2026-06-28 00:51:34] main.INFO: Customer login successful {"area":"frontend"} []
[2026-06-28 00:51:34] main.INFO: Cache cleaned successfully {"cache_type":"full_page"} []
[2026-06-28 00:51:34] main.INFO: Customer login successful {"area":"frontend"} []
[2026-06-28 00:51:34] main.INFO: Customer login successful {"area":"frontend"} []
[2026-06-28 00:51:34] main.WARNING: Redis connection pool near capacity {"used":85,"max":100} []
[2026-06-28 00:51:34] main.WARNING: Cron schedule missed {"job":"sales_clean_quotes","delay_sec":180} []
[2026-06-28 00:51:34] main.INFO: Cache cleaned successfully {"cache_type":"full_page"} []
[2026-06-28 00:51:34] main.WARNING: Cron schedule missed {"job":"sales_clean_quotes","delay_sec":180} []
[2026-06-28 00:51:34] main.INFO: Order placed successfully {"payment_method":"checkmo"} []
[2026-06-28 00:51:34] main.INFO: Product page rendered from cache {"cache_hit":true} []
[2026-06-28 00:51:34] main.WARNING: Redis connection pool near capacity {"used":85,"max":100} []
[2026-06-28 00:51:34] main.WARNING: Redis connection pool near capacity {"used":85,"max":100} []
[2026-06-28 00:51:35] main.WARNING: Cron schedule missed {"job":"sales_clean_quotes","delay_sec":180} []
[2026-06-28 00:51:35] main.INFO: Customer login successful {"area":"frontend"} []
[2026-06-28 00:51:35] main.WARNING: Cache backend response slow {"duration_ms":420,"cache_type":"full_page"} []
[2026-06-28 00:51:35] main.NOTICE: Cron job completed {"job":"catalog_product_index_price_reindex_all"} []
[2026-06-28 00:51:35] main.INFO: Customer login successful {"area":"frontend"} []
[2026-06-28 00:51:35] main.INFO: Customer login successful {"area":"frontend"} []
[2026-06-28 00:51:35] main.INFO: Customer login successful {"area":"frontend"} []
[2026-06-28 00:51:35] main.NOTICE: Cron job completed {"job":"catalog_product_index_price_reindex_all"} []
[2026-06-28 00:51:37] main.NOTICE: Cron job completed {"job":"catalog_product_index_price_reindex_all"} []
[2026-06-28 00:51:37] main.WARNING: Cache backend response slow {"duration_ms":420,"cache_type":"full_page"} []
[2026-06-28 00:51:37] main.INFO: Order placed successfully {"payment_method":"checkmo"} []
[2026-06-28 00:51:37] main.INFO: Order placed successfully {"payment_method":"checkmo"} []
[2026-06-28 00:51:37] main.WARNING: Cron schedule missed {"job":"sales_clean_quotes","delay_sec":180} []
[2026-06-28 00:51:37] main.WARNING: Cron schedule missed {"job":"sales_clean_quotes","delay_sec":180} []
[2026-06-28 00:51:37] main.WARNING: Redis connection pool near capacity {"used":85,"max":100} []
[2026-06-28 00:51:37] main.NOTICE: Cron job completed {"job":"catalog_product_index_price_reindex_all"} []
[2026-06-28 00:51:37] main.WARNING: Redis connection pool near capacity {"used":85,"max":100} []
[2026-06-28 00:51:37] main.INFO: Cache cleaned successfully {"cache_type":"full_page"} []
[2026-06-28 00:51:37] main.INFO: Cache cleaned successfully {"cache_type":"full_page"} []
[2026-06-28 00:51:37] main.WARNING: Cache backend response slow {"duration_ms":420,"cache_type":"full_page"} []
[2026-06-28 00:51:37] main.NOTICE: Cron job completed {"job":"catalog_product_index_price_reindex_all"} []
[2026-06-28 00:51:37] main.INFO: Cache cleaned successfully {"cache_type":"full_page"} []
[2026-06-28 00:51:37] main.INFO: Order placed successfully {"payment_method":"checkmo"} []
[2026-06-28 00:51:37] main.WARNING: Cache backend response slow {"duration_ms":420,"cache_type":"full_page"} []
[2026-06-28 00:51:37] main.INFO: Customer login successful {"area":"frontend"} []
[2026-06-28 00:51:37] main.WARNING: Cache backend response slow {"duration_ms":420,"cache_type":"full_page"} []
[2026-06-28 00:51:37] main.INFO: Order placed successfully {"payment_method":"checkmo"} []
[2026-06-28 00:51:37] main.WARNING: Cache backend response slow {"duration_ms":420,"cache_type":"full_page"} []
[2026-06-28 00:51:39] main.NOTICE: Cron job completed {"job":"catalog_product_index_price_reindex_all"} []
[2026-06-28 00:51:39] main.INFO: Cache cleaned successfully {"cache_type":"full_page"} []
[2026-06-28 00:51:39] main.INFO: Cache cleaned successfully {"cache_type":"full_page"} []
[2026-06-28 00:51:39] main.WARNING: Redis connection pool near capacity {"used":85,"max":100} []
[2026-06-28 00:51:39] main.WARNING: Cron schedule missed {"job":"sales_clean_quotes","delay_sec":180} []
[2026-06-28 00:51:39] main.INFO: Product page rendered from cache {"cache_hit":true} []
[2026-06-28 00:51:39] main.WARNING: Cron schedule missed {"job":"sales_clean_quotes","delay_sec":180} []
[2026-06-28 00:51:39] main.INFO: Product page rendered from cache {"cache_hit":true} []
[2026-06-28 00:51:39] main.INFO: Product page rendered from cache {"cache_hit":true} []
[2026-06-28 00:51:39] main.WARNING: Redis connection pool near capacity {"used":85,"max":100} []
[2026-06-28 00:51:39] main.WARNING: Redis connection pool near capacity {"used":85,"max":100} []
[2026-06-28 00:51:39] main.INFO: Order placed successfully {"payment_method":"checkmo"} []
[2026-06-28 00:51:39] main.INFO: Product page rendered from cache {"cache_hit":true} []
[2026-06-28 00:51:39] main.WARNING: Redis connection pool near capacity {"used":85,"max":100} []
[2026-06-28 00:51:39] main.INFO: Order placed successfully {"payment_method":"checkmo"} []
[2026-06-28 00:51:39] main.INFO: Customer login successful {"area":"frontend"} []
[2026-06-28 00:51:39] main.WARNING: Cache backend response slow {"duration_ms":420,"cache_type":"full_page"} []
[2026-06-28 00:51:39] main.WARNING: Redis connection pool near capacity {"used":85,"max":100} []
[2026-06-28 00:51:39] main.INFO: Customer login successful {"area":"frontend"} []
[2026-06-28 00:51:39] main.WARNING: Redis connection pool near capacity {"used":85,"max":100} []
[2026-06-28 00:51:41] main.WARNING: Redis connection pool near capacity {"used":85,"max":100} []
[2026-06-28 00:51:42] main.WARNING: Redis connection pool near capacity {"used":85,"max":100} []
[2026-06-28 00:51:42] main.WARNING: Cron schedule missed {"job":"sales_clean_quotes","delay_sec":180} []
[2026-06-28 00:51:42] main.INFO: Order placed successfully {"payment_method":"checkmo"} []
[2026-06-28 00:51:42] main.NOTICE: Cron job completed {"job":"catalog_product_index_price_reindex_all"} []
[2026-06-28 00:51:42] main.WARNING: Redis connection pool near capacity {"used":85,"max":100} []
[2026-06-28 00:51:42] main.INFO: Order placed successfully {"payment_method":"checkmo"} []
[2026-06-28 00:51:42] main.INFO: Cache cleaned successfully {"cache_type":"full_page"} []
[2026-06-28 00:51:42] main.NOTICE: Cron job completed {"job":"catalog_product_index_price_reindex_all"} []
[2026-06-28 00:51:42] main.INFO: Product page rendered from cache {"cache_hit":true} []
[2026-06-28 00:51:42] main.INFO: Product page rendered from cache {"cache_hit":true} []
[2026-06-28 00:51:42] main.WARNING: Cron schedule missed {"job":"sales_clean_quotes","delay_sec":180} []
[2026-06-28 00:51:42] main.INFO: Order placed successfully {"payment_method":"checkmo"} []
[2026-06-28 00:51:42] main.INFO: Cache cleaned successfully {"cache_type":"full_page"} []
[2026-06-28 00:51:42] main.WARNING: Redis connection pool near capacity {"used":85,"max":100} []
[2026-06-28 00:51:42] main.WARNING: Cron schedule missed {"job":"sales_clean_quotes","delay_sec":180} []
[2026-06-28 00:51:42] main.WARNING: Cron schedule missed {"job":"sales_clean_quotes","delay_sec":180} []
[2026-06-28 00:51:42] main.INFO: Customer login successful {"area":"frontend"} []
[2026-06-28 00:51:42] main.WARNING: Redis connection pool near capacity {"used":85,"max":100} []
[2026-06-28 00:51:42] main.WARNING: Cache backend response slow {"duration_ms":420,"cache_type":"full_page"} []
[2026-06-28 00:51:44] main.INFO: Product page rendered from cache {"cache_hit":true} []
[2026-06-28 00:51:44] main.INFO: Cache cleaned successfully {"cache_type":"full_page"} []
[2026-06-28 00:51:44] main.INFO: Product page rendered from cache {"cache_hit":true} []
[2026-06-28 00:51:44] main.WARNING: Cache backend response slow {"duration_ms":420,"cache_type":"full_page"} []
[2026-06-28 00:51:44] main.WARNING: Cache backend response slow {"duration_ms":420,"cache_type":"full_page"} []
[2026-06-28 00:51:44] main.NOTICE: Cron job completed {"job":"catalog_product_index_price_reindex_all"} []
[2026-06-28 00:51:44] main.WARNING: Redis connection pool near capacity {"used":85,"max":100} []
[2026-06-28 00:51:44] main.WARNING: Cron schedule missed {"job":"sales_clean_quotes","delay_sec":180} []
[2026-06-28 00:51:44] main.WARNING: Cache backend response slow {"duration_ms":420,"cache_type":"full_page"} []
[2026-06-28 00:51:44] main.WARNING: Cron schedule missed {"job":"sales_clean_quotes","delay_sec":180} []
[2026-06-28 00:51:44] main.INFO: Customer login successful {"area":"frontend"} []
[2026-06-28 00:51:44] main.INFO: Customer login successful {"area":"frontend"} []
[2026-06-28 00:51:44] main.INFO: Customer login successful {"area":"frontend"} []
[2026-06-28 00:51:44] main.WARNING: Redis connection pool near capacity {"used":85,"max":100} []
[2026-06-28 00:51:44] main.WARNING: Redis connection pool near capacity {"used":85,"max":100} []
[2026-06-28 00:51:44] main.INFO: Customer login successful {"area":"frontend"} []
[2026-06-28 00:51:44] main.WARNING: Cache backend response slow {"duration_ms":420,"cache_type":"full_page"} []
[2026-06-28 00:51:44] main.WARNING: Cache backend response slow {"duration_ms":420,"cache_type":"full_page"} []
[2026-06-28 00:51:44] main.WARNING: Cron schedule missed {"job":"sales_clean_quotes","delay_sec":180} []
[2026-06-28 00:51:44] main.WARNING: Redis connection pool near capacity {"used":85,"max":100} []
[2026-06-28 00:51:46] main.WARNING: Redis connection pool near capacity {"used":85,"max":100} []
[2026-06-28 00:51:46] main.INFO: Customer login successful {"area":"frontend"} []
[2026-06-28 00:51:46] main.WARNING: Redis connection pool near capacity {"used":85,"max":100} []
[2026-06-28 00:51:46] main.INFO: Cache cleaned successfully {"cache_type":"full_page"} []
[2026-06-28 00:51:46] main.INFO: Cache cleaned successfully {"cache_type":"full_page"} []
[2026-06-28 00:51:46] main.INFO: Product page rendered from cache {"cache_hit":true} []
[2026-06-28 00:51:46] main.INFO: Product page rendered from cache {"cache_hit":true} []
[2026-06-28 00:51:46] main.INFO: Cache cleaned successfully {"cache_type":"full_page"} []
[2026-06-28 00:51:46] main.WARNING: Redis connection pool near capacity {"used":85,"max":100} []
[2026-06-28 00:51:46] main.NOTICE: Cron job completed {"job":"catalog_product_index_price_reindex_all"} []
[2026-06-28 00:51:46] main.INFO: Product page rendered from cache {"cache_hit":true} []
[2026-06-28 00:51:46] main.INFO: Cache cleaned successfully {"cache_type":"full_page"} []
[2026-06-28 00:51:46] main.WARNING: Cache backend response slow {"duration_ms":420,"cache_type":"full_page"} []
[2026-06-28 00:51:46] main.INFO: Product page rendered from cache {"cache_hit":true} []
[2026-06-28 00:51:47] main.INFO: Order placed successfully {"payment_method":"checkmo"} []
[2026-06-28 00:51:47] main.WARNING: Redis connection pool near capacity {"used":85,"max":100} []
[2026-06-28 00:51:47] main.WARNING: Redis connection pool near capacity {"used":85,"max":100} []
[2026-06-28 00:51:47] main.WARNING: Cache backend response slow {"duration_ms":420,"cache_type":"full_page"} []
[2026-06-28 00:51:47] main.NOTICE: Cron job completed {"job":"catalog_product_index_price_reindex_all"} []
[2026-06-28 00:51:47] main.WARNING: Cron schedule missed {"job":"sales_clean_quotes","delay_sec":180} []
[2026-06-28 00:51:49] main.INFO: Product page rendered from cache {"cache_hit":true} []
[2026-06-28 00:51:49] main.NOTICE: Cron job completed {"job":"catalog_product_index_price_reindex_all"} []
[2026-06-28 00:51:49] main.INFO: Product page rendered from cache {"cache_hit":true} []
[2026-06-28 00:51:49] main.INFO: Customer login successful {"area":"frontend"} []
[2026-06-28 00:51:49] main.WARNING: Cache backend response slow {"duration_ms":420,"cache_type":"full_page"} []
[2026-06-28 00:51:49] main.WARNING: Cron schedule missed {"job":"sales_clean_quotes","delay_sec":180} []
[2026-06-28 00:51:49] main.INFO: Cache cleaned successfully {"cache_type":"full_page"} []
[2026-06-28 00:51:49] main.WARNING: Redis connection pool near capacity {"used":85,"max":100} []
[2026-06-28 00:51:49] main.WARNING: Redis connection pool near capacity {"used":85,"max":100} []
[2026-06-28 00:51:49] main.WARNING: Redis connection pool near capacity {"used":85,"max":100} []
[2026-06-28 00:51:49] main.WARNING: Cron schedule missed {"job":"sales_clean_quotes","delay_sec":180} []
[2026-06-28 00:51:49] main.WARNING: Cron schedule missed {"job":"sales_clean_quotes","delay_sec":180} []
[2026-06-28 00:51:49] main.INFO: Customer login successful {"area":"frontend"} []
[2026-06-28 00:51:49] main.INFO: Customer login successful {"area":"frontend"} []
[2026-06-28 00:51:49] main.WARNING: Cache backend response slow {"duration_ms":420,"cache_type":"full_page"} []
[2026-06-28 00:51:49] main.WARNING: Cron schedule missed {"job":"sales_clean_quotes","delay_sec":180} []
[2026-06-28 00:51:49] main.NOTICE: Cron job completed {"job":"catalog_product_index_price_reindex_all"} []
[2026-06-28 00:51:49] main.WARNING: Cache backend response slow {"duration_ms":420,"cache_type":"full_page"} []
[2026-06-28 00:51:49] main.WARNING: Redis connection pool near capacity {"used":85,"max":100} []
[2026-06-28 00:51:49] main.WARNING: Cron schedule missed {"job":"sales_clean_quotes","delay_sec":180} []
[2026-06-28 00:51:51] main.WARNING: Cache backend response slow {"duration_ms":420,"cache_type":"full_page"} []
[2026-06-28 00:51:51] main.WARNING: Redis connection pool near capacity {"used":85,"max":100} []
[2026-06-28 00:51:51] main.NOTICE: Cron job completed {"job":"catalog_product_index_price_reindex_all"} []
[2026-06-28 00:51:51] main.NOTICE: Cron job completed {"job":"catalog_product_index_price_reindex_all"} []
[2026-06-28 00:51:51] main.INFO: Customer login successful {"area":"frontend"} []
[2026-06-28 00:51:51] main.INFO: Cache cleaned successfully {"cache_type":"full_page"} []
[2026-06-28 00:51:51] main.INFO: Customer login successful {"area":"frontend"} []
[2026-06-28 00:51:51] main.INFO: Order placed successfully {"payment_method":"checkmo"} []
[2026-06-28 00:51:51] main.WARNING: Cron schedule missed {"job":"sales_clean_quotes","delay_sec":180} []
[2026-06-28 00:51:51] main.WARNING: Redis connection pool near capacity {"used":85,"max":100} []
[2026-06-28 00:51:51] main.INFO: Product page rendered from cache {"cache_hit":true} []
[2026-06-28 00:51:51] main.WARNING: Cron schedule missed {"job":"sales_clean_quotes","delay_sec":180} []
[2026-06-28 00:51:51] main.INFO: Customer login successful {"area":"frontend"} []
[2026-06-28 00:51:51] main.INFO: Product page rendered from cache {"cache_hit":true} []
[2026-06-28 00:51:51] main.INFO: Customer login successful {"area":"frontend"} []
[2026-06-28 00:51:51] main.INFO: Product page rendered from cache {"cache_hit":true} []
[2026-06-28 00:51:51] main.INFO: Product page rendered from cache {"cache_hit":true} []
[2026-06-28 00:51:51] main.INFO: Order placed successfully {"payment_method":"checkmo"} []
[2026-06-28 00:51:51] main.NOTICE: Cron job completed {"job":"catalog_product_index_price_reindex_all"} []
[2026-06-28 00:51:51] main.INFO: Cache cleaned successfully {"cache_type":"full_page"} []
[2026-06-28 00:51:53] main.WARNING: Cron schedule missed {"job":"sales_clean_quotes","delay_sec":180} []
[2026-06-28 00:51:53] main.WARNING: Cron schedule missed {"job":"sales_clean_quotes","delay_sec":180} []
[2026-06-28 00:51:53] main.WARNING: Redis connection pool near capacity {"used":85,"max":100} []
[2026-06-28 00:51:53] main.WARNING: Cache backend response slow {"duration_ms":420,"cache_type":"full_page"} []
[2026-06-28 00:51:53] main.INFO: Order placed successfully {"payment_method":"checkmo"} []
[2026-06-28 00:51:54] main.WARNING: Cache backend response slow {"duration_ms":420,"cache_type":"full_page"} []
[2026-06-28 00:51:54] main.NOTICE: Cron job completed {"job":"catalog_product_index_price_reindex_all"} []
[2026-06-28 00:51:54] main.INFO: Product page rendered from cache {"cache_hit":true} []
[2026-06-28 00:51:54] main.INFO: Customer login successful {"area":"frontend"} []
[2026-06-28 00:51:54] main.NOTICE: Cron job completed {"job":"catalog_product_index_price_reindex_all"} []
[2026-06-28 00:51:54] main.WARNING: Redis connection pool near capacity {"used":85,"max":100} []
[2026-06-28 00:51:54] main.WARNING: Cron schedule missed {"job":"sales_clean_quotes","delay_sec":180} []
[2026-06-28 00:51:54] main.WARNING: Cache backend response slow {"duration_ms":420,"cache_type":"full_page"} []
[2026-06-28 00:51:54] main.WARNING: Cron schedule missed {"job":"sales_clean_quotes","delay_sec":180} []
[2026-06-28 00:51:54] main.NOTICE: Cron job completed {"job":"catalog_product_index_price_reindex_all"} []
[2026-06-28 00:51:54] main.INFO: Cache cleaned successfully {"cache_type":"full_page"} []
[2026-06-28 00:51:54] main.NOTICE: Cron job completed {"job":"catalog_product_index_price_reindex_all"} []
[2026-06-28 00:51:54] main.WARNING: Redis connection pool near capacity {"used":85,"max":100} []
[2026-06-28 00:51:54] main.INFO: Product page rendered from cache {"cache_hit":true} []
[2026-06-28 00:51:54] main.WARNING: Redis connection pool near capacity {"used":85,"max":100} []
[2026-06-28 00:51:56] main.WARNING: Redis connection pool near capacity {"used":85,"max":100} []
[2026-06-28 00:51:56] main.INFO: Customer login successful {"area":"frontend"} []
[2026-06-28 00:51:56] main.WARNING: Redis connection pool near capacity {"used":85,"max":100} []
[2026-06-28 00:51:56] main.INFO: Customer login successful {"area":"frontend"} []
[2026-06-28 00:51:56] main.WARNING: Cache backend response slow {"duration_ms":420,"cache_type":"full_page"} []
[2026-06-28 00:51:56] main.WARNING: Cache backend response slow {"duration_ms":420,"cache_type":"full_page"} []
[2026-06-28 00:51:56] main.INFO: Customer login successful {"area":"frontend"} []
[2026-06-28 00:51:56] main.INFO: Order placed successfully {"payment_method":"checkmo"} []
[2026-06-28 00:51:56] main.WARNING: Cron schedule missed {"job":"sales_clean_quotes","delay_sec":180} []
[2026-06-28 00:51:56] main.WARNING: Cache backend response slow {"duration_ms":420,"cache_type":"full_page"} []
[2026-06-28 00:51:56] main.INFO: Product page rendered from cache {"cache_hit":true} []
[2026-06-28 00:51:56] main.WARNING: Cron schedule missed {"job":"sales_clean_quotes","delay_sec":180} []
[2026-06-28 00:51:56] main.INFO: Order placed successfully {"payment_method":"checkmo"} []
[2026-06-28 00:51:56] main.INFO: Cache cleaned successfully {"cache_type":"full_page"} []
[2026-06-28 00:51:56] main.WARNING: Cron schedule missed {"job":"sales_clean_quotes","delay_sec":180} []
[2026-06-28 00:51:56] main.INFO: Product page rendered from cache {"cache_hit":true} []
[2026-06-28 00:51:56] main.INFO: Cache cleaned successfully {"cache_type":"full_page"} []
[2026-06-28 00:51:56] main.WARNING: Cache backend response slow {"duration_ms":420,"cache_type":"full_page"} []
[2026-06-28 00:51:56] main.INFO: Customer login successful {"area":"frontend"} []
[2026-06-28 00:51:56] main.WARNING: Cache backend response slow {"duration_ms":420,"cache_type":"full_page"} []
[2026-06-28 00:51:58] main.WARNING: Cron schedule missed {"job":"sales_clean_quotes","delay_sec":180} []
[2026-06-28 00:51:58] main.WARNING: Redis connection pool near capacity {"used":85,"max":100} []
[2026-06-28 00:51:58] main.INFO: Cache cleaned successfully {"cache_type":"full_page"} []
[2026-06-28 00:51:58] main.WARNING: Redis connection pool near capacity {"used":85,"max":100} []
[2026-06-28 00:51:58] main.INFO: Order placed successfully {"payment_method":"checkmo"} []
[2026-06-28 00:51:58] main.WARNING: Cron schedule missed {"job":"sales_clean_quotes","delay_sec":180} []
[2026-06-28 00:51:58] main.WARNING: Cache backend response slow {"duration_ms":420,"cache_type":"full_page"} []
[2026-06-28 00:51:58] main.INFO: Order placed successfully {"payment_method":"checkmo"} []
[2026-06-28 00:51:58] main.WARNING: Cache backend response slow {"duration_ms":420,"cache_type":"full_page"} []
[2026-06-28 00:51:58] main.WARNING: Redis connection pool near capacity {"used":85,"max":100} []
[2026-06-28 00:51:58] main.WARNING: Cache backend response slow {"duration_ms":420,"cache_type":"full_page"} []
[2026-06-28 00:51:58] main.NOTICE: Cron job completed {"job":"catalog_product_index_price_reindex_all"} []
[2026-06-28 00:51:58] main.WARNING: Redis connection pool near capacity {"used":85,"max":100} []
[2026-06-28 00:51:58] main.NOTICE: Cron job completed {"job":"catalog_product_index_price_reindex_all"} []
[2026-06-28 00:51:58] main.INFO: Customer login successful {"area":"frontend"} []
[2026-06-28 00:51:58] main.INFO: Cache cleaned successfully {"cache_type":"full_page"} []
[2026-06-28 00:51:58] main.INFO: Product page rendered from cache {"cache_hit":true} []
[2026-06-28 00:51:58] main.WARNING: Cache backend response slow {"duration_ms":420,"cache_type":"full_page"} []
[2026-06-28 00:51:58] main.NOTICE: Cron job completed {"job":"catalog_product_index_price_reindex_all"} []
[2026-06-28 00:51:58] main.WARNING: Cron schedule missed {"job":"sales_clean_quotes","delay_sec":180} []
[2026-06-28 00:57:23] main.WARNING: Cache backend response slow {"duration_ms":420,"cache_type":"full_page"} []
[2026-06-28 00:57:23] main.WARNING: Cache backend response slow {"duration_ms":420,"cache_type":"full_page"} []
[2026-06-28 00:57:23] main.WARNING: Redis connection pool near capacity {"used":85,"max":100} []
[2026-06-28 00:57:23] main.INFO: Product page rendered from cache {"cache_hit":true} []
[2026-06-28 00:57:23] main.WARNING: Redis connection pool near capacity {"used":85,"max":100} []
[2026-06-28 00:57:23] main.WARNING: Redis connection pool near capacity {"used":85,"max":100} []
[2026-06-28 00:57:23] main.WARNING: Cron schedule missed {"job":"sales_clean_quotes","delay_sec":180} []
[2026-06-28 00:57:23] main.INFO: Customer login successful {"area":"frontend"} []
[2026-06-28 00:57:23] main.WARNING: Redis connection pool near capacity {"used":85,"max":100} []
[2026-06-28 00:57:23] main.WARNING: Cron schedule missed {"job":"sales_clean_quotes","delay_sec":180} []
[2026-06-28 00:57:23] main.INFO: Customer login successful {"area":"frontend"} []
[2026-06-28 00:57:23] main.WARNING: Cron schedule missed {"job":"sales_clean_quotes","delay_sec":180} []
[2026-06-28 00:57:23] main.WARNING: Cron schedule missed {"job":"sales_clean_quotes","delay_sec":180} []
[2026-06-28 00:57:23] main.WARNING: Redis connection pool near capacity {"used":85,"max":100} []
[2026-06-28 00:57:23] main.NOTICE: Cron job completed {"job":"catalog_product_index_price_reindex_all"} []
[2026-06-28 00:57:23] main.INFO: Product page rendered from cache {"cache_hit":true} []
[2026-06-28 00:57:23] main.NOTICE: Cron job completed {"job":"catalog_product_index_price_reindex_all"} []
[2026-06-28 00:57:23] main.INFO: Order placed successfully {"payment_method":"checkmo"} []
[2026-06-28 00:57:23] main.WARNING: Cache backend response slow {"duration_ms":420,"cache_type":"full_page"} []
[2026-06-28 00:57:23] main.INFO: Product page rendered from cache {"cache_hit":true} []
[2026-06-28 00:57:25] main.WARNING: Cron schedule missed {"job":"sales_clean_quotes","delay_sec":180} []
[2026-06-28 00:57:25] main.WARNING: Cron schedule missed {"job":"sales_clean_quotes","delay_sec":180} []
[2026-06-28 00:57:25] main.WARNING: Redis connection pool near capacity {"used":85,"max":100} []
[2026-06-28 00:57:25] main.NOTICE: Cron job completed {"job":"catalog_product_index_price_reindex_all"} []
[2026-06-28 00:57:26] main.INFO: Product page rendered from cache {"cache_hit":true} []
[2026-06-28 00:57:26] main.INFO: Cache cleaned successfully {"cache_type":"full_page"} []
[2026-06-28 00:57:26] main.WARNING: Redis connection pool near capacity {"used":85,"max":100} []
[2026-06-28 00:57:26] main.WARNING: Redis connection pool near capacity {"used":85,"max":100} []
[2026-06-28 00:57:26] main.INFO: Cache cleaned successfully {"cache_type":"full_page"} []
[2026-06-28 00:57:26] main.INFO: Customer login successful {"area":"frontend"} []
[2026-06-28 00:57:26] main.INFO: Cache cleaned successfully {"cache_type":"full_page"} []
[2026-06-28 00:57:26] main.WARNING: Cron schedule missed {"job":"sales_clean_quotes","delay_sec":180} []
[2026-06-28 00:57:26] main.WARNING: Redis connection pool near capacity {"used":85,"max":100} []
[2026-06-28 00:57:26] main.WARNING: Cache backend response slow {"duration_ms":420,"cache_type":"full_page"} []
[2026-06-28 00:57:26] main.NOTICE: Cron job completed {"job":"catalog_product_index_price_reindex_all"} []
[2026-06-28 00:57:26] main.WARNING: Cache backend response slow {"duration_ms":420,"cache_type":"full_page"} []
[2026-06-28 00:57:26] main.WARNING: Cron schedule missed {"job":"sales_clean_quotes","delay_sec":180} []
[2026-06-28 00:57:26] main.INFO: Cache cleaned successfully {"cache_type":"full_page"} []
[2026-06-28 00:57:26] main.INFO: Order placed successfully {"payment_method":"checkmo"} []
[2026-06-28 00:57:26] main.INFO: Cache cleaned successfully {"cache_type":"full_page"} []
[2026-06-28 00:57:28] main.WARNING: Cache backend response slow {"duration_ms":420,"cache_type":"full_page"} []
[2026-06-28 00:57:28] main.WARNING: Cache backend response slow {"duration_ms":420,"cache_type":"full_page"} []
[2026-06-28 00:57:28] main.INFO: Product page rendered from cache {"cache_hit":true} []
[2026-06-28 00:57:28] main.WARNING: Redis connection pool near capacity {"used":85,"max":100} []
[2026-06-28 00:57:28] main.INFO: Cache cleaned successfully {"cache_type":"full_page"} []
[2026-06-28 00:57:28] main.INFO: Order placed successfully {"payment_method":"checkmo"} []
[2026-06-28 00:57:28] main.WARNING: Cache backend response slow {"duration_ms":420,"cache_type":"full_page"} []
[2026-06-28 00:57:28] main.WARNING: Cache backend response slow {"duration_ms":420,"cache_type":"full_page"} []
[2026-06-28 00:57:28] main.WARNING: Redis connection pool near capacity {"used":85,"max":100} []
[2026-06-28 00:57:28] main.WARNING: Redis connection pool near capacity {"used":85,"max":100} []
[2026-06-28 00:57:28] main.INFO: Customer login successful {"area":"frontend"} []
[2026-06-28 00:57:28] main.WARNING: Cache backend response slow {"duration_ms":420,"cache_type":"full_page"} []
[2026-06-28 00:57:28] main.WARNING: Cache backend response slow {"duration_ms":420,"cache_type":"full_page"} []
[2026-06-28 00:57:28] main.INFO: Order placed successfully {"payment_method":"checkmo"} []
[2026-06-28 00:57:28] main.INFO: Order placed successfully {"payment_method":"checkmo"} []
[2026-06-28 00:57:28] main.WARNING: Cache backend response slow {"duration_ms":420,"cache_type":"full_page"} []
[2026-06-28 00:57:28] main.WARNING: Redis connection pool near capacity {"used":85,"max":100} []
[2026-06-28 00:57:28] main.INFO: Product page rendered from cache {"cache_hit":true} []
[2026-06-28 00:57:28] main.INFO: Product page rendered from cache {"cache_hit":true} []
[2026-06-28 00:57:28] main.WARNING: Cache backend response slow {"duration_ms":420,"cache_type":"full_page"} []
[2026-06-28 00:57:30] main.WARNING: Cache backend response slow {"duration_ms":420,"cache_type":"full_page"} []
[2026-06-28 00:57:30] main.INFO: Product page rendered from cache {"cache_hit":true} []
[2026-06-28 00:57:30] main.WARNING: Cache backend response slow {"duration_ms":420,"cache_type":"full_page"} []
[2026-06-28 00:57:30] main.WARNING: Cache backend response slow {"duration_ms":420,"cache_type":"full_page"} []
[2026-06-28 00:57:30] main.INFO: Product page rendered from cache {"cache_hit":true} []
[2026-06-28 00:57:30] main.WARNING: Redis connection pool near capacity {"used":85,"max":100} []
[2026-06-28 00:57:30] main.INFO: Order placed successfully {"payment_method":"checkmo"} []
[2026-06-28 00:57:30] main.INFO: Cache cleaned successfully {"cache_type":"full_page"} []
[2026-06-28 00:57:30] main.WARNING: Cron schedule missed {"job":"sales_clean_quotes","delay_sec":180} []
[2026-06-28 00:57:30] main.INFO: Product page rendered from cache {"cache_hit":true} []
[2026-06-28 00:57:30] main.INFO: Customer login successful {"area":"frontend"} []
[2026-06-28 00:57:30] main.WARNING: Redis connection pool near capacity {"used":85,"max":100} []
[2026-06-28 00:57:30] main.INFO: Product page rendered from cache {"cache_hit":true} []
[2026-06-28 00:57:30] main.WARNING: Redis connection pool near capacity {"used":85,"max":100} []
[2026-06-28 00:57:30] main.WARNING: Cache backend response slow {"duration_ms":420,"cache_type":"full_page"} []
[2026-06-28 00:57:31] main.WARNING: Cache backend response slow {"duration_ms":420,"cache_type":"full_page"} []
[2026-06-28 00:57:31] main.WARNING: Cache backend response slow {"duration_ms":420,"cache_type":"full_page"} []
[2026-06-28 00:57:31] main.WARNING: Redis connection pool near capacity {"used":85,"max":100} []
[2026-06-28 00:57:31] main.WARNING: Redis connection pool near capacity {"used":85,"max":100} []
[2026-06-28 00:57:31] main.NOTICE: Cron job completed {"job":"catalog_product_index_price_reindex_all"} []
[2026-06-28 00:57:33] main.INFO: Product page rendered from cache {"cache_hit":true} []
[2026-06-28 00:57:33] main.WARNING: Cache backend response slow {"duration_ms":420,"cache_type":"full_page"} []
[2026-06-28 00:57:33] main.WARNING: Redis connection pool near capacity {"used":85,"max":100} []
[2026-06-28 00:57:33] main.INFO: Product page rendered from cache {"cache_hit":true} []
[2026-06-28 00:57:33] main.WARNING: Cron schedule missed {"job":"sales_clean_quotes","delay_sec":180} []
[2026-06-28 00:57:33] main.INFO: Cache cleaned successfully {"cache_type":"full_page"} []
[2026-06-28 00:57:33] main.INFO: Customer login successful {"area":"frontend"} []
[2026-06-28 00:57:33] main.INFO: Order placed successfully {"payment_method":"checkmo"} []
[2026-06-28 00:57:33] main.WARNING: Redis connection pool near capacity {"used":85,"max":100} []
[2026-06-28 00:57:33] main.WARNING: Cron schedule missed {"job":"sales_clean_quotes","delay_sec":180} []
[2026-06-28 00:57:33] main.WARNING: Cron schedule missed {"job":"sales_clean_quotes","delay_sec":180} []
[2026-06-28 00:57:33] main.WARNING: Redis connection pool near capacity {"used":85,"max":100} []
[2026-06-28 00:57:33] main.WARNING: Redis connection pool near capacity {"used":85,"max":100} []
[2026-06-28 00:57:33] main.INFO: Product page rendered from cache {"cache_hit":true} []
[2026-06-28 00:57:33] main.WARNING: Redis connection pool near capacity {"used":85,"max":100} []
[2026-06-28 00:57:33] main.WARNING: Redis connection pool near capacity {"used":85,"max":100} []
[2026-06-28 00:57:33] main.WARNING: Redis connection pool near capacity {"used":85,"max":100} []
[2026-06-28 00:57:33] main.INFO: Customer login successful {"area":"frontend"} []
[2026-06-28 00:57:33] main.NOTICE: Cron job completed {"job":"catalog_product_index_price_reindex_all"} []
[2026-06-28 00:57:33] main.WARNING: Redis connection pool near capacity {"used":85,"max":100} []
[2026-06-28 00:57:35] main.WARNING: Cron schedule missed {"job":"sales_clean_quotes","delay_sec":180} []
[2026-06-28 00:57:35] main.WARNING: Cron schedule missed {"job":"sales_clean_quotes","delay_sec":180} []
[2026-06-28 00:57:35] main.WARNING: Redis connection pool near capacity {"used":85,"max":100} []
[2026-06-28 00:57:35] main.INFO: Order placed successfully {"payment_method":"checkmo"} []
[2026-06-28 00:57:35] main.WARNING: Redis connection pool near capacity {"used":85,"max":100} []
[2026-06-28 00:57:35] main.WARNING: Redis connection pool near capacity {"used":85,"max":100} []
[2026-06-28 00:57:35] main.NOTICE: Cron job completed {"job":"catalog_product_index_price_reindex_all"} []
[2026-06-28 00:57:35] main.INFO: Customer login successful {"area":"frontend"} []
[2026-06-28 00:57:35] main.NOTICE: Cron job completed {"job":"catalog_product_index_price_reindex_all"} []
[2026-06-28 00:57:35] main.INFO: Cache cleaned successfully {"cache_type":"full_page"} []
[2026-06-28 00:57:35] main.WARNING: Redis connection pool near capacity {"used":85,"max":100} []
[2026-06-28 00:57:35] main.WARNING: Redis connection pool near capacity {"used":85,"max":100} []
[2026-06-28 00:57:35] main.INFO: Cache cleaned successfully {"cache_type":"full_page"} []
[2026-06-28 00:57:35] main.WARNING: Redis connection pool near capacity {"used":85,"max":100} []
[2026-06-28 00:57:35] main.WARNING: Cache backend response slow {"duration_ms":420,"cache_type":"full_page"} []
[2026-06-28 00:57:35] main.WARNING: Redis connection pool near capacity {"used":85,"max":100} []
[2026-06-28 00:57:35] main.WARNING: Cron schedule missed {"job":"sales_clean_quotes","delay_sec":180} []
[2026-06-28 00:57:35] main.INFO: Product page rendered from cache {"cache_hit":true} []
[2026-06-28 00:57:35] main.INFO: Customer login successful {"area":"frontend"} []
[2026-06-28 00:57:35] main.INFO: Order placed successfully {"payment_method":"checkmo"} []
[2026-06-28 00:57:37] main.INFO: Order placed successfully {"payment_method":"checkmo"} []
[2026-06-28 00:57:37] main.INFO: Cache cleaned successfully {"cache_type":"full_page"} []
[2026-06-28 00:57:37] main.WARNING: Cache backend response slow {"duration_ms":420,"cache_type":"full_page"} []
[2026-06-28 00:57:37] main.NOTICE: Cron job completed {"job":"catalog_product_index_price_reindex_all"} []
[2026-06-28 00:57:38] main.WARNING: Cron schedule missed {"job":"sales_clean_quotes","delay_sec":180} []
[2026-06-28 00:57:38] main.INFO: Product page rendered from cache {"cache_hit":true} []
[2026-06-28 00:57:38] main.INFO: Customer login successful {"area":"frontend"} []
[2026-06-28 00:57:38] main.WARNING: Redis connection pool near capacity {"used":85,"max":100} []
[2026-06-28 00:57:38] main.WARNING: Cache backend response slow {"duration_ms":420,"cache_type":"full_page"} []
[2026-06-28 00:57:38] main.INFO: Customer login successful {"area":"frontend"} []
[2026-06-28 00:57:38] main.INFO: Customer login successful {"area":"frontend"} []
[2026-06-28 00:57:38] main.NOTICE: Cron job completed {"job":"catalog_product_index_price_reindex_all"} []
[2026-06-28 00:57:38] main.WARNING: Cache backend response slow {"duration_ms":420,"cache_type":"full_page"} []
[2026-06-28 00:57:38] main.WARNING: Redis connection pool near capacity {"used":85,"max":100} []
[2026-06-28 00:57:38] main.WARNING: Redis connection pool near capacity {"used":85,"max":100} []
[2026-06-28 00:57:38] main.NOTICE: Cron job completed {"job":"catalog_product_index_price_reindex_all"} []
[2026-06-28 00:57:38] main.WARNING: Redis connection pool near capacity {"used":85,"max":100} []
[2026-06-28 00:57:38] main.INFO: Product page rendered from cache {"cache_hit":true} []
[2026-06-28 00:57:38] main.NOTICE: Cron job completed {"job":"catalog_product_index_price_reindex_all"} []
[2026-06-28 00:57:38] main.INFO: Customer login successful {"area":"frontend"} []
[2026-06-28 00:57:40] main.WARNING: Cron schedule missed {"job":"sales_clean_quotes","delay_sec":180} []
[2026-06-28 00:57:40] main.WARNING: Cron schedule missed {"job":"sales_clean_quotes","delay_sec":180} []
[2026-06-28 00:57:40] main.WARNING: Redis connection pool near capacity {"used":85,"max":100} []
[2026-06-28 00:57:40] main.WARNING: Cron schedule missed {"job":"sales_clean_quotes","delay_sec":180} []
[2026-06-28 00:57:40] main.INFO: Cache cleaned successfully {"cache_type":"full_page"} []
[2026-06-28 00:57:40] main.WARNING: Cron schedule missed {"job":"sales_clean_quotes","delay_sec":180} []
[2026-06-28 00:57:40] main.INFO: Order placed successfully {"payment_method":"checkmo"} []
[2026-06-28 00:57:40] main.INFO: Customer login successful {"area":"frontend"} []
[2026-06-28 00:57:40] main.INFO: Order placed successfully {"payment_method":"checkmo"} []
[2026-06-28 00:57:40] main.WARNING: Cron schedule missed {"job":"sales_clean_quotes","delay_sec":180} []
[2026-06-28 00:57:40] main.INFO: Cache cleaned successfully {"cache_type":"full_page"} []
[2026-06-28 00:57:40] main.INFO: Product page rendered from cache {"cache_hit":true} []
[2026-06-28 00:57:40] main.WARNING: Cache backend response slow {"duration_ms":420,"cache_type":"full_page"} []
[2026-06-28 00:57:40] main.WARNING: Redis connection pool near capacity {"used":85,"max":100} []
[2026-06-28 00:57:40] main.WARNING: Cron schedule missed {"job":"sales_clean_quotes","delay_sec":180} []
[2026-06-28 00:57:40] main.INFO: Product page rendered from cache {"cache_hit":true} []
[2026-06-28 00:57:40] main.INFO: Product page rendered from cache {"cache_hit":true} []
[2026-06-28 00:57:40] main.INFO: Product page rendered from cache {"cache_hit":true} []
[2026-06-28 00:57:40] main.INFO: Order placed successfully {"payment_method":"checkmo"} []
[2026-06-28 00:57:40] main.WARNING: Redis connection pool near capacity {"used":85,"max":100} []
[2026-06-28 00:57:42] main.WARNING: Cache backend response slow {"duration_ms":420,"cache_type":"full_page"} []
[2026-06-28 00:57:42] main.WARNING: Cron schedule missed {"job":"sales_clean_quotes","delay_sec":180} []
[2026-06-28 00:57:42] main.INFO: Product page rendered from cache {"cache_hit":true} []
[2026-06-28 00:57:42] main.INFO: Product page rendered from cache {"cache_hit":true} []
[2026-06-28 00:57:42] main.WARNING: Cache backend response slow {"duration_ms":420,"cache_type":"full_page"} []
[2026-06-28 00:57:42] main.INFO: Cache cleaned successfully {"cache_type":"full_page"} []
[2026-06-28 00:57:42] main.INFO: Customer login successful {"area":"frontend"} []
[2026-06-28 00:57:42] main.WARNING: Cache backend response slow {"duration_ms":420,"cache_type":"full_page"} []
[2026-06-28 00:57:42] main.NOTICE: Cron job completed {"job":"catalog_product_index_price_reindex_all"} []
[2026-06-28 00:57:42] main.INFO: Order placed successfully {"payment_method":"checkmo"} []
[2026-06-28 00:57:42] main.WARNING: Cron schedule missed {"job":"sales_clean_quotes","delay_sec":180} []
[2026-06-28 00:57:42] main.INFO: Customer login successful {"area":"frontend"} []
[2026-06-28 00:57:42] main.WARNING: Cache backend response slow {"duration_ms":420,"cache_type":"full_page"} []
[2026-06-28 00:57:42] main.INFO: Order placed successfully {"payment_method":"checkmo"} []
[2026-06-28 00:57:42] main.INFO: Order placed successfully {"payment_method":"checkmo"} []
[2026-06-28 00:57:43] main.INFO: Order placed successfully {"payment_method":"checkmo"} []
[2026-06-28 00:57:43] main.WARNING: Redis connection pool near capacity {"used":85,"max":100} []
[2026-06-28 00:57:43] main.NOTICE: Cron job completed {"job":"catalog_product_index_price_reindex_all"} []
[2026-06-28 00:57:43] main.WARNING: Redis connection pool near capacity {"used":85,"max":100} []
[2026-06-28 00:57:43] main.INFO: Cache cleaned successfully {"cache_type":"full_page"} []
[2026-06-28 00:57:45] main.NOTICE: Cron job completed {"job":"catalog_product_index_price_reindex_all"} []
[2026-06-28 00:57:45] main.WARNING: Redis connection pool near capacity {"used":85,"max":100} []
[2026-06-28 00:57:45] main.INFO: Product page rendered from cache {"cache_hit":true} []
[2026-06-28 00:57:45] main.NOTICE: Cron job completed {"job":"catalog_product_index_price_reindex_all"} []
[2026-06-28 00:57:45] main.INFO: Cache cleaned successfully {"cache_type":"full_page"} []
[2026-06-28 00:57:45] main.INFO: Cache cleaned successfully {"cache_type":"full_page"} []
[2026-06-28 00:57:45] main.WARNING: Cache backend response slow {"duration_ms":420,"cache_type":"full_page"} []
[2026-06-28 00:57:45] main.WARNING: Cache backend response slow {"duration_ms":420,"cache_type":"full_page"} []
[2026-06-28 00:57:45] main.WARNING: Cron schedule missed {"job":"sales_clean_quotes","delay_sec":180} []
[2026-06-28 00:57:45] main.INFO: Product page rendered from cache {"cache_hit":true} []
[2026-06-28 00:57:45] main.WARNING: Cache backend response slow {"duration_ms":420,"cache_type":"full_page"} []
[2026-06-28 00:57:45] main.WARNING: Redis connection pool near capacity {"used":85,"max":100} []
[2026-06-28 00:57:45] main.WARNING: Redis connection pool near capacity {"used":85,"max":100} []
[2026-06-28 00:57:45] main.NOTICE: Cron job completed {"job":"catalog_product_index_price_reindex_all"} []
[2026-06-28 00:57:45] main.INFO: Cache cleaned successfully {"cache_type":"full_page"} []
[2026-06-28 00:57:45] main.INFO: Cache cleaned successfully {"cache_type":"full_page"} []
[2026-06-28 00:57:45] main.INFO: Cache cleaned successfully {"cache_type":"full_page"} []
[2026-06-28 00:57:45] main.WARNING: Cache backend response slow {"duration_ms":420,"cache_type":"full_page"} []
[2026-06-28 00:57:45] main.INFO: Cache cleaned successfully {"cache_type":"full_page"} []
[2026-06-28 00:57:45] main.WARNING: Redis connection pool near capacity {"used":85,"max":100} []
[2026-06-28 00:57:47] main.WARNING: Cache backend response slow {"duration_ms":420,"cache_type":"full_page"} []
[2026-06-28 00:57:47] main.NOTICE: Cron job completed {"job":"catalog_product_index_price_reindex_all"} []
[2026-06-28 00:57:47] main.INFO: Order placed successfully {"payment_method":"checkmo"} []
[2026-06-28 00:57:47] main.WARNING: Cache backend response slow {"duration_ms":420,"cache_type":"full_page"} []
[2026-06-28 00:57:47] main.INFO: Order placed successfully {"payment_method":"checkmo"} []
[2026-06-28 00:57:47] main.WARNING: Redis connection pool near capacity {"used":85,"max":100} []
[2026-06-28 00:57:47] main.NOTICE: Cron job completed {"job":"catalog_product_index_price_reindex_all"} []
[2026-06-28 00:57:47] main.NOTICE: Cron job completed {"job":"catalog_product_index_price_reindex_all"} []
[2026-06-28 00:57:47] main.INFO: Order placed successfully {"payment_method":"checkmo"} []
[2026-06-28 00:57:47] main.WARNING: Cache backend response slow {"duration_ms":420,"cache_type":"full_page"} []
[2026-06-28 00:57:47] main.WARNING: Cache backend response slow {"duration_ms":420,"cache_type":"full_page"} []
[2026-06-28 00:57:47] main.INFO: Customer login successful {"area":"frontend"} []
[2026-06-28 00:57:47] main.WARNING: Redis connection pool near capacity {"used":85,"max":100} []
[2026-06-28 00:57:47] main.INFO: Customer login successful {"area":"frontend"} []
[2026-06-28 00:57:47] main.WARNING: Cache backend response slow {"duration_ms":420,"cache_type":"full_page"} []
[2026-06-28 00:57:47] main.WARNING: Cache backend response slow {"duration_ms":420,"cache_type":"full_page"} []
[2026-06-28 00:57:47] main.INFO: Order placed successfully {"payment_method":"checkmo"} []
[2026-06-28 00:57:47] main.WARNING: Cache backend response slow {"duration_ms":420,"cache_type":"full_page"} []
[2026-06-28 00:57:47] main.WARNING: Cache backend response slow {"duration_ms":420,"cache_type":"full_page"} []
[2026-06-28 00:57:47] main.NOTICE: Cron job completed {"job":"catalog_product_index_price_reindex_all"} []
[2026-06-28 00:57:49] main.INFO: Order placed successfully {"payment_method":"checkmo"} []
[2026-06-28 00:57:49] main.WARNING: Cron schedule missed {"job":"sales_clean_quotes","delay_sec":180} []
[2026-06-28 00:57:49] main.INFO: Order placed successfully {"payment_method":"checkmo"} []
[2026-06-28 00:57:49] main.WARNING: Cron schedule missed {"job":"sales_clean_quotes","delay_sec":180} []
[2026-06-28 00:57:49] main.INFO: Order placed successfully {"payment_method":"checkmo"} []
[2026-06-28 00:57:49] main.WARNING: Redis connection pool near capacity {"used":85,"max":100} []
[2026-06-28 00:57:49] main.WARNING: Cache backend response slow {"duration_ms":420,"cache_type":"full_page"} []
[2026-06-28 00:57:50] main.INFO: Product page rendered from cache {"cache_hit":true} []
[2026-06-28 00:57:50] main.WARNING: Redis connection pool near capacity {"used":85,"max":100} []
[2026-06-28 00:57:50] main.WARNING: Cache backend response slow {"duration_ms":420,"cache_type":"full_page"} []
[2026-06-28 00:57:50] main.WARNING: Redis connection pool near capacity {"used":85,"max":100} []
[2026-06-28 00:57:50] main.WARNING: Cache backend response slow {"duration_ms":420,"cache_type":"full_page"} []
[2026-06-28 00:57:50] main.WARNING: Redis connection pool near capacity {"used":85,"max":100} []
[2026-06-28 00:57:50] main.INFO: Order placed successfully {"payment_method":"checkmo"} []
[2026-06-28 00:57:50] main.WARNING: Cron schedule missed {"job":"sales_clean_quotes","delay_sec":180} []
[2026-06-28 00:57:50] main.WARNING: Cron schedule missed {"job":"sales_clean_quotes","delay_sec":180} []
[2026-06-28 00:57:50] main.INFO: Order placed successfully {"payment_method":"checkmo"} []
[2026-06-28 00:57:50] main.WARNING: Cache backend response slow {"duration_ms":420,"cache_type":"full_page"} []
[2026-06-28 00:57:50] main.WARNING: Cron schedule missed {"job":"sales_clean_quotes","delay_sec":180} []
[2026-06-28 00:57:50] main.INFO: Order placed successfully {"payment_method":"checkmo"} []
[2026-06-28 00:57:52] main.INFO: Product page rendered from cache {"cache_hit":true} []
[2026-06-28 00:57:52] main.WARNING: Redis connection pool near capacity {"used":85,"max":100} []
[2026-06-28 00:57:52] main.WARNING: Redis connection pool near capacity {"used":85,"max":100} []
[2026-06-28 00:57:52] main.INFO: Order placed successfully {"payment_method":"checkmo"} []
[2026-06-28 00:57:52] main.WARNING: Redis connection pool near capacity {"used":85,"max":100} []
[2026-06-28 00:57:52] main.WARNING: Redis connection pool near capacity {"used":85,"max":100} []
[2026-06-28 00:57:52] main.INFO: Cache cleaned successfully {"cache_type":"full_page"} []
[2026-06-28 00:57:52] main.WARNING: Cron schedule missed {"job":"sales_clean_quotes","delay_sec":180} []
[2026-06-28 00:57:52] main.INFO: Order placed successfully {"payment_method":"checkmo"} []
[2026-06-28 00:57:52] main.WARNING: Cache backend response slow {"duration_ms":420,"cache_type":"full_page"} []
[2026-06-28 00:57:52] main.WARNING: Cache backend response slow {"duration_ms":420,"cache_type":"full_page"} []
[2026-06-28 00:57:52] main.INFO: Product page rendered from cache {"cache_hit":true} []
[2026-06-28 00:57:52] main.NOTICE: Cron job completed {"job":"catalog_product_index_price_reindex_all"} []
[2026-06-28 00:57:52] main.WARNING: Redis connection pool near capacity {"used":85,"max":100} []
[2026-06-28 00:57:52] main.WARNING: Cron schedule missed {"job":"sales_clean_quotes","delay_sec":180} []
[2026-06-28 00:57:52] main.INFO: Order placed successfully {"payment_method":"checkmo"} []
[2026-06-28 00:57:52] main.INFO: Customer login successful {"area":"frontend"} []
[2026-06-28 00:57:52] main.INFO: Cache cleaned successfully {"cache_type":"full_page"} []
[2026-06-28 00:57:52] main.INFO: Customer login successful {"area":"frontend"} []
[2026-06-28 00:57:52] main.WARNING: Cache backend response slow {"duration_ms":420,"cache_type":"full_page"} []
[2026-06-28 00:57:54] main.WARNING: Cache backend response slow {"duration_ms":420,"cache_type":"full_page"} []
[2026-06-28 00:57:54] main.INFO: Customer login successful {"area":"frontend"} []
[2026-06-28 00:57:54] main.NOTICE: Cron job completed {"job":"catalog_product_index_price_reindex_all"} []
[2026-06-28 00:57:54] main.WARNING: Cron schedule missed {"job":"sales_clean_quotes","delay_sec":180} []
[2026-06-28 00:57:54] main.NOTICE: Cron job completed {"job":"catalog_product_index_price_reindex_all"} []
[2026-06-28 00:57:54] main.WARNING: Cache backend response slow {"duration_ms":420,"cache_type":"full_page"} []
[2026-06-28 00:57:54] main.WARNING: Cache backend response slow {"duration_ms":420,"cache_type":"full_page"} []
[2026-06-28 00:57:54] main.NOTICE: Cron job completed {"job":"catalog_product_index_price_reindex_all"} []
[2026-06-28 00:57:54] main.INFO: Order placed successfully {"payment_method":"checkmo"} []
[2026-06-28 00:57:54] main.INFO: Cache cleaned successfully {"cache_type":"full_page"} []
[2026-06-28 00:57:54] main.WARNING: Cache backend response slow {"duration_ms":420,"cache_type":"full_page"} []
[2026-06-28 00:57:54] main.INFO: Customer login successful {"area":"frontend"} []
[2026-06-28 00:57:54] main.NOTICE: Cron job completed {"job":"catalog_product_index_price_reindex_all"} []
[2026-06-28 00:57:54] main.WARNING: Cache backend response slow {"duration_ms":420,"cache_type":"full_page"} []
[2026-06-28 00:57:54] main.WARNING: Cron schedule missed {"job":"sales_clean_quotes","delay_sec":180} []
[2026-06-28 00:57:54] main.WARNING: Redis connection pool near capacity {"used":85,"max":100} []
[2026-06-28 00:57:54] main.INFO: Product page rendered from cache {"cache_hit":true} []
[2026-06-28 00:57:54] main.WARNING: Cron schedule missed {"job":"sales_clean_quotes","delay_sec":180} []
[2026-06-28 00:57:54] main.INFO: Cache cleaned successfully {"cache_type":"full_page"} []
[2026-06-28 00:57:54] main.WARNING: Cron schedule missed {"job":"sales_clean_quotes","delay_sec":180} []
[2026-06-28 00:57:56] main.WARNING: Cache backend response slow {"duration_ms":420,"cache_type":"full_page"} []
[2026-06-28 00:57:57] main.WARNING: Cache backend response slow {"duration_ms":420,"cache_type":"full_page"} []
[2026-06-28 00:57:57] main.INFO: Customer login successful {"area":"frontend"} []
[2026-06-28 00:57:57] main.WARNING: Cron schedule missed {"job":"sales_clean_quotes","delay_sec":180} []
[2026-06-28 00:57:57] main.INFO: Customer login successful {"area":"frontend"} []
[2026-06-28 00:57:57] main.INFO: Order placed successfully {"payment_method":"checkmo"} []
[2026-06-28 00:57:57] main.WARNING: Cache backend response slow {"duration_ms":420,"cache_type":"full_page"} []
[2026-06-28 00:57:57] main.WARNING: Cron schedule missed {"job":"sales_clean_quotes","delay_sec":180} []
[2026-06-28 00:57:57] main.WARNING: Cache backend response slow {"duration_ms":420,"cache_type":"full_page"} []
[2026-06-28 00:57:57] main.INFO: Order placed successfully {"payment_method":"checkmo"} []
[2026-06-28 00:57:57] main.WARNING: Cron schedule missed {"job":"sales_clean_quotes","delay_sec":180} []
[2026-06-28 00:57:57] main.WARNING: Redis connection pool near capacity {"used":85,"max":100} []
[2026-06-28 00:57:57] main.WARNING: Cache backend response slow {"duration_ms":420,"cache_type":"full_page"} []
[2026-06-28 00:57:57] main.INFO: Product page rendered from cache {"cache_hit":true} []
[2026-06-28 00:57:57] main.WARNING: Redis connection pool near capacity {"used":85,"max":100} []
[2026-06-28 00:57:57] main.WARNING: Cron schedule missed {"job":"sales_clean_quotes","delay_sec":180} []
[2026-06-28 00:57:57] main.WARNING: Cache backend response slow {"duration_ms":420,"cache_type":"full_page"} []
[2026-06-28 00:57:57] main.INFO: Cache cleaned successfully {"cache_type":"full_page"} []
[2026-06-28 00:57:57] main.WARNING: Cache backend response slow {"duration_ms":420,"cache_type":"full_page"} []
[2026-06-28 00:57:57] main.INFO: Order placed successfully {"payment_method":"checkmo"} []
[2026-06-28 00:57:59] main.WARNING: Cron schedule missed {"job":"sales_clean_quotes","delay_sec":180} []
[2026-06-28 00:57:59] main.NOTICE: Cron job completed {"job":"catalog_product_index_price_reindex_all"} []
[2026-06-28 00:57:59] main.WARNING: Cron schedule missed {"job":"sales_clean_quotes","delay_sec":180} []
[2026-06-28 00:57:59] main.WARNING: Cache backend response slow {"duration_ms":420,"cache_type":"full_page"} []
[2026-06-28 00:57:59] main.INFO: Cache cleaned successfully {"cache_type":"full_page"} []
[2026-06-28 00:57:59] main.INFO: Order placed successfully {"payment_method":"checkmo"} []
[2026-06-28 00:57:59] main.WARNING: Cache backend response slow {"duration_ms":420,"cache_type":"full_page"} []
[2026-06-28 00:57:59] main.WARNING: Redis connection pool near capacity {"used":85,"max":100} []
[2026-06-28 00:57:59] main.WARNING: Cron schedule missed {"job":"sales_clean_quotes","delay_sec":180} []
[2026-06-28 00:57:59] main.WARNING: Redis connection pool near capacity {"used":85,"max":100} []
[2026-06-28 00:57:59] main.WARNING: Redis connection pool near capacity {"used":85,"max":100} []
[2026-06-28 00:57:59] main.WARNING: Redis connection pool near capacity {"used":85,"max":100} []
[2026-06-28 00:57:59] main.WARNING: Cache backend response slow {"duration_ms":420,"cache_type":"full_page"} []
[2026-06-28 00:57:59] main.WARNING: Cron schedule missed {"job":"sales_clean_quotes","delay_sec":180} []
[2026-06-28 00:57:59] main.WARNING: Cron schedule missed {"job":"sales_clean_quotes","delay_sec":180} []
[2026-06-28 00:57:59] main.WARNING: Cron schedule missed {"job":"sales_clean_quotes","delay_sec":180} []
[2026-06-28 00:57:59] main.INFO: Product page rendered from cache {"cache_hit":true} []
[2026-06-28 00:57:59] main.WARNING: Cron schedule missed {"job":"sales_clean_quotes","delay_sec":180} []
[2026-06-28 00:57:59] main.WARNING: Cache backend response slow {"duration_ms":420,"cache_type":"full_page"} []
[2026-06-28 00:57:59] main.NOTICE: Cron job completed {"job":"catalog_product_index_price_reindex_all"} []
[2026-06-28 00:58:01] main.WARNING: Redis connection pool near capacity {"used":85,"max":100} []
[2026-06-28 00:58:01] main.WARNING: Cache backend response slow {"duration_ms":420,"cache_type":"full_page"} []
[2026-06-28 00:58:01] main.WARNING: Redis connection pool near capacity {"used":85,"max":100} []
[2026-06-28 00:58:01] main.WARNING: Cron schedule missed {"job":"sales_clean_quotes","delay_sec":180} []
[2026-06-28 00:58:01] main.INFO: Cache cleaned successfully {"cache_type":"full_page"} []
[2026-06-28 00:58:01] main.INFO: Cache cleaned successfully {"cache_type":"full_page"} []
[2026-06-28 00:58:01] main.INFO: Customer login successful {"area":"frontend"} []
[2026-06-28 00:58:01] main.WARNING: Cron schedule missed {"job":"sales_clean_quotes","delay_sec":180} []
[2026-06-28 00:58:01] main.INFO: Customer login successful {"area":"frontend"} []
[2026-06-28 00:58:01] main.WARNING: Redis connection pool near capacity {"used":85,"max":100} []
[2026-06-28 00:58:01] main.INFO: Product page rendered from cache {"cache_hit":true} []
[2026-06-28 00:58:01] main.INFO: Order placed successfully {"payment_method":"checkmo"} []
[2026-06-28 00:58:01] main.INFO: Customer login successful {"area":"frontend"} []
[2026-06-28 00:58:01] main.NOTICE: Cron job completed {"job":"catalog_product_index_price_reindex_all"} []
[2026-06-28 00:58:01] main.INFO: Order placed successfully {"payment_method":"checkmo"} []
[2026-06-28 00:58:01] main.WARNING: Cron schedule missed {"job":"sales_clean_quotes","delay_sec":180} []
[2026-06-28 00:58:01] main.INFO: Product page rendered from cache {"cache_hit":true} []
[2026-06-28 00:58:01] main.WARNING: Cache backend response slow {"duration_ms":420,"cache_type":"full_page"} []
[2026-06-28 00:58:01] main.INFO: Order placed successfully {"payment_method":"checkmo"} []
[2026-06-28 00:58:02] main.WARNING: Redis connection pool near capacity {"used":85,"max":100} []
[2026-06-28 00:58:04] main.INFO: Order placed successfully {"payment_method":"checkmo"} []
[2026-06-28 00:58:04] main.WARNING: Cron schedule missed {"job":"sales_clean_quotes","delay_sec":180} []
[2026-06-28 00:58:04] main.NOTICE: Cron job completed {"job":"catalog_product_index_price_reindex_all"} []
[2026-06-28 00:58:04] main.INFO: Customer login successful {"area":"frontend"} []
[2026-06-28 00:58:04] main.NOTICE: Cron job completed {"job":"catalog_product_index_price_reindex_all"} []
[2026-06-28 00:58:04] main.WARNING: Cache backend response slow {"duration_ms":420,"cache_type":"full_page"} []
[2026-06-28 00:58:04] main.WARNING: Cache backend response slow {"duration_ms":420,"cache_type":"full_page"} []
[2026-06-28 00:58:04] main.NOTICE: Cron job completed {"job":"catalog_product_index_price_reindex_all"} []
[2026-06-28 00:58:04] main.INFO: Product page rendered from cache {"cache_hit":true} []
[2026-06-28 00:58:04] main.NOTICE: Cron job completed {"job":"catalog_product_index_price_reindex_all"} []
[2026-06-28 00:58:04] main.NOTICE: Cron job completed {"job":"catalog_product_index_price_reindex_all"} []
[2026-06-28 00:58:04] main.INFO: Order placed successfully {"payment_method":"checkmo"} []
[2026-06-28 00:58:04] main.INFO: Customer login successful {"area":"frontend"} []
[2026-06-28 00:58:04] main.INFO: Order placed successfully {"payment_method":"checkmo"} []
[2026-06-28 00:58:04] main.INFO: Customer login successful {"area":"frontend"} []
[2026-06-28 00:58:04] main.WARNING: Cron schedule missed {"job":"sales_clean_quotes","delay_sec":180} []
[2026-06-28 00:58:04] main.INFO: Customer login successful {"area":"frontend"} []
[2026-06-28 00:58:04] main.INFO: Product page rendered from cache {"cache_hit":true} []
[2026-06-28 00:58:04] main.INFO: Product page rendered from cache {"cache_hit":true} []
[2026-06-28 00:58:04] main.INFO: Cache cleaned successfully {"cache_type":"full_page"} []
[2026-06-28 00:58:06] main.WARNING: Redis connection pool near capacity {"used":85,"max":100} []
[2026-06-28 00:58:06] main.INFO: Order placed successfully {"payment_method":"checkmo"} []
[2026-06-28 00:58:06] main.WARNING: Cron schedule missed {"job":"sales_clean_quotes","delay_sec":180} []
[2026-06-28 00:58:06] main.WARNING: Cron schedule missed {"job":"sales_clean_quotes","delay_sec":180} []
[2026-06-28 00:58:06] main.WARNING: Cache backend response slow {"duration_ms":420,"cache_type":"full_page"} []
[2026-06-28 00:58:06] main.INFO: Order placed successfully {"payment_method":"checkmo"} []
[2026-06-28 00:58:06] main.INFO: Customer login successful {"area":"frontend"} []
[2026-06-28 00:58:06] main.WARNING: Cache backend response slow {"duration_ms":420,"cache_type":"full_page"} []
[2026-06-28 00:58:06] main.INFO: Customer login successful {"area":"frontend"} []
[2026-06-28 00:58:06] main.WARNING: Cache backend response slow {"duration_ms":420,"cache_type":"full_page"} []
[2026-06-28 00:58:06] main.WARNING: Cache backend response slow {"duration_ms":420,"cache_type":"full_page"} []
[2026-06-28 00:58:06] main.INFO: Cache cleaned successfully {"cache_type":"full_page"} []
[2026-06-28 00:58:06] main.INFO: Customer login successful {"area":"frontend"} []
[2026-06-28 00:58:06] main.WARNING: Redis connection pool near capacity {"used":85,"max":100} []
[2026-06-28 00:58:06] main.WARNING: Cache backend response slow {"duration_ms":420,"cache_type":"full_page"} []
[2026-06-28 00:58:06] main.NOTICE: Cron job completed {"job":"catalog_product_index_price_reindex_all"} []
[2026-06-28 00:58:06] main.WARNING: Cache backend response slow {"duration_ms":420,"cache_type":"full_page"} []
[2026-06-28 00:58:06] main.WARNING: Cache backend response slow {"duration_ms":420,"cache_type":"full_page"} []
[2026-06-28 00:58:06] main.INFO: Cache cleaned successfully {"cache_type":"full_page"} []
[2026-06-28 00:58:06] main.WARNING: Redis connection pool near capacity {"used":85,"max":100} []
[2026-06-28 00:58:08] main.NOTICE: Cron job completed {"job":"catalog_product_index_price_reindex_all"} []
[2026-06-28 00:58:08] main.INFO: Cache cleaned successfully {"cache_type":"full_page"} []
[2026-06-28 00:58:08] main.WARNING: Redis connection pool near capacity {"used":85,"max":100} []
[2026-06-28 00:58:08] main.WARNING: Redis connection pool near capacity {"used":85,"max":100} []
[2026-06-28 00:58:08] main.INFO: Product page rendered from cache {"cache_hit":true} []
[2026-06-28 00:58:08] main.INFO: Customer login successful {"area":"frontend"} []
[2026-06-28 00:58:08] main.WARNING: Cron schedule missed {"job":"sales_clean_quotes","delay_sec":180} []
[2026-06-28 00:58:08] main.WARNING: Redis connection pool near capacity {"used":85,"max":100} []
[2026-06-28 00:58:08] main.WARNING: Redis connection pool near capacity {"used":85,"max":100} []
[2026-06-28 00:58:08] main.WARNING: Cache backend response slow {"duration_ms":420,"cache_type":"full_page"} []
[2026-06-28 00:58:08] main.INFO: Product page rendered from cache {"cache_hit":true} []
[2026-06-28 00:58:08] main.INFO: Cache cleaned successfully {"cache_type":"full_page"} []
[2026-06-28 00:58:08] main.NOTICE: Cron job completed {"job":"catalog_product_index_price_reindex_all"} []
[2026-06-28 00:58:08] main.INFO: Cache cleaned successfully {"cache_type":"full_page"} []
[2026-06-28 00:58:09] main.INFO: Cache cleaned successfully {"cache_type":"full_page"} []
[2026-06-28 00:58:09] main.INFO: Order placed successfully {"payment_method":"checkmo"} []
[2026-06-28 00:58:09] main.WARNING: Cron schedule missed {"job":"sales_clean_quotes","delay_sec":180} []
[2026-06-28 00:58:09] main.INFO: Product page rendered from cache {"cache_hit":true} []
[2026-06-28 00:58:09] main.WARNING: Cron schedule missed {"job":"sales_clean_quotes","delay_sec":180} []
[2026-06-28 00:58:09] main.WARNING: Cache backend response slow {"duration_ms":420,"cache_type":"full_page"} []
[2026-06-28 00:58:11] main.WARNING: Cache backend response slow {"duration_ms":420,"cache_type":"full_page"} []
[2026-06-28 00:58:11] main.WARNING: Cron schedule missed {"job":"sales_clean_quotes","delay_sec":180} []
[2026-06-28 00:58:11] main.INFO: Cache cleaned successfully {"cache_type":"full_page"} []
[2026-06-28 00:58:11] main.WARNING: Cache backend response slow {"duration_ms":420,"cache_type":"full_page"} []
[2026-06-28 00:58:11] main.WARNING: Redis connection pool near capacity {"used":85,"max":100} []
[2026-06-28 00:58:11] main.WARNING: Redis connection pool near capacity {"used":85,"max":100} []
[2026-06-28 00:58:11] main.WARNING: Redis connection pool near capacity {"used":85,"max":100} []
[2026-06-28 00:58:11] main.INFO: Customer login successful {"area":"frontend"} []
[2026-06-28 00:58:11] main.INFO: Product page rendered from cache {"cache_hit":true} []
[2026-06-28 00:58:11] main.WARNING: Cache backend response slow {"duration_ms":420,"cache_type":"full_page"} []
[2026-06-28 00:58:11] main.WARNING: Redis connection pool near capacity {"used":85,"max":100} []
[2026-06-28 00:58:11] main.INFO: Cache cleaned successfully {"cache_type":"full_page"} []
[2026-06-28 00:58:11] main.INFO: Product page rendered from cache {"cache_hit":true} []
[2026-06-28 00:58:11] main.WARNING: Redis connection pool near capacity {"used":85,"max":100} []
[2026-06-28 00:58:11] main.WARNING: Cron schedule missed {"job":"sales_clean_quotes","delay_sec":180} []
[2026-06-28 00:58:11] main.INFO: Cache cleaned successfully {"cache_type":"full_page"} []
[2026-06-28 00:58:11] main.INFO: Customer login successful {"area":"frontend"} []
[2026-06-28 00:58:11] main.INFO: Order placed successfully {"payment_method":"checkmo"} []
[2026-06-28 00:58:11] main.INFO: Customer login successful {"area":"frontend"} []
[2026-06-28 00:58:11] main.INFO: Cache cleaned successfully {"cache_type":"full_page"} []
[2026-06-28 00:58:13] main.NOTICE: Cron job completed {"job":"catalog_product_index_price_reindex_all"} []
[2026-06-28 00:58:13] main.INFO: Customer login successful {"area":"frontend"} []
[2026-06-28 00:58:13] main.WARNING: Redis connection pool near capacity {"used":85,"max":100} []
[2026-06-28 00:58:13] main.INFO: Order placed successfully {"payment_method":"checkmo"} []
[2026-06-28 00:58:13] main.INFO: Product page rendered from cache {"cache_hit":true} []
[2026-06-28 00:58:13] main.INFO: Cache cleaned successfully {"cache_type":"full_page"} []
[2026-06-28 00:58:13] main.WARNING: Redis connection pool near capacity {"used":85,"max":100} []
[2026-06-28 00:58:13] main.WARNING: Redis connection pool near capacity {"used":85,"max":100} []
[2026-06-28 00:58:13] main.WARNING: Redis connection pool near capacity {"used":85,"max":100} []
[2026-06-28 00:58:13] main.INFO: Product page rendered from cache {"cache_hit":true} []
[2026-06-28 00:58:13] main.INFO: Cache cleaned successfully {"cache_type":"full_page"} []
[2026-06-28 00:58:13] main.WARNING: Cron schedule missed {"job":"sales_clean_quotes","delay_sec":180} []
[2026-06-28 00:58:13] main.WARNING: Cache backend response slow {"duration_ms":420,"cache_type":"full_page"} []
[2026-06-28 00:58:13] main.WARNING: Redis connection pool near capacity {"used":85,"max":100} []
[2026-06-28 00:58:13] main.INFO: Customer login successful {"area":"frontend"} []
[2026-06-28 00:58:13] main.INFO: Customer login successful {"area":"frontend"} []
[2026-06-28 00:58:13] main.NOTICE: Cron job completed {"job":"catalog_product_index_price_reindex_all"} []
[2026-06-28 00:58:13] main.NOTICE: Cron job completed {"job":"catalog_product_index_price_reindex_all"} []
[2026-06-28 00:58:13] main.INFO: Customer login successful {"area":"frontend"} []
[2026-06-28 00:58:13] main.WARNING: Cron schedule missed {"job":"sales_clean_quotes","delay_sec":180} []
[2026-06-28 00:58:15] main.WARNING: Cron schedule missed {"job":"sales_clean_quotes","delay_sec":180} []
[2026-06-28 00:58:15] main.INFO: Cache cleaned successfully {"cache_type":"full_page"} []
[2026-06-28 00:58:15] main.NOTICE: Cron job completed {"job":"catalog_product_index_price_reindex_all"} []
[2026-06-28 00:58:15] main.INFO: Cache cleaned successfully {"cache_type":"full_page"} []
[2026-06-28 00:58:15] main.INFO: Order placed successfully {"payment_method":"checkmo"} []
[2026-06-28 00:58:15] main.WARNING: Redis connection pool near capacity {"used":85,"max":100} []
[2026-06-28 00:58:15] main.WARNING: Cache backend response slow {"duration_ms":420,"cache_type":"full_page"} []
[2026-06-28 00:58:15] main.WARNING: Cache backend response slow {"duration_ms":420,"cache_type":"full_page"} []
[2026-06-28 00:58:15] main.INFO: Cache cleaned successfully {"cache_type":"full_page"} []
[2026-06-28 00:58:15] main.INFO: Cache cleaned successfully {"cache_type":"full_page"} []
[2026-06-28 00:58:15] main.WARNING: Cron schedule missed {"job":"sales_clean_quotes","delay_sec":180} []
[2026-06-28 00:58:15] main.WARNING: Cache backend response slow {"duration_ms":420,"cache_type":"full_page"} []
[2026-06-28 00:58:16] main.WARNING: Cache backend response slow {"duration_ms":420,"cache_type":"full_page"} []
[2026-06-28 00:58:16] main.NOTICE: Cron job completed {"job":"catalog_product_index_price_reindex_all"} []
[2026-06-28 00:58:16] main.WARNING: Cache backend response slow {"duration_ms":420,"cache_type":"full_page"} []
[2026-06-28 00:58:16] main.WARNING: Cron schedule missed {"job":"sales_clean_quotes","delay_sec":180} []
[2026-06-28 00:58:16] main.INFO: Order placed successfully {"payment_method":"checkmo"} []
[2026-06-28 00:58:16] main.WARNING: Redis connection pool near capacity {"used":85,"max":100} []
[2026-06-28 00:58:16] main.WARNING: Cache backend response slow {"duration_ms":420,"cache_type":"full_page"} []
[2026-06-28 00:58:16] main.WARNING: Redis connection pool near capacity {"used":85,"max":100} []
[2026-06-28 00:58:18] main.INFO: Cache cleaned successfully {"cache_type":"full_page"} []
[2026-06-28 00:58:18] main.WARNING: Redis connection pool near capacity {"used":85,"max":100} []
[2026-06-28 00:58:18] main.INFO: Order placed successfully {"payment_method":"checkmo"} []
[2026-06-28 00:58:18] main.WARNING: Cron schedule missed {"job":"sales_clean_quotes","delay_sec":180} []
[2026-06-28 00:58:18] main.WARNING: Cache backend response slow {"duration_ms":420,"cache_type":"full_page"} []
[2026-06-28 00:58:18] main.WARNING: Cron schedule missed {"job":"sales_clean_quotes","delay_sec":180} []
[2026-06-28 00:58:18] main.WARNING: Redis connection pool near capacity {"used":85,"max":100} []
[2026-06-28 00:58:18] main.INFO: Customer login successful {"area":"frontend"} []
[2026-06-28 00:58:18] main.NOTICE: Cron job completed {"job":"catalog_product_index_price_reindex_all"} []
[2026-06-28 00:58:18] main.WARNING: Cache backend response slow {"duration_ms":420,"cache_type":"full_page"} []
[2026-06-28 00:58:18] main.INFO: Product page rendered from cache {"cache_hit":true} []
[2026-06-28 00:58:18] main.INFO: Product page rendered from cache {"cache_hit":true} []
[2026-06-28 00:58:18] main.WARNING: Cache backend response slow {"duration_ms":420,"cache_type":"full_page"} []
[2026-06-28 00:58:18] main.WARNING: Cache backend response slow {"duration_ms":420,"cache_type":"full_page"} []
[2026-06-28 00:58:18] main.INFO: Customer login successful {"area":"frontend"} []
[2026-06-28 00:58:18] main.WARNING: Redis connection pool near capacity {"used":85,"max":100} []
[2026-06-28 00:58:18] main.NOTICE: Cron job completed {"job":"catalog_product_index_price_reindex_all"} []
[2026-06-28 00:58:18] main.WARNING: Cache backend response slow {"duration_ms":420,"cache_type":"full_page"} []
[2026-06-28 00:58:18] main.WARNING: Redis connection pool near capacity {"used":85,"max":100} []
[2026-06-28 00:58:18] main.WARNING: Cron schedule missed {"job":"sales_clean_quotes","delay_sec":180} []
[2026-06-28 00:58:20] main.WARNING: Cache backend response slow {"duration_ms":420,"cache_type":"full_page"} []
[2026-06-28 00:58:20] main.INFO: Product page rendered from cache {"cache_hit":true} []
[2026-06-28 00:58:20] main.WARNING: Cache backend response slow {"duration_ms":420,"cache_type":"full_page"} []
[2026-06-28 00:58:20] main.WARNING: Cron schedule missed {"job":"sales_clean_quotes","delay_sec":180} []
[2026-06-28 00:58:20] main.INFO: Cache cleaned successfully {"cache_type":"full_page"} []
[2026-06-28 00:58:20] main.WARNING: Cache backend response slow {"duration_ms":420,"cache_type":"full_page"} []
[2026-06-28 00:58:20] main.INFO: Product page rendered from cache {"cache_hit":true} []
[2026-06-28 00:58:20] main.WARNING: Redis connection pool near capacity {"used":85,"max":100} []
[2026-06-28 00:58:20] main.WARNING: Redis connection pool near capacity {"used":85,"max":100} []
[2026-06-28 00:58:20] main.INFO: Customer login successful {"area":"frontend"} []
[2026-06-28 00:58:20] main.WARNING: Redis connection pool near capacity {"used":85,"max":100} []
[2026-06-28 00:58:20] main.WARNING: Cache backend response slow {"duration_ms":420,"cache_type":"full_page"} []
[2026-06-28 00:58:20] main.INFO: Customer login successful {"area":"frontend"} []
[2026-06-28 00:58:20] main.INFO: Order placed successfully {"payment_method":"checkmo"} []
[2026-06-28 00:58:20] main.WARNING: Cache backend response slow {"duration_ms":420,"cache_type":"full_page"} []
[2026-06-28 00:58:20] main.WARNING: Cron schedule missed {"job":"sales_clean_quotes","delay_sec":180} []
[2026-06-28 00:58:20] main.NOTICE: Cron job completed {"job":"catalog_product_index_price_reindex_all"} []
[2026-06-28 00:58:20] main.WARNING: Cron schedule missed {"job":"sales_clean_quotes","delay_sec":180} []
[2026-06-28 00:58:20] main.WARNING: Redis connection pool near capacity {"used":85,"max":100} []
[2026-06-28 00:58:20] main.INFO: Order placed successfully {"payment_method":"checkmo"} []
[2026-06-28 00:58:22] main.INFO: Order placed successfully {"payment_method":"checkmo"} []
[2026-06-28 00:58:22] main.INFO: Order placed successfully {"payment_method":"checkmo"} []
[2026-06-28 00:58:22] main.INFO: Cache cleaned successfully {"cache_type":"full_page"} []
[2026-06-28 00:58:22] main.NOTICE: Cron job completed {"job":"catalog_product_index_price_reindex_all"} []
[2026-06-28 00:58:22] main.INFO: Order placed successfully {"payment_method":"checkmo"} []
[2026-06-28 00:58:22] main.WARNING: Redis connection pool near capacity {"used":85,"max":100} []
[2026-06-28 00:58:22] main.WARNING: Cron schedule missed {"job":"sales_clean_quotes","delay_sec":180} []
[2026-06-28 00:58:22] main.WARNING: Cron schedule missed {"job":"sales_clean_quotes","delay_sec":180} []
[2026-06-28 00:58:23] main.WARNING: Cron schedule missed {"job":"sales_clean_quotes","delay_sec":180} []
[2026-06-28 00:58:23] main.WARNING: Redis connection pool near capacity {"used":85,"max":100} []
[2026-06-28 00:58:23] main.WARNING: Redis connection pool near capacity {"used":85,"max":100} []
[2026-06-28 00:58:23] main.WARNING: Cache backend response slow {"duration_ms":420,"cache_type":"full_page"} []
[2026-06-28 00:58:23] main.WARNING: Redis connection pool near capacity {"used":85,"max":100} []
[2026-06-28 00:58:23] main.WARNING: Redis connection pool near capacity {"used":85,"max":100} []
[2026-06-28 00:58:23] main.INFO: Cache cleaned successfully {"cache_type":"full_page"} []
[2026-06-28 00:58:23] main.INFO: Order placed successfully {"payment_method":"checkmo"} []
[2026-06-28 00:58:23] main.NOTICE: Cron job completed {"job":"catalog_product_index_price_reindex_all"} []
[2026-06-28 00:58:23] main.WARNING: Redis connection pool near capacity {"used":85,"max":100} []
[2026-06-28 00:58:23] main.INFO: Order placed successfully {"payment_method":"checkmo"} []
[2026-06-28 00:58:23] main.WARNING: Redis connection pool near capacity {"used":85,"max":100} []
[2026-06-28 00:58:25] main.INFO: Cache cleaned successfully {"cache_type":"full_page"} []
[2026-06-28 00:58:25] main.WARNING: Cache backend response slow {"duration_ms":420,"cache_type":"full_page"} []
[2026-06-28 00:58:25] main.NOTICE: Cron job completed {"job":"catalog_product_index_price_reindex_all"} []
[2026-06-28 00:58:25] main.INFO: Order placed successfully {"payment_method":"checkmo"} []
[2026-06-28 00:58:25] main.WARNING: Cache backend response slow {"duration_ms":420,"cache_type":"full_page"} []
[2026-06-28 00:58:25] main.NOTICE: Cron job completed {"job":"catalog_product_index_price_reindex_all"} []
[2026-06-28 00:58:25] main.INFO: Customer login successful {"area":"frontend"} []
[2026-06-28 00:58:25] main.INFO: Customer login successful {"area":"frontend"} []
[2026-06-28 00:58:25] main.WARNING: Redis connection pool near capacity {"used":85,"max":100} []
[2026-06-28 00:58:25] main.WARNING: Cron schedule missed {"job":"sales_clean_quotes","delay_sec":180} []
[2026-06-28 00:58:25] main.WARNING: Cache backend response slow {"duration_ms":420,"cache_type":"full_page"} []
[2026-06-28 00:58:25] main.WARNING: Cron schedule missed {"job":"sales_clean_quotes","delay_sec":180} []
[2026-06-28 00:58:25] main.WARNING: Cache backend response slow {"duration_ms":420,"cache_type":"full_page"} []
[2026-06-28 00:58:25] main.NOTICE: Cron job completed {"job":"catalog_product_index_price_reindex_all"} []
[2026-06-28 00:58:25] main.WARNING: Redis connection pool near capacity {"used":85,"max":100} []
[2026-06-28 00:58:25] main.INFO: Cache cleaned successfully {"cache_type":"full_page"} []
[2026-06-28 00:58:25] main.WARNING: Cron schedule missed {"job":"sales_clean_quotes","delay_sec":180} []
[2026-06-28 00:58:25] main.WARNING: Cache backend response slow {"duration_ms":420,"cache_type":"full_page"} []
[2026-06-28 00:58:25] main.INFO: Order placed successfully {"payment_method":"checkmo"} []
[2026-06-28 00:58:25] main.INFO: Cache cleaned successfully {"cache_type":"full_page"} []
[2026-06-28 00:58:27] main.INFO: Product page rendered from cache {"cache_hit":true} []
[2026-06-28 00:58:27] main.WARNING: Cron schedule missed {"job":"sales_clean_quotes","delay_sec":180} []
[2026-06-28 00:58:27] main.INFO: Customer login successful {"area":"frontend"} []
[2026-06-28 00:58:27] main.WARNING: Cache backend response slow {"duration_ms":420,"cache_type":"full_page"} []
[2026-06-28 00:58:27] main.INFO: Cache cleaned successfully {"cache_type":"full_page"} []
[2026-06-28 00:58:27] main.WARNING: Cron schedule missed {"job":"sales_clean_quotes","delay_sec":180} []
[2026-06-28 00:58:27] main.WARNING: Cache backend response slow {"duration_ms":420,"cache_type":"full_page"} []
[2026-06-28 00:58:27] main.NOTICE: Cron job completed {"job":"catalog_product_index_price_reindex_all"} []
[2026-06-28 00:58:27] main.INFO: Cache cleaned successfully {"cache_type":"full_page"} []
[2026-06-28 00:58:27] main.WARNING: Cache backend response slow {"duration_ms":420,"cache_type":"full_page"} []
[2026-06-28 00:58:27] main.INFO: Customer login successful {"area":"frontend"} []
[2026-06-28 00:58:27] main.WARNING: Cron schedule missed {"job":"sales_clean_quotes","delay_sec":180} []
[2026-06-28 00:58:27] main.INFO: Order placed successfully {"payment_method":"checkmo"} []
[2026-06-28 00:58:27] main.WARNING: Cache backend response slow {"duration_ms":420,"cache_type":"full_page"} []
[2026-06-28 00:58:27] main.WARNING: Cache backend response slow {"duration_ms":420,"cache_type":"full_page"} []
[2026-06-28 00:58:27] main.WARNING: Cron schedule missed {"job":"sales_clean_quotes","delay_sec":180} []
[2026-06-28 00:58:27] main.WARNING: Cron schedule missed {"job":"sales_clean_quotes","delay_sec":180} []
[2026-06-28 00:58:27] main.INFO: Cache cleaned successfully {"cache_type":"full_page"} []
[2026-06-28 00:58:27] main.WARNING: Redis connection pool near capacity {"used":85,"max":100} []
[2026-06-28 00:58:27] main.WARNING: Cache backend response slow {"duration_ms":420,"cache_type":"full_page"} []
[2026-06-28 00:58:29] main.WARNING: Redis connection pool near capacity {"used":85,"max":100} []
[2026-06-28 00:58:29] main.WARNING: Cache backend response slow {"duration_ms":420,"cache_type":"full_page"} []
[2026-06-28 00:58:29] main.WARNING: Cron schedule missed {"job":"sales_clean_quotes","delay_sec":180} []
[2026-06-28 00:58:29] main.WARNING: Cache backend response slow {"duration_ms":420,"cache_type":"full_page"} []
[2026-06-28 00:58:29] main.INFO: Product page rendered from cache {"cache_hit":true} []
[2026-06-28 00:58:29] main.WARNING: Cache backend response slow {"duration_ms":420,"cache_type":"full_page"} []
[2026-06-28 00:58:30] main.WARNING: Cron schedule missed {"job":"sales_clean_quotes","delay_sec":180} []
[2026-06-28 00:58:30] main.WARNING: Cron schedule missed {"job":"sales_clean_quotes","delay_sec":180} []
[2026-06-28 00:58:30] main.WARNING: Redis connection pool near capacity {"used":85,"max":100} []
[2026-06-28 00:58:30] main.NOTICE: Cron job completed {"job":"catalog_product_index_price_reindex_all"} []
[2026-06-28 00:58:30] main.INFO: Order placed successfully {"payment_method":"checkmo"} []
[2026-06-28 00:58:30] main.WARNING: Cache backend response slow {"duration_ms":420,"cache_type":"full_page"} []
[2026-06-28 00:58:30] main.WARNING: Cache backend response slow {"duration_ms":420,"cache_type":"full_page"} []
[2026-06-28 00:58:30] main.WARNING: Redis connection pool near capacity {"used":85,"max":100} []
[2026-06-28 00:58:30] main.NOTICE: Cron job completed {"job":"catalog_product_index_price_reindex_all"} []
[2026-06-28 00:58:30] main.NOTICE: Cron job completed {"job":"catalog_product_index_price_reindex_all"} []
[2026-06-28 00:58:30] main.INFO: Customer login successful {"area":"frontend"} []
[2026-06-28 00:58:30] main.WARNING: Cron schedule missed {"job":"sales_clean_quotes","delay_sec":180} []
[2026-06-28 00:58:30] main.INFO: Product page rendered from cache {"cache_hit":true} []
[2026-06-28 00:58:30] main.WARNING: Cache backend response slow {"duration_ms":420,"cache_type":"full_page"} []
[2026-06-28 00:58:32] main.WARNING: Cache backend response slow {"duration_ms":420,"cache_type":"full_page"} []
[2026-06-28 00:58:32] main.INFO: Order placed successfully {"payment_method":"checkmo"} []
[2026-06-28 00:58:32] main.WARNING: Cron schedule missed {"job":"sales_clean_quotes","delay_sec":180} []
[2026-06-28 00:58:32] main.INFO: Customer login successful {"area":"frontend"} []
[2026-06-28 00:58:32] main.WARNING: Cron schedule missed {"job":"sales_clean_quotes","delay_sec":180} []
[2026-06-28 00:58:32] main.INFO: Customer login successful {"area":"frontend"} []
[2026-06-28 00:58:32] main.INFO: Customer login successful {"area":"frontend"} []
[2026-06-28 00:58:32] main.INFO: Cache cleaned successfully {"cache_type":"full_page"} []
[2026-06-28 00:58:32] main.INFO: Cache cleaned successfully {"cache_type":"full_page"} []
[2026-06-28 00:58:32] main.WARNING: Cache backend response slow {"duration_ms":420,"cache_type":"full_page"} []
[2026-06-28 00:58:32] main.INFO: Order placed successfully {"payment_method":"checkmo"} []
[2026-06-28 00:58:32] main.INFO: Cache cleaned successfully {"cache_type":"full_page"} []
[2026-06-28 00:58:32] main.WARNING: Redis connection pool near capacity {"used":85,"max":100} []
[2026-06-28 00:58:32] main.INFO: Cache cleaned successfully {"cache_type":"full_page"} []
[2026-06-28 00:58:32] main.WARNING: Cache backend response slow {"duration_ms":420,"cache_type":"full_page"} []
[2026-06-28 00:58:32] main.WARNING: Cache backend response slow {"duration_ms":420,"cache_type":"full_page"} []
[2026-06-28 00:58:32] main.INFO: Product page rendered from cache {"cache_hit":true} []
[2026-06-28 00:58:32] main.INFO: Order placed successfully {"payment_method":"checkmo"} []
[2026-06-28 00:58:32] main.WARNING: Cron schedule missed {"job":"sales_clean_quotes","delay_sec":180} []
[2026-06-28 00:58:32] main.INFO: Customer login successful {"area":"frontend"} []
[2026-06-28 00:58:34] main.WARNING: Cron schedule missed {"job":"sales_clean_quotes","delay_sec":180} []
[2026-06-28 00:58:34] main.NOTICE: Cron job completed {"job":"catalog_product_index_price_reindex_all"} []
[2026-06-28 00:58:34] main.INFO: Cache cleaned successfully {"cache_type":"full_page"} []
[2026-06-28 00:58:34] main.WARNING: Cache backend response slow {"duration_ms":420,"cache_type":"full_page"} []
[2026-06-28 00:58:34] main.NOTICE: Cron job completed {"job":"catalog_product_index_price_reindex_all"} []
[2026-06-28 00:58:34] main.INFO: Product page rendered from cache {"cache_hit":true} []
[2026-06-28 00:58:34] main.WARNING: Redis connection pool near capacity {"used":85,"max":100} []
[2026-06-28 00:58:34] main.INFO: Cache cleaned successfully {"cache_type":"full_page"} []
[2026-06-28 00:58:34] main.WARNING: Cache backend response slow {"duration_ms":420,"cache_type":"full_page"} []
[2026-06-28 00:58:34] main.WARNING: Redis connection pool near capacity {"used":85,"max":100} []
[2026-06-28 00:58:34] main.NOTICE: Cron job completed {"job":"catalog_product_index_price_reindex_all"} []
[2026-06-28 00:58:34] main.INFO: Cache cleaned successfully {"cache_type":"full_page"} []
[2026-06-28 00:58:34] main.INFO: Product page rendered from cache {"cache_hit":true} []
[2026-06-28 00:58:34] main.WARNING: Cron schedule missed {"job":"sales_clean_quotes","delay_sec":180} []
[2026-06-28 00:58:34] main.INFO: Product page rendered from cache {"cache_hit":true} []
[2026-06-28 00:58:34] main.INFO: Customer login successful {"area":"frontend"} []
[2026-06-28 00:58:34] main.WARNING: Redis connection pool near capacity {"used":85,"max":100} []
[2026-06-28 00:58:34] main.WARNING: Cron schedule missed {"job":"sales_clean_quotes","delay_sec":180} []
[2026-06-28 00:58:34] main.WARNING: Cron schedule missed {"job":"sales_clean_quotes","delay_sec":180} []
[2026-06-28 00:58:34] main.INFO: Cache cleaned successfully {"cache_type":"full_page"} []
[2026-06-28 00:58:37] main.INFO: Product page rendered from cache {"cache_hit":true} []
[2026-06-28 00:58:37] main.INFO: Cache cleaned successfully {"cache_type":"full_page"} []
[2026-06-28 00:58:37] main.WARNING: Cache backend response slow {"duration_ms":420,"cache_type":"full_page"} []
[2026-06-28 00:58:37] main.INFO: Cache cleaned successfully {"cache_type":"full_page"} []
[2026-06-28 00:58:37] main.INFO: Cache cleaned successfully {"cache_type":"full_page"} []
[2026-06-28 00:58:37] main.NOTICE: Cron job completed {"job":"catalog_product_index_price_reindex_all"} []
[2026-06-28 00:58:37] main.INFO: Customer login successful {"area":"frontend"} []
[2026-06-28 00:58:37] main.WARNING: Cron schedule missed {"job":"sales_clean_quotes","delay_sec":180} []
[2026-06-28 00:58:37] main.INFO: Customer login successful {"area":"frontend"} []
[2026-06-28 00:58:37] main.INFO: Customer login successful {"area":"frontend"} []
[2026-06-28 00:58:37] main.WARNING: Cron schedule missed {"job":"sales_clean_quotes","delay_sec":180} []
[2026-06-28 00:58:37] main.INFO: Customer login successful {"area":"frontend"} []
[2026-06-28 00:58:37] main.NOTICE: Cron job completed {"job":"catalog_product_index_price_reindex_all"} []
[2026-06-28 00:58:37] main.WARNING: Cache backend response slow {"duration_ms":420,"cache_type":"full_page"} []
[2026-06-28 00:58:37] main.NOTICE: Cron job completed {"job":"catalog_product_index_price_reindex_all"} []
[2026-06-28 00:58:37] main.INFO: Customer login successful {"area":"frontend"} []
[2026-06-28 00:58:37] main.WARNING: Cron schedule missed {"job":"sales_clean_quotes","delay_sec":180} []
[2026-06-28 00:58:37] main.WARNING: Cache backend response slow {"duration_ms":420,"cache_type":"full_page"} []
[2026-06-28 00:58:37] main.WARNING: Redis connection pool near capacity {"used":85,"max":100} []
[2026-06-28 00:58:37] main.INFO: Cache cleaned successfully {"cache_type":"full_page"} []
[2026-06-28 00:58:39] main.INFO: Order placed successfully {"payment_method":"checkmo"} []
[2026-06-28 00:58:39] main.NOTICE: Cron job completed {"job":"catalog_product_index_price_reindex_all"} []
[2026-06-28 00:58:39] main.WARNING: Cron schedule missed {"job":"sales_clean_quotes","delay_sec":180} []
[2026-06-28 00:58:39] main.NOTICE: Cron job completed {"job":"catalog_product_index_price_reindex_all"} []
[2026-06-28 00:58:39] main.INFO: Order placed successfully {"payment_method":"checkmo"} []
[2026-06-28 00:58:39] main.WARNING: Cron schedule missed {"job":"sales_clean_quotes","delay_sec":180} []
[2026-06-28 00:58:39] main.INFO: Cache cleaned successfully {"cache_type":"full_page"} []
[2026-06-28 00:58:39] main.INFO: Customer login successful {"area":"frontend"} []
[2026-06-28 00:58:39] main.INFO: Cache cleaned successfully {"cache_type":"full_page"} []
[2026-06-28 00:58:39] main.WARNING: Cache backend response slow {"duration_ms":420,"cache_type":"full_page"} []
[2026-06-28 00:58:39] main.WARNING: Redis connection pool near capacity {"used":85,"max":100} []
[2026-06-28 00:58:39] main.INFO: Product page rendered from cache {"cache_hit":true} []
[2026-06-28 00:58:39] main.WARNING: Redis connection pool near capacity {"used":85,"max":100} []
[2026-06-28 00:58:39] main.WARNING: Cron schedule missed {"job":"sales_clean_quotes","delay_sec":180} []
[2026-06-28 00:58:39] main.INFO: Cache cleaned successfully {"cache_type":"full_page"} []
[2026-06-28 00:58:39] main.INFO: Customer login successful {"area":"frontend"} []
[2026-06-28 00:58:39] main.INFO: Product page rendered from cache {"cache_hit":true} []
[2026-06-28 00:58:39] main.WARNING: Redis connection pool near capacity {"used":85,"max":100} []
[2026-06-28 00:58:39] main.INFO: Order placed successfully {"payment_method":"checkmo"} []
[2026-06-28 00:58:39] main.WARNING: Cache backend response slow {"duration_ms":420,"cache_type":"full_page"} []
[2026-06-28 00:58:41] main.INFO: Order placed successfully {"payment_method":"checkmo"} []
[2026-06-28 00:58:41] main.INFO: Order placed successfully {"payment_method":"checkmo"} []
[2026-06-28 00:58:41] main.INFO: Order placed successfully {"payment_method":"checkmo"} []
[2026-06-28 00:58:41] main.WARNING: Cron schedule missed {"job":"sales_clean_quotes","delay_sec":180} []
[2026-06-28 00:58:41] main.INFO: Order placed successfully {"payment_method":"checkmo"} []
[2026-06-28 00:58:41] main.WARNING: Redis connection pool near capacity {"used":85,"max":100} []
[2026-06-28 00:58:41] main.WARNING: Redis connection pool near capacity {"used":85,"max":100} []
[2026-06-28 00:58:41] main.NOTICE: Cron job completed {"job":"catalog_product_index_price_reindex_all"} []
[2026-06-28 00:58:41] main.WARNING: Redis connection pool near capacity {"used":85,"max":100} []
[2026-06-28 00:58:41] main.WARNING: Cache backend response slow {"duration_ms":420,"cache_type":"full_page"} []
[2026-06-28 00:58:41] main.WARNING: Cache backend response slow {"duration_ms":420,"cache_type":"full_page"} []
[2026-06-28 00:58:41] main.INFO: Customer login successful {"area":"frontend"} []
[2026-06-28 00:58:41] main.WARNING: Cache backend response slow {"duration_ms":420,"cache_type":"full_page"} []
[2026-06-28 00:58:41] main.INFO: Order placed successfully {"payment_method":"checkmo"} []
[2026-06-28 00:58:41] main.INFO: Order placed successfully {"payment_method":"checkmo"} []
[2026-06-28 00:58:41] main.INFO: Cache cleaned successfully {"cache_type":"full_page"} []
[2026-06-28 00:58:41] main.WARNING: Cron schedule missed {"job":"sales_clean_quotes","delay_sec":180} []
[2026-06-28 00:58:41] main.INFO: Customer login successful {"area":"frontend"} []
[2026-06-28 00:58:41] main.INFO: Product page rendered from cache {"cache_hit":true} []
[2026-06-28 00:58:42] main.INFO: Cache cleaned successfully {"cache_type":"full_page"} []
[2026-06-28 00:58:44] main.WARNING: Cron schedule missed {"job":"sales_clean_quotes","delay_sec":180} []
[2026-06-28 00:58:44] main.INFO: Customer login successful {"area":"frontend"} []
[2026-06-28 00:58:44] main.WARNING: Cache backend response slow {"duration_ms":420,"cache_type":"full_page"} []
[2026-06-28 00:58:44] main.INFO: Cache cleaned successfully {"cache_type":"full_page"} []
[2026-06-28 00:58:44] main.WARNING: Redis connection pool near capacity {"used":85,"max":100} []
[2026-06-28 00:58:44] main.WARNING: Cron schedule missed {"job":"sales_clean_quotes","delay_sec":180} []
[2026-06-28 00:58:44] main.INFO: Cache cleaned successfully {"cache_type":"full_page"} []
[2026-06-28 00:58:44] main.INFO: Order placed successfully {"payment_method":"checkmo"} []
[2026-06-28 00:58:44] main.INFO: Customer login successful {"area":"frontend"} []
[2026-06-28 00:58:44] main.INFO: Cache cleaned successfully {"cache_type":"full_page"} []
[2026-06-28 00:58:44] main.INFO: Product page rendered from cache {"cache_hit":true} []
[2026-06-28 00:58:44] main.WARNING: Cron schedule missed {"job":"sales_clean_quotes","delay_sec":180} []
[2026-06-28 00:58:44] main.WARNING: Cron schedule missed {"job":"sales_clean_quotes","delay_sec":180} []
[2026-06-28 00:58:44] main.INFO: Cache cleaned successfully {"cache_type":"full_page"} []
[2026-06-28 00:58:44] main.INFO: Customer login successful {"area":"frontend"} []
[2026-06-28 00:58:44] main.WARNING: Cron schedule missed {"job":"sales_clean_quotes","delay_sec":180} []
[2026-06-28 00:58:44] main.INFO: Customer login successful {"area":"frontend"} []
[2026-06-28 00:58:44] main.WARNING: Cron schedule missed {"job":"sales_clean_quotes","delay_sec":180} []
[2026-06-28 00:58:44] main.INFO: Customer login successful {"area":"frontend"} []
[2026-06-28 00:58:44] main.WARNING: Cache backend response slow {"duration_ms":420,"cache_type":"full_page"} []
[2026-06-28 00:58:46] main.INFO: Customer login successful {"area":"frontend"} []
[2026-06-28 00:58:46] main.INFO: Customer login successful {"area":"frontend"} []
[2026-06-28 00:58:46] main.INFO: Cache cleaned successfully {"cache_type":"full_page"} []
[2026-06-28 00:58:46] main.WARNING: Cron schedule missed {"job":"sales_clean_quotes","delay_sec":180} []
[2026-06-28 00:58:46] main.INFO: Order placed successfully {"payment_method":"checkmo"} []
[2026-06-28 00:58:46] main.NOTICE: Cron job completed {"job":"catalog_product_index_price_reindex_all"} []
[2026-06-28 00:58:46] main.INFO: Order placed successfully {"payment_method":"checkmo"} []
[2026-06-28 00:58:46] main.WARNING: Redis connection pool near capacity {"used":85,"max":100} []
[2026-06-28 00:58:46] main.INFO: Product page rendered from cache {"cache_hit":true} []
[2026-06-28 00:58:46] main.INFO: Cache cleaned successfully {"cache_type":"full_page"} []
[2026-06-28 00:58:46] main.INFO: Product page rendered from cache {"cache_hit":true} []
[2026-06-28 00:58:46] main.WARNING: Redis connection pool near capacity {"used":85,"max":100} []
[2026-06-28 00:58:46] main.WARNING: Cache backend response slow {"duration_ms":420,"cache_type":"full_page"} []
[2026-06-28 00:58:46] main.WARNING: Cron schedule missed {"job":"sales_clean_quotes","delay_sec":180} []
[2026-06-28 00:58:46] main.WARNING: Redis connection pool near capacity {"used":85,"max":100} []
[2026-06-28 00:58:46] main.INFO: Product page rendered from cache {"cache_hit":true} []
[2026-06-28 00:58:46] main.INFO: Order placed successfully {"payment_method":"checkmo"} []
[2026-06-28 00:58:46] main.WARNING: Cache backend response slow {"duration_ms":420,"cache_type":"full_page"} []
[2026-06-28 00:58:46] main.INFO: Cache cleaned successfully {"cache_type":"full_page"} []
[2026-06-28 00:58:46] main.WARNING: Redis connection pool near capacity {"used":85,"max":100} []
[2026-06-28 00:58:48] main.WARNING: Cache backend response slow {"duration_ms":420,"cache_type":"full_page"} []
[2026-06-28 00:58:48] main.WARNING: Cache backend response slow {"duration_ms":420,"cache_type":"full_page"} []
[2026-06-28 00:58:48] main.INFO: Cache cleaned successfully {"cache_type":"full_page"} []
[2026-06-28 00:58:48] main.WARNING: Cron schedule missed {"job":"sales_clean_quotes","delay_sec":180} []
[2026-06-28 00:58:48] main.WARNING: Cron schedule missed {"job":"sales_clean_quotes","delay_sec":180} []
[2026-06-28 00:58:48] main.INFO: Product page rendered from cache {"cache_hit":true} []
[2026-06-28 00:58:48] main.WARNING: Cache backend response slow {"duration_ms":420,"cache_type":"full_page"} []
[2026-06-28 00:58:48] main.INFO: Cache cleaned successfully {"cache_type":"full_page"} []
[2026-06-28 00:58:48] main.WARNING: Redis connection pool near capacity {"used":85,"max":100} []
[2026-06-28 00:58:48] main.INFO: Cache cleaned successfully {"cache_type":"full_page"} []
[2026-06-28 00:58:48] main.WARNING: Cron schedule missed {"job":"sales_clean_quotes","delay_sec":180} []
[2026-06-28 00:58:48] main.WARNING: Cron schedule missed {"job":"sales_clean_quotes","delay_sec":180} []
[2026-06-28 00:58:48] main.WARNING: Cron schedule missed {"job":"sales_clean_quotes","delay_sec":180} []
[2026-06-28 00:58:48] main.INFO: Product page rendered from cache {"cache_hit":true} []
[2026-06-28 00:58:48] main.INFO: Customer login successful {"area":"frontend"} []
[2026-06-28 00:58:48] main.WARNING: Cron schedule missed {"job":"sales_clean_quotes","delay_sec":180} []
[2026-06-28 00:58:49] main.WARNING: Cron schedule missed {"job":"sales_clean_quotes","delay_sec":180} []
[2026-06-28 00:58:49] main.WARNING: Cache backend response slow {"duration_ms":420,"cache_type":"full_page"} []
[2026-06-28 00:58:49] main.INFO: Order placed successfully {"payment_method":"checkmo"} []
[2026-06-28 00:58:49] main.WARNING: Cache backend response slow {"duration_ms":420,"cache_type":"full_page"} []
[2026-06-28 00:58:51] main.WARNING: Cron schedule missed {"job":"sales_clean_quotes","delay_sec":180} []
[2026-06-28 00:58:51] main.WARNING: Cache backend response slow {"duration_ms":420,"cache_type":"full_page"} []
[2026-06-28 00:58:51] main.INFO: Customer login successful {"area":"frontend"} []
[2026-06-28 00:58:51] main.INFO: Customer login successful {"area":"frontend"} []
[2026-06-28 00:58:51] main.WARNING: Cache backend response slow {"duration_ms":420,"cache_type":"full_page"} []
[2026-06-28 00:58:51] main.INFO: Order placed successfully {"payment_method":"checkmo"} []
[2026-06-28 00:58:51] main.NOTICE: Cron job completed {"job":"catalog_product_index_price_reindex_all"} []
[2026-06-28 00:58:51] main.INFO: Customer login successful {"area":"frontend"} []
[2026-06-28 00:58:51] main.INFO: Customer login successful {"area":"frontend"} []
[2026-06-28 00:58:51] main.INFO: Customer login successful {"area":"frontend"} []
[2026-06-28 00:58:51] main.WARNING: Cron schedule missed {"job":"sales_clean_quotes","delay_sec":180} []
[2026-06-28 00:58:51] main.WARNING: Redis connection pool near capacity {"used":85,"max":100} []
[2026-06-28 00:58:51] main.WARNING: Redis connection pool near capacity {"used":85,"max":100} []
[2026-06-28 00:58:51] main.WARNING: Redis connection pool near capacity {"used":85,"max":100} []
[2026-06-28 00:58:51] main.INFO: Product page rendered from cache {"cache_hit":true} []
[2026-06-28 00:58:51] main.NOTICE: Cron job completed {"job":"catalog_product_index_price_reindex_all"} []
[2026-06-28 00:58:51] main.INFO: Product page rendered from cache {"cache_hit":true} []
[2026-06-28 00:58:51] main.WARNING: Redis connection pool near capacity {"used":85,"max":100} []
[2026-06-28 00:58:51] main.INFO: Order placed successfully {"payment_method":"checkmo"} []
[2026-06-28 00:58:51] main.WARNING: Redis connection pool near capacity {"used":85,"max":100} []
[2026-06-28 00:58:53] main.INFO: Customer login successful {"area":"frontend"} []
[2026-06-28 00:58:53] main.WARNING: Cron schedule missed {"job":"sales_clean_quotes","delay_sec":180} []
[2026-06-28 00:58:53] main.INFO: Customer login successful {"area":"frontend"} []
[2026-06-28 00:58:53] main.WARNING: Cache backend response slow {"duration_ms":420,"cache_type":"full_page"} []
[2026-06-28 00:58:53] main.WARNING: Cron schedule missed {"job":"sales_clean_quotes","delay_sec":180} []
[2026-06-28 00:58:53] main.WARNING: Redis connection pool near capacity {"used":85,"max":100} []
[2026-06-28 00:58:53] main.INFO: Cache cleaned successfully {"cache_type":"full_page"} []
[2026-06-28 00:58:53] main.INFO: Order placed successfully {"payment_method":"checkmo"} []
[2026-06-28 00:58:53] main.WARNING: Cache backend response slow {"duration_ms":420,"cache_type":"full_page"} []
[2026-06-28 00:58:53] main.NOTICE: Cron job completed {"job":"catalog_product_index_price_reindex_all"} []
[2026-06-28 00:58:53] main.WARNING: Cache backend response slow {"duration_ms":420,"cache_type":"full_page"} []
[2026-06-28 00:58:53] main.NOTICE: Cron job completed {"job":"catalog_product_index_price_reindex_all"} []
[2026-06-28 00:58:53] main.INFO: Product page rendered from cache {"cache_hit":true} []
[2026-06-28 00:58:53] main.WARNING: Redis connection pool near capacity {"used":85,"max":100} []
[2026-06-28 00:58:53] main.INFO: Order placed successfully {"payment_method":"checkmo"} []
[2026-06-28 00:58:53] main.INFO: Product page rendered from cache {"cache_hit":true} []
[2026-06-28 00:58:53] main.INFO: Product page rendered from cache {"cache_hit":true} []
[2026-06-28 00:58:53] main.WARNING: Redis connection pool near capacity {"used":85,"max":100} []
[2026-06-28 00:58:53] main.INFO: Product page rendered from cache {"cache_hit":true} []
[2026-06-28 00:58:53] main.WARNING: Cache backend response slow {"duration_ms":420,"cache_type":"full_page"} []
[2026-06-28 00:58:55] main.WARNING: Cron schedule missed {"job":"sales_clean_quotes","delay_sec":180} []
[2026-06-28 00:58:55] main.WARNING: Cache backend response slow {"duration_ms":420,"cache_type":"full_page"} []
[2026-06-28 00:58:55] main.INFO: Customer login successful {"area":"frontend"} []
[2026-06-28 00:58:55] main.INFO: Customer login successful {"area":"frontend"} []
[2026-06-28 00:58:55] main.WARNING: Cache backend response slow {"duration_ms":420,"cache_type":"full_page"} []
[2026-06-28 00:58:55] main.WARNING: Redis connection pool near capacity {"used":85,"max":100} []
[2026-06-28 00:58:55] main.INFO: Order placed successfully {"payment_method":"checkmo"} []
[2026-06-28 00:58:55] main.INFO: Product page rendered from cache {"cache_hit":true} []
[2026-06-28 00:58:55] main.WARNING: Cache backend response slow {"duration_ms":420,"cache_type":"full_page"} []
[2026-06-28 00:58:55] main.INFO: Cache cleaned successfully {"cache_type":"full_page"} []
[2026-06-28 00:58:55] main.WARNING: Cache backend response slow {"duration_ms":420,"cache_type":"full_page"} []
[2026-06-28 00:58:55] main.WARNING: Cache backend response slow {"duration_ms":420,"cache_type":"full_page"} []
[2026-06-28 00:58:55] main.INFO: Order placed successfully {"payment_method":"checkmo"} []
[2026-06-28 00:58:56] main.WARNING: Redis connection pool near capacity {"used":85,"max":100} []
[2026-06-28 00:58:56] main.INFO: Product page rendered from cache {"cache_hit":true} []
[2026-06-28 00:58:56] main.INFO: Product page rendered from cache {"cache_hit":true} []
[2026-06-28 00:58:56] main.WARNING: Redis connection pool near capacity {"used":85,"max":100} []
[2026-06-28 00:58:56] main.WARNING: Cache backend response slow {"duration_ms":420,"cache_type":"full_page"} []
[2026-06-28 00:58:56] main.NOTICE: Cron job completed {"job":"catalog_product_index_price_reindex_all"} []
[2026-06-28 00:58:56] main.INFO: Cache cleaned successfully {"cache_type":"full_page"} []
[2026-06-28 00:58:58] main.NOTICE: Cron job completed {"job":"catalog_product_index_price_reindex_all"} []
[2026-06-28 00:58:58] main.WARNING: Cron schedule missed {"job":"sales_clean_quotes","delay_sec":180} []
[2026-06-28 00:58:58] main.WARNING: Redis connection pool near capacity {"used":85,"max":100} []
[2026-06-28 00:58:58] main.INFO: Product page rendered from cache {"cache_hit":true} []
[2026-06-28 00:58:58] main.INFO: Customer login successful {"area":"frontend"} []
[2026-06-28 00:58:58] main.WARNING: Cache backend response slow {"duration_ms":420,"cache_type":"full_page"} []
[2026-06-28 00:58:58] main.INFO: Customer login successful {"area":"frontend"} []
[2026-06-28 00:58:58] main.INFO: Customer login successful {"area":"frontend"} []
[2026-06-28 00:58:58] main.INFO: Cache cleaned successfully {"cache_type":"full_page"} []
[2026-06-28 00:58:58] main.NOTICE: Cron job completed {"job":"catalog_product_index_price_reindex_all"} []
[2026-06-28 00:58:58] main.WARNING: Cache backend response slow {"duration_ms":420,"cache_type":"full_page"} []
[2026-06-28 00:58:58] main.WARNING: Cron schedule missed {"job":"sales_clean_quotes","delay_sec":180} []
[2026-06-28 00:58:58] main.WARNING: Cache backend response slow {"duration_ms":420,"cache_type":"full_page"} []
[2026-06-28 00:58:58] main.INFO: Customer login successful {"area":"frontend"} []
[2026-06-28 00:58:58] main.WARNING: Cron schedule missed {"job":"sales_clean_quotes","delay_sec":180} []
[2026-06-28 00:58:58] main.WARNING: Redis connection pool near capacity {"used":85,"max":100} []
[2026-06-28 00:58:58] main.NOTICE: Cron job completed {"job":"catalog_product_index_price_reindex_all"} []
[2026-06-28 00:58:58] main.WARNING: Cron schedule missed {"job":"sales_clean_quotes","delay_sec":180} []
[2026-06-28 00:58:58] main.WARNING: Cron schedule missed {"job":"sales_clean_quotes","delay_sec":180} []
[2026-06-28 00:58:58] main.WARNING: Redis connection pool near capacity {"used":85,"max":100} []
[2026-06-28 00:59:00] main.INFO: Product page rendered from cache {"cache_hit":true} []
[2026-06-28 00:59:00] main.NOTICE: Cron job completed {"job":"catalog_product_index_price_reindex_all"} []
[2026-06-28 00:59:00] main.INFO: Customer login successful {"area":"frontend"} []
[2026-06-28 00:59:00] main.INFO: Order placed successfully {"payment_method":"checkmo"} []
[2026-06-28 00:59:00] main.INFO: Customer login successful {"area":"frontend"} []
[2026-06-28 00:59:00] main.WARNING: Redis connection pool near capacity {"used":85,"max":100} []
[2026-06-28 00:59:00] main.WARNING: Cron schedule missed {"job":"sales_clean_quotes","delay_sec":180} []
[2026-06-28 00:59:00] main.NOTICE: Cron job completed {"job":"catalog_product_index_price_reindex_all"} []
[2026-06-28 00:59:00] main.NOTICE: Cron job completed {"job":"catalog_product_index_price_reindex_all"} []
[2026-06-28 00:59:00] main.INFO: Cache cleaned successfully {"cache_type":"full_page"} []
[2026-06-28 00:59:00] main.WARNING: Cron schedule missed {"job":"sales_clean_quotes","delay_sec":180} []
[2026-06-28 00:59:00] main.INFO: Product page rendered from cache {"cache_hit":true} []
[2026-06-28 00:59:00] main.WARNING: Cache backend response slow {"duration_ms":420,"cache_type":"full_page"} []
[2026-06-28 00:59:00] main.WARNING: Cron schedule missed {"job":"sales_clean_quotes","delay_sec":180} []
[2026-06-28 00:59:00] main.WARNING: Cron schedule missed {"job":"sales_clean_quotes","delay_sec":180} []
[2026-06-28 00:59:00] main.INFO: Product page rendered from cache {"cache_hit":true} []
[2026-06-28 00:59:00] main.WARNING: Redis connection pool near capacity {"used":85,"max":100} []
[2026-06-28 00:59:00] main.WARNING: Cron schedule missed {"job":"sales_clean_quotes","delay_sec":180} []
[2026-06-28 00:59:00] main.WARNING: Cache backend response slow {"duration_ms":420,"cache_type":"full_page"} []
[2026-06-28 00:59:00] main.WARNING: Cron schedule missed {"job":"sales_clean_quotes","delay_sec":180} []
[2026-06-28 00:59:02] main.INFO: Cache cleaned successfully {"cache_type":"full_page"} []
[2026-06-28 00:59:02] main.NOTICE: Cron job completed {"job":"catalog_product_index_price_reindex_all"} []
[2026-06-28 00:59:02] main.WARNING: Cron schedule missed {"job":"sales_clean_quotes","delay_sec":180} []
[2026-06-28 00:59:02] main.WARNING: Redis connection pool near capacity {"used":85,"max":100} []
[2026-06-28 00:59:02] main.WARNING: Cache backend response slow {"duration_ms":420,"cache_type":"full_page"} []
[2026-06-28 00:59:02] main.INFO: Product page rendered from cache {"cache_hit":true} []
[2026-06-28 00:59:03] main.WARNING: Redis connection pool near capacity {"used":85,"max":100} []
[2026-06-28 00:59:03] main.WARNING: Redis connection pool near capacity {"used":85,"max":100} []
[2026-06-28 00:59:03] main.INFO: Cache cleaned successfully {"cache_type":"full_page"} []
[2026-06-28 00:59:03] main.INFO: Order placed successfully {"payment_method":"checkmo"} []
[2026-06-28 00:59:03] main.WARNING: Redis connection pool near capacity {"used":85,"max":100} []
[2026-06-28 00:59:03] main.NOTICE: Cron job completed {"job":"catalog_product_index_price_reindex_all"} []
[2026-06-28 00:59:03] main.INFO: Customer login successful {"area":"frontend"} []
[2026-06-28 00:59:03] main.INFO: Cache cleaned successfully {"cache_type":"full_page"} []
[2026-06-28 00:59:03] main.INFO: Order placed successfully {"payment_method":"checkmo"} []
[2026-06-28 00:59:03] main.INFO: Product page rendered from cache {"cache_hit":true} []
[2026-06-28 00:59:03] main.INFO: Cache cleaned successfully {"cache_type":"full_page"} []
[2026-06-28 00:59:03] main.NOTICE: Cron job completed {"job":"catalog_product_index_price_reindex_all"} []
[2026-06-28 00:59:03] main.NOTICE: Cron job completed {"job":"catalog_product_index_price_reindex_all"} []
[2026-06-28 00:59:03] main.WARNING: Redis connection pool near capacity {"used":85,"max":100} []
[2026-06-28 00:59:05] main.NOTICE: Cron job completed {"job":"catalog_product_index_price_reindex_all"} []
[2026-06-28 00:59:05] main.INFO: Customer login successful {"area":"frontend"} []
[2026-06-28 00:59:05] main.INFO: Product page rendered from cache {"cache_hit":true} []
[2026-06-28 00:59:05] main.WARNING: Cache backend response slow {"duration_ms":420,"cache_type":"full_page"} []
[2026-06-28 00:59:05] main.WARNING: Cron schedule missed {"job":"sales_clean_quotes","delay_sec":180} []
[2026-06-28 00:59:05] main.INFO: Cache cleaned successfully {"cache_type":"full_page"} []
[2026-06-28 00:59:05] main.WARNING: Cache backend response slow {"duration_ms":420,"cache_type":"full_page"} []
[2026-06-28 00:59:05] main.INFO: Customer login successful {"area":"frontend"} []
[2026-06-28 00:59:05] main.WARNING: Cache backend response slow {"duration_ms":420,"cache_type":"full_page"} []
[2026-06-28 00:59:05] main.NOTICE: Cron job completed {"job":"catalog_product_index_price_reindex_all"} []
[2026-06-28 00:59:05] main.WARNING: Cache backend response slow {"duration_ms":420,"cache_type":"full_page"} []
[2026-06-28 00:59:05] main.INFO: Order placed successfully {"payment_method":"checkmo"} []
[2026-06-28 00:59:05] main.WARNING: Cache backend response slow {"duration_ms":420,"cache_type":"full_page"} []
[2026-06-28 00:59:05] main.WARNING: Redis connection pool near capacity {"used":85,"max":100} []
[2026-06-28 00:59:05] main.WARNING: Redis connection pool near capacity {"used":85,"max":100} []
[2026-06-28 00:59:05] main.NOTICE: Cron job completed {"job":"catalog_product_index_price_reindex_all"} []
[2026-06-28 00:59:05] main.INFO: Order placed successfully {"payment_method":"checkmo"} []
[2026-06-28 00:59:05] main.WARNING: Cache backend response slow {"duration_ms":420,"cache_type":"full_page"} []
[2026-06-28 00:59:05] main.INFO: Customer login successful {"area":"frontend"} []
[2026-06-28 00:59:05] main.INFO: Order placed successfully {"payment_method":"checkmo"} []
[2026-06-28 00:59:07] main.INFO: Cache cleaned successfully {"cache_type":"full_page"} []
[2026-06-28 00:59:07] main.INFO: Customer login successful {"area":"frontend"} []
[2026-06-28 00:59:07] main.WARNING: Cron schedule missed {"job":"sales_clean_quotes","delay_sec":180} []
[2026-06-28 00:59:07] main.WARNING: Cache backend response slow {"duration_ms":420,"cache_type":"full_page"} []
[2026-06-28 00:59:07] main.INFO: Cache cleaned successfully {"cache_type":"full_page"} []
[2026-06-28 00:59:07] main.WARNING: Redis connection pool near capacity {"used":85,"max":100} []
[2026-06-28 00:59:07] main.NOTICE: Cron job completed {"job":"catalog_product_index_price_reindex_all"} []
[2026-06-28 00:59:07] main.NOTICE: Cron job completed {"job":"catalog_product_index_price_reindex_all"} []
[2026-06-28 00:59:07] main.WARNING: Redis connection pool near capacity {"used":85,"max":100} []
[2026-06-28 00:59:07] main.INFO: Cache cleaned successfully {"cache_type":"full_page"} []
[2026-06-28 00:59:07] main.INFO: Cache cleaned successfully {"cache_type":"full_page"} []
[2026-06-28 00:59:07] main.INFO: Product page rendered from cache {"cache_hit":true} []
[2026-06-28 00:59:07] main.INFO: Cache cleaned successfully {"cache_type":"full_page"} []
[2026-06-28 00:59:07] main.WARNING: Redis connection pool near capacity {"used":85,"max":100} []
[2026-06-28 00:59:07] main.WARNING: Redis connection pool near capacity {"used":85,"max":100} []
[2026-06-28 00:59:07] main.NOTICE: Cron job completed {"job":"catalog_product_index_price_reindex_all"} []
[2026-06-28 00:59:07] main.WARNING: Cache backend response slow {"duration_ms":420,"cache_type":"full_page"} []
[2026-06-28 00:59:07] main.INFO: Customer login successful {"area":"frontend"} []
[2026-06-28 00:59:07] main.WARNING: Cache backend response slow {"duration_ms":420,"cache_type":"full_page"} []
[2026-06-28 00:59:08] main.INFO: Order placed successfully {"payment_method":"checkmo"} []
[2026-06-28 00:59:10] main.WARNING: Redis connection pool near capacity {"used":85,"max":100} []
[2026-06-28 00:59:10] main.WARNING: Cron schedule missed {"job":"sales_clean_quotes","delay_sec":180} []
[2026-06-28 00:59:10] main.INFO: Customer login successful {"area":"frontend"} []
[2026-06-28 00:59:10] main.INFO: Customer login successful {"area":"frontend"} []
[2026-06-28 00:59:10] main.INFO: Order placed successfully {"payment_method":"checkmo"} []
[2026-06-28 00:59:10] main.WARNING: Cache backend response slow {"duration_ms":420,"cache_type":"full_page"} []
[2026-06-28 00:59:10] main.WARNING: Cron schedule missed {"job":"sales_clean_quotes","delay_sec":180} []
[2026-06-28 00:59:10] main.WARNING: Redis connection pool near capacity {"used":85,"max":100} []
[2026-06-28 00:59:10] main.INFO: Product page rendered from cache {"cache_hit":true} []
[2026-06-28 00:59:10] main.INFO: Order placed successfully {"payment_method":"checkmo"} []
[2026-06-28 00:59:10] main.WARNING: Cache backend response slow {"duration_ms":420,"cache_type":"full_page"} []
[2026-06-28 00:59:10] main.NOTICE: Cron job completed {"job":"catalog_product_index_price_reindex_all"} []
[2026-06-28 00:59:10] main.INFO: Product page rendered from cache {"cache_hit":true} []
[2026-06-28 00:59:10] main.WARNING: Cron schedule missed {"job":"sales_clean_quotes","delay_sec":180} []
[2026-06-28 00:59:10] main.WARNING: Cron schedule missed {"job":"sales_clean_quotes","delay_sec":180} []
[2026-06-28 00:59:10] main.WARNING: Cron schedule missed {"job":"sales_clean_quotes","delay_sec":180} []
[2026-06-28 00:59:10] main.WARNING: Redis connection pool near capacity {"used":85,"max":100} []
[2026-06-28 00:59:10] main.NOTICE: Cron job completed {"job":"catalog_product_index_price_reindex_all"} []
[2026-06-28 00:59:10] main.INFO: Customer login successful {"area":"frontend"} []
[2026-06-28 00:59:10] main.INFO: Customer login successful {"area":"frontend"} []
[2026-06-28 00:59:12] main.INFO: Cache cleaned successfully {"cache_type":"full_page"} []
[2026-06-28 00:59:12] main.INFO: Product page rendered from cache {"cache_hit":true} []
[2026-06-28 00:59:12] main.INFO: Product page rendered from cache {"cache_hit":true} []
[2026-06-28 00:59:12] main.WARNING: Redis connection pool near capacity {"used":85,"max":100} []
[2026-06-28 00:59:12] main.INFO: Order placed successfully {"payment_method":"checkmo"} []
[2026-06-28 00:59:12] main.INFO: Customer login successful {"area":"frontend"} []
[2026-06-28 00:59:12] main.NOTICE: Cron job completed {"job":"catalog_product_index_price_reindex_all"} []
[2026-06-28 00:59:12] main.NOTICE: Cron job completed {"job":"catalog_product_index_price_reindex_all"} []
[2026-06-28 00:59:12] main.INFO: Order placed successfully {"payment_method":"checkmo"} []
[2026-06-28 00:59:12] main.WARNING: Cron schedule missed {"job":"sales_clean_quotes","delay_sec":180} []
[2026-06-28 00:59:12] main.WARNING: Cache backend response slow {"duration_ms":420,"cache_type":"full_page"} []
[2026-06-28 00:59:12] main.WARNING: Cache backend response slow {"duration_ms":420,"cache_type":"full_page"} []
[2026-06-28 00:59:12] main.NOTICE: Cron job completed {"job":"catalog_product_index_price_reindex_all"} []
[2026-06-28 00:59:12] main.WARNING: Cron schedule missed {"job":"sales_clean_quotes","delay_sec":180} []
[2026-06-28 00:59:12] main.INFO: Customer login successful {"area":"frontend"} []
[2026-06-28 00:59:12] main.WARNING: Cache backend response slow {"duration_ms":420,"cache_type":"full_page"} []
[2026-06-28 00:59:12] main.WARNING: Cron schedule missed {"job":"sales_clean_quotes","delay_sec":180} []
[2026-06-28 00:59:12] main.INFO: Order placed successfully {"payment_method":"checkmo"} []
[2026-06-28 00:59:12] main.NOTICE: Cron job completed {"job":"catalog_product_index_price_reindex_all"} []
[2026-06-28 00:59:12] main.NOTICE: Cron job completed {"job":"catalog_product_index_price_reindex_all"} []
[2026-06-28 00:59:14] main.INFO: Cache cleaned successfully {"cache_type":"full_page"} []
[2026-06-28 00:59:14] main.WARNING: Cron schedule missed {"job":"sales_clean_quotes","delay_sec":180} []
[2026-06-28 00:59:14] main.INFO: Cache cleaned successfully {"cache_type":"full_page"} []
[2026-06-28 00:59:14] main.WARNING: Redis connection pool near capacity {"used":85,"max":100} []
[2026-06-28 00:59:14] main.WARNING: Cache backend response slow {"duration_ms":420,"cache_type":"full_page"} []
[2026-06-28 00:59:14] main.NOTICE: Cron job completed {"job":"catalog_product_index_price_reindex_all"} []
[2026-06-28 00:59:14] main.NOTICE: Cron job completed {"job":"catalog_product_index_price_reindex_all"} []
[2026-06-28 00:59:14] main.WARNING: Cache backend response slow {"duration_ms":420,"cache_type":"full_page"} []
[2026-06-28 00:59:14] main.INFO: Customer login successful {"area":"frontend"} []
[2026-06-28 00:59:14] main.WARNING: Cron schedule missed {"job":"sales_clean_quotes","delay_sec":180} []
[2026-06-28 00:59:14] main.WARNING: Cron schedule missed {"job":"sales_clean_quotes","delay_sec":180} []
[2026-06-28 00:59:14] main.WARNING: Redis connection pool near capacity {"used":85,"max":100} []
[2026-06-28 00:59:14] main.NOTICE: Cron job completed {"job":"catalog_product_index_price_reindex_all"} []
[2026-06-28 00:59:14] main.NOTICE: Cron job completed {"job":"catalog_product_index_price_reindex_all"} []
[2026-06-28 00:59:14] main.WARNING: Redis connection pool near capacity {"used":85,"max":100} []
[2026-06-28 00:59:15] main.WARNING: Cron schedule missed {"job":"sales_clean_quotes","delay_sec":180} []
[2026-06-28 00:59:15] main.INFO: Customer login successful {"area":"frontend"} []
[2026-06-28 00:59:15] main.INFO: Product page rendered from cache {"cache_hit":true} []
[2026-06-28 00:59:15] main.NOTICE: Cron job completed {"job":"catalog_product_index_price_reindex_all"} []
[2026-06-28 00:59:15] main.WARNING: Cache backend response slow {"duration_ms":420,"cache_type":"full_page"} []
[2026-06-28 00:59:17] main.WARNING: Redis connection pool near capacity {"used":85,"max":100} []
[2026-06-28 00:59:17] main.INFO: Customer login successful {"area":"frontend"} []
[2026-06-28 00:59:17] main.NOTICE: Cron job completed {"job":"catalog_product_index_price_reindex_all"} []
[2026-06-28 00:59:17] main.WARNING: Cache backend response slow {"duration_ms":420,"cache_type":"full_page"} []
[2026-06-28 00:59:17] main.INFO: Cache cleaned successfully {"cache_type":"full_page"} []
[2026-06-28 00:59:17] main.WARNING: Cache backend response slow {"duration_ms":420,"cache_type":"full_page"} []
[2026-06-28 00:59:17] main.WARNING: Redis connection pool near capacity {"used":85,"max":100} []
[2026-06-28 00:59:17] main.WARNING: Cache backend response slow {"duration_ms":420,"cache_type":"full_page"} []
[2026-06-28 00:59:17] main.WARNING: Redis connection pool near capacity {"used":85,"max":100} []
[2026-06-28 00:59:17] main.INFO: Customer login successful {"area":"frontend"} []
[2026-06-28 00:59:17] main.WARNING: Redis connection pool near capacity {"used":85,"max":100} []
[2026-06-28 00:59:17] main.INFO: Order placed successfully {"payment_method":"checkmo"} []
[2026-06-28 00:59:17] main.WARNING: Cache backend response slow {"duration_ms":420,"cache_type":"full_page"} []
[2026-06-28 00:59:17] main.WARNING: Cache backend response slow {"duration_ms":420,"cache_type":"full_page"} []
[2026-06-28 00:59:17] main.INFO: Cache cleaned successfully {"cache_type":"full_page"} []
[2026-06-28 00:59:17] main.WARNING: Redis connection pool near capacity {"used":85,"max":100} []
[2026-06-28 00:59:17] main.WARNING: Cron schedule missed {"job":"sales_clean_quotes","delay_sec":180} []
[2026-06-28 00:59:17] main.WARNING: Cron schedule missed {"job":"sales_clean_quotes","delay_sec":180} []
[2026-06-28 00:59:17] main.INFO: Order placed successfully {"payment_method":"checkmo"} []
[2026-06-28 00:59:17] main.WARNING: Redis connection pool near capacity {"used":85,"max":100} []
[2026-06-28 00:59:19] main.INFO: Cache cleaned successfully {"cache_type":"full_page"} []
[2026-06-28 00:59:19] main.WARNING: Redis connection pool near capacity {"used":85,"max":100} []
[2026-06-28 00:59:19] main.INFO: Product page rendered from cache {"cache_hit":true} []
[2026-06-28 00:59:19] main.WARNING: Redis connection pool near capacity {"used":85,"max":100} []
[2026-06-28 00:59:19] main.WARNING: Redis connection pool near capacity {"used":85,"max":100} []
[2026-06-28 00:59:19] main.WARNING: Cron schedule missed {"job":"sales_clean_quotes","delay_sec":180} []
[2026-06-28 00:59:19] main.WARNING: Cron schedule missed {"job":"sales_clean_quotes","delay_sec":180} []
[2026-06-28 00:59:19] main.WARNING: Redis connection pool near capacity {"used":85,"max":100} []
[2026-06-28 00:59:19] main.INFO: Product page rendered from cache {"cache_hit":true} []
[2026-06-28 00:59:19] main.INFO: Product page rendered from cache {"cache_hit":true} []
[2026-06-28 00:59:19] main.WARNING: Cron schedule missed {"job":"sales_clean_quotes","delay_sec":180} []
[2026-06-28 00:59:19] main.INFO: Order placed successfully {"payment_method":"checkmo"} []
[2026-06-28 00:59:19] main.WARNING: Cache backend response slow {"duration_ms":420,"cache_type":"full_page"} []
[2026-06-28 00:59:19] main.WARNING: Cache backend response slow {"duration_ms":420,"cache_type":"full_page"} []
[2026-06-28 00:59:19] main.INFO: Cache cleaned successfully {"cache_type":"full_page"} []
[2026-06-28 00:59:19] main.WARNING: Redis connection pool near capacity {"used":85,"max":100} []
[2026-06-28 00:59:19] main.NOTICE: Cron job completed {"job":"catalog_product_index_price_reindex_all"} []
[2026-06-28 00:59:19] main.WARNING: Cron schedule missed {"job":"sales_clean_quotes","delay_sec":180} []
[2026-06-28 00:59:19] main.WARNING: Cron schedule missed {"job":"sales_clean_quotes","delay_sec":180} []
[2026-06-28 00:59:19] main.WARNING: Cache backend response slow {"duration_ms":420,"cache_type":"full_page"} []
[2026-06-28 00:59:21] main.WARNING: Cache backend response slow {"duration_ms":420,"cache_type":"full_page"} []
[2026-06-28 00:59:21] main.WARNING: Redis connection pool near capacity {"used":85,"max":100} []
[2026-06-28 00:59:21] main.INFO: Product page rendered from cache {"cache_hit":true} []
[2026-06-28 00:59:21] main.INFO: Cache cleaned successfully {"cache_type":"full_page"} []
[2026-06-28 00:59:21] main.WARNING: Redis connection pool near capacity {"used":85,"max":100} []
[2026-06-28 00:59:21] main.WARNING: Cache backend response slow {"duration_ms":420,"cache_type":"full_page"} []
[2026-06-28 00:59:21] main.INFO: Cache cleaned successfully {"cache_type":"full_page"} []
[2026-06-28 00:59:21] main.WARNING: Cron schedule missed {"job":"sales_clean_quotes","delay_sec":180} []
[2026-06-28 00:59:21] main.INFO: Product page rendered from cache {"cache_hit":true} []
[2026-06-28 00:59:21] main.WARNING: Cache backend response slow {"duration_ms":420,"cache_type":"full_page"} []
[2026-06-28 00:59:21] main.INFO: Customer login successful {"area":"frontend"} []
[2026-06-28 00:59:21] main.NOTICE: Cron job completed {"job":"catalog_product_index_price_reindex_all"} []
[2026-06-28 00:59:22] main.WARNING: Redis connection pool near capacity {"used":85,"max":100} []
[2026-06-28 00:59:22] main.WARNING: Cache backend response slow {"duration_ms":420,"cache_type":"full_page"} []
[2026-06-28 00:59:22] main.WARNING: Cache backend response slow {"duration_ms":420,"cache_type":"full_page"} []
[2026-06-28 00:59:22] main.WARNING: Cache backend response slow {"duration_ms":420,"cache_type":"full_page"} []
[2026-06-28 00:59:22] main.WARNING: Cron schedule missed {"job":"sales_clean_quotes","delay_sec":180} []
[2026-06-28 00:59:22] main.WARNING: Redis connection pool near capacity {"used":85,"max":100} []
[2026-06-28 00:59:22] main.WARNING: Cache backend response slow {"duration_ms":420,"cache_type":"full_page"} []
[2026-06-28 00:59:22] main.WARNING: Redis connection pool near capacity {"used":85,"max":100} []
[2026-06-28 00:59:24] main.INFO: Product page rendered from cache {"cache_hit":true} []
[2026-06-28 00:59:24] main.INFO: Cache cleaned successfully {"cache_type":"full_page"} []
[2026-06-28 00:59:24] main.WARNING: Cache backend response slow {"duration_ms":420,"cache_type":"full_page"} []
[2026-06-28 00:59:24] main.INFO: Product page rendered from cache {"cache_hit":true} []
[2026-06-28 00:59:24] main.WARNING: Redis connection pool near capacity {"used":85,"max":100} []
[2026-06-28 00:59:24] main.INFO: Cache cleaned successfully {"cache_type":"full_page"} []
[2026-06-28 00:59:24] main.WARNING: Cron schedule missed {"job":"sales_clean_quotes","delay_sec":180} []
[2026-06-28 00:59:24] main.INFO: Customer login successful {"area":"frontend"} []
[2026-06-28 00:59:24] main.INFO: Cache cleaned successfully {"cache_type":"full_page"} []
[2026-06-28 00:59:24] main.WARNING: Cache backend response slow {"duration_ms":420,"cache_type":"full_page"} []
[2026-06-28 00:59:24] main.WARNING: Cache backend response slow {"duration_ms":420,"cache_type":"full_page"} []
[2026-06-28 00:59:24] main.INFO: Cache cleaned successfully {"cache_type":"full_page"} []
[2026-06-28 00:59:24] main.INFO: Order placed successfully {"payment_method":"checkmo"} []
[2026-06-28 00:59:24] main.INFO: Cache cleaned successfully {"cache_type":"full_page"} []
[2026-06-28 00:59:24] main.INFO: Order placed successfully {"payment_method":"checkmo"} []
[2026-06-28 00:59:24] main.INFO: Product page rendered from cache {"cache_hit":true} []
[2026-06-28 00:59:24] main.INFO: Customer login successful {"area":"frontend"} []
[2026-06-28 00:59:24] main.NOTICE: Cron job completed {"job":"catalog_product_index_price_reindex_all"} []
[2026-06-28 00:59:24] main.WARNING: Redis connection pool near capacity {"used":85,"max":100} []
[2026-06-28 00:59:24] main.WARNING: Cron schedule missed {"job":"sales_clean_quotes","delay_sec":180} []
[2026-06-28 00:59:26] main.WARNING: Redis connection pool near capacity {"used":85,"max":100} []
[2026-06-28 00:59:26] main.INFO: Product page rendered from cache {"cache_hit":true} []
[2026-06-28 00:59:26] main.WARNING: Cron schedule missed {"job":"sales_clean_quotes","delay_sec":180} []
[2026-06-28 00:59:26] main.INFO: Customer login successful {"area":"frontend"} []
[2026-06-28 00:59:26] main.WARNING: Cache backend response slow {"duration_ms":420,"cache_type":"full_page"} []
[2026-06-28 00:59:26] main.WARNING: Cron schedule missed {"job":"sales_clean_quotes","delay_sec":180} []
[2026-06-28 00:59:26] main.WARNING: Cache backend response slow {"duration_ms":420,"cache_type":"full_page"} []
[2026-06-28 00:59:26] main.INFO: Customer login successful {"area":"frontend"} []
[2026-06-28 00:59:26] main.INFO: Order placed successfully {"payment_method":"checkmo"} []
[2026-06-28 00:59:26] main.WARNING: Cron schedule missed {"job":"sales_clean_quotes","delay_sec":180} []
[2026-06-28 00:59:26] main.WARNING: Cache backend response slow {"duration_ms":420,"cache_type":"full_page"} []
[2026-06-28 00:59:26] main.WARNING: Cache backend response slow {"duration_ms":420,"cache_type":"full_page"} []
[2026-06-28 00:59:26] main.WARNING: Cache backend response slow {"duration_ms":420,"cache_type":"full_page"} []
[2026-06-28 00:59:26] main.INFO: Customer login successful {"area":"frontend"} []
[2026-06-28 00:59:26] main.WARNING: Cache backend response slow {"duration_ms":420,"cache_type":"full_page"} []
[2026-06-28 00:59:26] main.INFO: Customer login successful {"area":"frontend"} []
[2026-06-28 00:59:26] main.INFO: Customer login successful {"area":"frontend"} []
[2026-06-28 00:59:26] main.INFO: Cache cleaned successfully {"cache_type":"full_page"} []
[2026-06-28 00:59:26] main.WARNING: Cache backend response slow {"duration_ms":420,"cache_type":"full_page"} []
[2026-06-28 00:59:26] main.INFO: Customer login successful {"area":"frontend"} []
[2026-06-28 00:59:28] main.WARNING: Redis connection pool near capacity {"used":85,"max":100} []
[2026-06-28 00:59:28] main.INFO: Order placed successfully {"payment_method":"checkmo"} []
[2026-06-28 00:59:28] main.WARNING: Redis connection pool near capacity {"used":85,"max":100} []
[2026-06-28 00:59:28] main.INFO: Order placed successfully {"payment_method":"checkmo"} []
[2026-06-28 00:59:28] main.INFO: Cache cleaned successfully {"cache_type":"full_page"} []
[2026-06-28 00:59:28] main.WARNING: Redis connection pool near capacity {"used":85,"max":100} []
[2026-06-28 00:59:28] main.WARNING: Cache backend response slow {"duration_ms":420,"cache_type":"full_page"} []
[2026-06-28 00:59:28] main.INFO: Customer login successful {"area":"frontend"} []
[2026-06-28 00:59:28] main.WARNING: Redis connection pool near capacity {"used":85,"max":100} []
[2026-06-28 00:59:29] main.INFO: Product page rendered from cache {"cache_hit":true} []
[2026-06-28 00:59:29] main.WARNING: Redis connection pool near capacity {"used":85,"max":100} []
[2026-06-28 00:59:29] main.NOTICE: Cron job completed {"job":"catalog_product_index_price_reindex_all"} []
[2026-06-28 00:59:29] main.WARNING: Cache backend response slow {"duration_ms":420,"cache_type":"full_page"} []
[2026-06-28 00:59:29] main.WARNING: Redis connection pool near capacity {"used":85,"max":100} []
[2026-06-28 00:59:29] main.NOTICE: Cron job completed {"job":"catalog_product_index_price_reindex_all"} []
[2026-06-28 00:59:29] main.WARNING: Cron schedule missed {"job":"sales_clean_quotes","delay_sec":180} []
[2026-06-28 00:59:29] main.WARNING: Redis connection pool near capacity {"used":85,"max":100} []
[2026-06-28 00:59:29] main.INFO: Cache cleaned successfully {"cache_type":"full_page"} []
[2026-06-28 00:59:29] main.INFO: Order placed successfully {"payment_method":"checkmo"} []
[2026-06-28 00:59:29] main.INFO: Cache cleaned successfully {"cache_type":"full_page"} []
[2026-06-28 00:59:31] main.WARNING: Redis connection pool near capacity {"used":85,"max":100} []
[2026-06-28 00:59:31] main.INFO: Customer login successful {"area":"frontend"} []
[2026-06-28 00:59:31] main.INFO: Product page rendered from cache {"cache_hit":true} []
[2026-06-28 00:59:31] main.INFO: Customer login successful {"area":"frontend"} []
[2026-06-28 00:59:31] main.WARNING: Cache backend response slow {"duration_ms":420,"cache_type":"full_page"} []
[2026-06-28 00:59:31] main.INFO: Cache cleaned successfully {"cache_type":"full_page"} []
[2026-06-28 00:59:31] main.WARNING: Cache backend response slow {"duration_ms":420,"cache_type":"full_page"} []
[2026-06-28 00:59:31] main.NOTICE: Cron job completed {"job":"catalog_product_index_price_reindex_all"} []
[2026-06-28 00:59:31] main.INFO: Product page rendered from cache {"cache_hit":true} []
[2026-06-28 00:59:31] main.INFO: Customer login successful {"area":"frontend"} []
[2026-06-28 00:59:31] main.INFO: Customer login successful {"area":"frontend"} []
[2026-06-28 00:59:31] main.WARNING: Cron schedule missed {"job":"sales_clean_quotes","delay_sec":180} []
[2026-06-28 00:59:31] main.WARNING: Redis connection pool near capacity {"used":85,"max":100} []
[2026-06-28 00:59:31] main.WARNING: Cron schedule missed {"job":"sales_clean_quotes","delay_sec":180} []
[2026-06-28 00:59:31] main.WARNING: Redis connection pool near capacity {"used":85,"max":100} []
[2026-06-28 00:59:31] main.INFO: Customer login successful {"area":"frontend"} []
[2026-06-28 00:59:31] main.INFO: Product page rendered from cache {"cache_hit":true} []
[2026-06-28 00:59:31] main.WARNING: Cache backend response slow {"duration_ms":420,"cache_type":"full_page"} []
[2026-06-28 00:59:31] main.INFO: Order placed successfully {"payment_method":"checkmo"} []
[2026-06-28 00:59:31] main.INFO: Order placed successfully {"payment_method":"checkmo"} []
[2026-06-28 00:59:33] main.INFO: Cache cleaned successfully {"cache_type":"full_page"} []
[2026-06-28 00:59:33] main.NOTICE: Cron job completed {"job":"catalog_product_index_price_reindex_all"} []
[2026-06-28 00:59:33] main.INFO: Order placed successfully {"payment_method":"checkmo"} []
[2026-06-28 00:59:33] main.WARNING: Cache backend response slow {"duration_ms":420,"cache_type":"full_page"} []
[2026-06-28 00:59:33] main.INFO: Product page rendered from cache {"cache_hit":true} []
[2026-06-28 00:59:33] main.WARNING: Cron schedule missed {"job":"sales_clean_quotes","delay_sec":180} []
[2026-06-28 00:59:33] main.WARNING: Cron schedule missed {"job":"sales_clean_quotes","delay_sec":180} []
[2026-06-28 00:59:33] main.NOTICE: Cron job completed {"job":"catalog_product_index_price_reindex_all"} []
[2026-06-28 00:59:33] main.INFO: Product page rendered from cache {"cache_hit":true} []
[2026-06-28 00:59:33] main.WARNING: Redis connection pool near capacity {"used":85,"max":100} []
[2026-06-28 00:59:33] main.WARNING: Cache backend response slow {"duration_ms":420,"cache_type":"full_page"} []
[2026-06-28 00:59:33] main.WARNING: Cron schedule missed {"job":"sales_clean_quotes","delay_sec":180} []
[2026-06-28 00:59:33] main.INFO: Cache cleaned successfully {"cache_type":"full_page"} []
[2026-06-28 00:59:33] main.NOTICE: Cron job completed {"job":"catalog_product_index_price_reindex_all"} []
[2026-06-28 00:59:33] main.NOTICE: Cron job completed {"job":"catalog_product_index_price_reindex_all"} []
[2026-06-28 00:59:33] main.INFO: Customer login successful {"area":"frontend"} []
[2026-06-28 00:59:33] main.INFO: Product page rendered from cache {"cache_hit":true} []
[2026-06-28 00:59:33] main.WARNING: Cache backend response slow {"duration_ms":420,"cache_type":"full_page"} []
[2026-06-28 00:59:33] main.INFO: Product page rendered from cache {"cache_hit":true} []
[2026-06-28 00:59:33] main.INFO: Cache cleaned successfully {"cache_type":"full_page"} []
[2026-06-28 00:59:35] main.INFO: Customer login successful {"area":"frontend"} []
[2026-06-28 00:59:35] main.WARNING: Redis connection pool near capacity {"used":85,"max":100} []
[2026-06-28 00:59:35] main.WARNING: Redis connection pool near capacity {"used":85,"max":100} []
[2026-06-28 00:59:35] main.INFO: Customer login successful {"area":"frontend"} []
[2026-06-28 00:59:36] main.WARNING: Cache backend response slow {"duration_ms":420,"cache_type":"full_page"} []
[2026-06-28 00:59:36] main.INFO: Product page rendered from cache {"cache_hit":true} []
[2026-06-28 00:59:36] main.WARNING: Cache backend response slow {"duration_ms":420,"cache_type":"full_page"} []
[2026-06-28 00:59:36] main.WARNING: Cache backend response slow {"duration_ms":420,"cache_type":"full_page"} []
[2026-06-28 00:59:36] main.WARNING: Redis connection pool near capacity {"used":85,"max":100} []
[2026-06-28 00:59:36] main.INFO: Cache cleaned successfully {"cache_type":"full_page"} []
[2026-06-28 00:59:36] main.WARNING: Cron schedule missed {"job":"sales_clean_quotes","delay_sec":180} []
[2026-06-28 00:59:36] main.NOTICE: Cron job completed {"job":"catalog_product_index_price_reindex_all"} []
[2026-06-28 00:59:36] main.WARNING: Cron schedule missed {"job":"sales_clean_quotes","delay_sec":180} []
[2026-06-28 00:59:36] main.INFO: Customer login successful {"area":"frontend"} []
[2026-06-28 00:59:36] main.NOTICE: Cron job completed {"job":"catalog_product_index_price_reindex_all"} []
[2026-06-28 00:59:36] main.WARNING: Cron schedule missed {"job":"sales_clean_quotes","delay_sec":180} []
[2026-06-28 00:59:36] main.WARNING: Redis connection pool near capacity {"used":85,"max":100} []
[2026-06-28 00:59:36] main.WARNING: Cache backend response slow {"duration_ms":420,"cache_type":"full_page"} []
[2026-06-28 00:59:36] main.WARNING: Cache backend response slow {"duration_ms":420,"cache_type":"full_page"} []
[2026-06-28 00:59:36] main.WARNING: Cache backend response slow {"duration_ms":420,"cache_type":"full_page"} []
[2026-06-28 00:59:38] main.INFO: Order placed successfully {"payment_method":"checkmo"} []
[2026-06-28 00:59:38] main.WARNING: Cron schedule missed {"job":"sales_clean_quotes","delay_sec":180} []
[2026-06-28 00:59:38] main.WARNING: Cron schedule missed {"job":"sales_clean_quotes","delay_sec":180} []
[2026-06-28 00:59:38] main.WARNING: Redis connection pool near capacity {"used":85,"max":100} []
[2026-06-28 00:59:38] main.WARNING: Cron schedule missed {"job":"sales_clean_quotes","delay_sec":180} []
[2026-06-28 00:59:38] main.INFO: Customer login successful {"area":"frontend"} []
[2026-06-28 00:59:38] main.WARNING: Cache backend response slow {"duration_ms":420,"cache_type":"full_page"} []
[2026-06-28 00:59:38] main.INFO: Cache cleaned successfully {"cache_type":"full_page"} []
[2026-06-28 00:59:38] main.INFO: Cache cleaned successfully {"cache_type":"full_page"} []
[2026-06-28 00:59:38] main.WARNING: Cron schedule missed {"job":"sales_clean_quotes","delay_sec":180} []
[2026-06-28 00:59:38] main.WARNING: Cache backend response slow {"duration_ms":420,"cache_type":"full_page"} []
[2026-06-28 00:59:38] main.INFO: Order placed successfully {"payment_method":"checkmo"} []
[2026-06-28 00:59:38] main.INFO: Cache cleaned successfully {"cache_type":"full_page"} []
[2026-06-28 00:59:38] main.INFO: Product page rendered from cache {"cache_hit":true} []
[2026-06-28 00:59:38] main.WARNING: Cron schedule missed {"job":"sales_clean_quotes","delay_sec":180} []
[2026-06-28 00:59:38] main.INFO: Order placed successfully {"payment_method":"checkmo"} []
[2026-06-28 00:59:38] main.INFO: Cache cleaned successfully {"cache_type":"full_page"} []
[2026-06-28 00:59:38] main.INFO: Order placed successfully {"payment_method":"checkmo"} []
[2026-06-28 00:59:38] main.INFO: Cache cleaned successfully {"cache_type":"full_page"} []
[2026-06-28 00:59:38] main.INFO: Product page rendered from cache {"cache_hit":true} []
[2026-06-28 00:59:40] main.WARNING: Cron schedule missed {"job":"sales_clean_quotes","delay_sec":180} []
[2026-06-28 00:59:40] main.INFO: Order placed successfully {"payment_method":"checkmo"} []
[2026-06-28 00:59:40] main.WARNING: Cron schedule missed {"job":"sales_clean_quotes","delay_sec":180} []
[2026-06-28 00:59:40] main.WARNING: Cache backend response slow {"duration_ms":420,"cache_type":"full_page"} []
[2026-06-28 00:59:40] main.WARNING: Redis connection pool near capacity {"used":85,"max":100} []
[2026-06-28 00:59:40] main.WARNING: Cache backend response slow {"duration_ms":420,"cache_type":"full_page"} []
[2026-06-28 00:59:40] main.NOTICE: Cron job completed {"job":"catalog_product_index_price_reindex_all"} []
[2026-06-28 00:59:40] main.INFO: Cache cleaned successfully {"cache_type":"full_page"} []
[2026-06-28 00:59:40] main.NOTICE: Cron job completed {"job":"catalog_product_index_price_reindex_all"} []
[2026-06-28 00:59:40] main.WARNING: Redis connection pool near capacity {"used":85,"max":100} []
[2026-06-28 00:59:40] main.INFO: Customer login successful {"area":"frontend"} []
[2026-06-28 00:59:40] main.INFO: Order placed successfully {"payment_method":"checkmo"} []
[2026-06-28 00:59:40] main.WARNING: Cron schedule missed {"job":"sales_clean_quotes","delay_sec":180} []
[2026-06-28 00:59:40] main.INFO: Product page rendered from cache {"cache_hit":true} []
[2026-06-28 00:59:40] main.INFO: Cache cleaned successfully {"cache_type":"full_page"} []
[2026-06-28 00:59:40] main.INFO: Cache cleaned successfully {"cache_type":"full_page"} []
[2026-06-28 00:59:40] main.WARNING: Redis connection pool near capacity {"used":85,"max":100} []
[2026-06-28 00:59:40] main.INFO: Order placed successfully {"payment_method":"checkmo"} []
[2026-06-28 00:59:40] main.NOTICE: Cron job completed {"job":"catalog_product_index_price_reindex_all"} []
[2026-06-28 00:59:40] main.WARNING: Cron schedule missed {"job":"sales_clean_quotes","delay_sec":180} []
[2026-06-28 00:59:42] main.NOTICE: Cron job completed {"job":"catalog_product_index_price_reindex_all"} []
[2026-06-28 00:59:42] main.WARNING: Cron schedule missed {"job":"sales_clean_quotes","delay_sec":180} []
[2026-06-28 00:59:42] main.WARNING: Cron schedule missed {"job":"sales_clean_quotes","delay_sec":180} []
[2026-06-28 00:59:43] main.NOTICE: Cron job completed {"job":"catalog_product_index_price_reindex_all"} []
[2026-06-28 00:59:43] main.INFO: Cache cleaned successfully {"cache_type":"full_page"} []
[2026-06-28 00:59:43] main.WARNING: Cron schedule missed {"job":"sales_clean_quotes","delay_sec":180} []
[2026-06-28 00:59:43] main.INFO: Cache cleaned successfully {"cache_type":"full_page"} []
[2026-06-28 00:59:43] main.INFO: Cache cleaned successfully {"cache_type":"full_page"} []
[2026-06-28 00:59:43] main.INFO: Order placed successfully {"payment_method":"checkmo"} []
[2026-06-28 00:59:43] main.INFO: Cache cleaned successfully {"cache_type":"full_page"} []
[2026-06-28 00:59:43] main.WARNING: Redis connection pool near capacity {"used":85,"max":100} []
[2026-06-28 00:59:43] main.WARNING: Cron schedule missed {"job":"sales_clean_quotes","delay_sec":180} []
[2026-06-28 00:59:43] main.NOTICE: Cron job completed {"job":"catalog_product_index_price_reindex_all"} []
[2026-06-28 00:59:43] main.NOTICE: Cron job completed {"job":"catalog_product_index_price_reindex_all"} []
[2026-06-28 00:59:43] main.INFO: Cache cleaned successfully {"cache_type":"full_page"} []
[2026-06-28 00:59:43] main.WARNING: Cache backend response slow {"duration_ms":420,"cache_type":"full_page"} []
[2026-06-28 00:59:43] main.WARNING: Redis connection pool near capacity {"used":85,"max":100} []
[2026-06-28 00:59:43] main.WARNING: Cache backend response slow {"duration_ms":420,"cache_type":"full_page"} []
[2026-06-28 00:59:43] main.INFO: Order placed successfully {"payment_method":"checkmo"} []
[2026-06-28 00:59:43] main.WARNING: Cron schedule missed {"job":"sales_clean_quotes","delay_sec":180} []
[2026-06-28 00:59:45] main.INFO: Customer login successful {"area":"frontend"} []
[2026-06-28 00:59:45] main.WARNING: Cron schedule missed {"job":"sales_clean_quotes","delay_sec":180} []
[2026-06-28 00:59:45] main.INFO: Product page rendered from cache {"cache_hit":true} []
[2026-06-28 00:59:45] main.INFO: Order placed successfully {"payment_method":"checkmo"} []
[2026-06-28 00:59:45] main.INFO: Cache cleaned successfully {"cache_type":"full_page"} []
[2026-06-28 00:59:45] main.WARNING: Cron schedule missed {"job":"sales_clean_quotes","delay_sec":180} []
[2026-06-28 00:59:45] main.INFO: Cache cleaned successfully {"cache_type":"full_page"} []
[2026-06-28 00:59:45] main.INFO: Order placed successfully {"payment_method":"checkmo"} []
[2026-06-28 00:59:45] main.WARNING: Cron schedule missed {"job":"sales_clean_quotes","delay_sec":180} []
[2026-06-28 00:59:45] main.WARNING: Cron schedule missed {"job":"sales_clean_quotes","delay_sec":180} []
[2026-06-28 00:59:45] main.WARNING: Redis connection pool near capacity {"used":85,"max":100} []
[2026-06-28 00:59:45] main.WARNING: Cache backend response slow {"duration_ms":420,"cache_type":"full_page"} []
[2026-06-28 00:59:45] main.WARNING: Cron schedule missed {"job":"sales_clean_quotes","delay_sec":180} []
[2026-06-28 00:59:45] main.WARNING: Redis connection pool near capacity {"used":85,"max":100} []
[2026-06-28 00:59:45] main.INFO: Customer login successful {"area":"frontend"} []
[2026-06-28 00:59:45] main.WARNING: Redis connection pool near capacity {"used":85,"max":100} []
[2026-06-28 00:59:45] main.INFO: Order placed successfully {"payment_method":"checkmo"} []
[2026-06-28 00:59:45] main.NOTICE: Cron job completed {"job":"catalog_product_index_price_reindex_all"} []
[2026-06-28 00:59:45] main.INFO: Customer login successful {"area":"frontend"} []
[2026-06-28 00:59:45] main.INFO: Cache cleaned successfully {"cache_type":"full_page"} []
[2026-06-28 00:59:47] main.NOTICE: Cron job completed {"job":"catalog_product_index_price_reindex_all"} []
[2026-06-28 00:59:47] main.WARNING: Cron schedule missed {"job":"sales_clean_quotes","delay_sec":180} []
[2026-06-28 00:59:47] main.WARNING: Cron schedule missed {"job":"sales_clean_quotes","delay_sec":180} []
[2026-06-28 00:59:47] main.NOTICE: Cron job completed {"job":"catalog_product_index_price_reindex_all"} []
[2026-06-28 00:59:47] main.WARNING: Cron schedule missed {"job":"sales_clean_quotes","delay_sec":180} []
[2026-06-28 00:59:47] main.INFO: Order placed successfully {"payment_method":"checkmo"} []
[2026-06-28 00:59:47] main.WARNING: Cron schedule missed {"job":"sales_clean_quotes","delay_sec":180} []
[2026-06-28 00:59:47] main.WARNING: Redis connection pool near capacity {"used":85,"max":100} []
[2026-06-28 00:59:47] main.INFO: Order placed successfully {"payment_method":"checkmo"} []
[2026-06-28 00:59:47] main.INFO: Order placed successfully {"payment_method":"checkmo"} []
[2026-06-28 00:59:47] main.WARNING: Cron schedule missed {"job":"sales_clean_quotes","delay_sec":180} []
[2026-06-28 00:59:47] main.WARNING: Cron schedule missed {"job":"sales_clean_quotes","delay_sec":180} []
[2026-06-28 00:59:47] main.INFO: Product page rendered from cache {"cache_hit":true} []
[2026-06-28 00:59:47] main.INFO: Product page rendered from cache {"cache_hit":true} []
[2026-06-28 00:59:47] main.WARNING: Cron schedule missed {"job":"sales_clean_quotes","delay_sec":180} []
[2026-06-28 00:59:47] main.WARNING: Cron schedule missed {"job":"sales_clean_quotes","delay_sec":180} []
[2026-06-28 00:59:47] main.WARNING: Cache backend response slow {"duration_ms":420,"cache_type":"full_page"} []
[2026-06-28 00:59:47] main.NOTICE: Cron job completed {"job":"catalog_product_index_price_reindex_all"} []
[2026-06-28 00:59:47] main.INFO: Cache cleaned successfully {"cache_type":"full_page"} []
[2026-06-28 00:59:47] main.INFO: Cache cleaned successfully {"cache_type":"full_page"} []
[2026-06-28 00:59:49] main.INFO: Order placed successfully {"payment_method":"checkmo"} []
[2026-06-28 00:59:49] main.NOTICE: Cron job completed {"job":"catalog_product_index_price_reindex_all"} []
[2026-06-28 00:59:50] main.INFO: Product page rendered from cache {"cache_hit":true} []
[2026-06-28 00:59:50] main.WARNING: Redis connection pool near capacity {"used":85,"max":100} []
[2026-06-28 00:59:50] main.NOTICE: Cron job completed {"job":"catalog_product_index_price_reindex_all"} []
[2026-06-28 00:59:50] main.INFO: Product page rendered from cache {"cache_hit":true} []
[2026-06-28 00:59:50] main.WARNING: Redis connection pool near capacity {"used":85,"max":100} []
[2026-06-28 00:59:50] main.NOTICE: Cron job completed {"job":"catalog_product_index_price_reindex_all"} []
[2026-06-28 00:59:50] main.WARNING: Cron schedule missed {"job":"sales_clean_quotes","delay_sec":180} []
[2026-06-28 00:59:50] main.INFO: Customer login successful {"area":"frontend"} []
[2026-06-28 00:59:50] main.WARNING: Redis connection pool near capacity {"used":85,"max":100} []
[2026-06-28 00:59:50] main.WARNING: Cache backend response slow {"duration_ms":420,"cache_type":"full_page"} []
[2026-06-28 00:59:50] main.WARNING: Cache backend response slow {"duration_ms":420,"cache_type":"full_page"} []
[2026-06-28 00:59:50] main.WARNING: Redis connection pool near capacity {"used":85,"max":100} []
[2026-06-28 00:59:50] main.NOTICE: Cron job completed {"job":"catalog_product_index_price_reindex_all"} []
[2026-06-28 00:59:50] main.INFO: Cache cleaned successfully {"cache_type":"full_page"} []
[2026-06-28 00:59:50] main.INFO: Product page rendered from cache {"cache_hit":true} []
[2026-06-28 00:59:50] main.INFO: Customer login successful {"area":"frontend"} []
[2026-06-28 00:59:50] main.INFO: Customer login successful {"area":"frontend"} []
[2026-06-28 00:59:50] main.INFO: Cache cleaned successfully {"cache_type":"full_page"} []
[2026-06-28 00:59:52] main.WARNING: Cron schedule missed {"job":"sales_clean_quotes","delay_sec":180} []
[2026-06-28 00:59:52] main.NOTICE: Cron job completed {"job":"catalog_product_index_price_reindex_all"} []
[2026-06-28 00:59:52] main.INFO: Product page rendered from cache {"cache_hit":true} []
[2026-06-28 00:59:52] main.WARNING: Redis connection pool near capacity {"used":85,"max":100} []
[2026-06-28 00:59:52] main.INFO: Customer login successful {"area":"frontend"} []
[2026-06-28 00:59:52] main.INFO: Cache cleaned successfully {"cache_type":"full_page"} []
[2026-06-28 00:59:52] main.INFO: Cache cleaned successfully {"cache_type":"full_page"} []
[2026-06-28 00:59:52] main.INFO: Cache cleaned successfully {"cache_type":"full_page"} []
[2026-06-28 00:59:52] main.INFO: Order placed successfully {"payment_method":"checkmo"} []
[2026-06-28 00:59:52] main.INFO: Product page rendered from cache {"cache_hit":true} []
[2026-06-28 00:59:52] main.WARNING: Redis connection pool near capacity {"used":85,"max":100} []
[2026-06-28 00:59:52] main.WARNING: Redis connection pool near capacity {"used":85,"max":100} []
[2026-06-28 00:59:52] main.WARNING: Redis connection pool near capacity {"used":85,"max":100} []
[2026-06-28 00:59:52] main.WARNING: Redis connection pool near capacity {"used":85,"max":100} []
[2026-06-28 00:59:52] main.NOTICE: Cron job completed {"job":"catalog_product_index_price_reindex_all"} []
[2026-06-28 00:59:52] main.WARNING: Redis connection pool near capacity {"used":85,"max":100} []
[2026-06-28 00:59:52] main.WARNING: Cache backend response slow {"duration_ms":420,"cache_type":"full_page"} []
[2026-06-28 00:59:52] main.INFO: Customer login successful {"area":"frontend"} []
[2026-06-28 00:59:52] main.WARNING: Cron schedule missed {"job":"sales_clean_quotes","delay_sec":180} []
[2026-06-28 00:59:52] main.INFO: Customer login successful {"area":"frontend"} []
[2026-06-28 00:59:54] main.WARNING: Cache backend response slow {"duration_ms":420,"cache_type":"full_page"} []
[2026-06-28 00:59:54] main.WARNING: Redis connection pool near capacity {"used":85,"max":100} []
[2026-06-28 00:59:54] main.INFO: Product page rendered from cache {"cache_hit":true} []
[2026-06-28 00:59:54] main.WARNING: Cache backend response slow {"duration_ms":420,"cache_type":"full_page"} []
[2026-06-28 00:59:54] main.WARNING: Redis connection pool near capacity {"used":85,"max":100} []
[2026-06-28 00:59:54] main.WARNING: Cache backend response slow {"duration_ms":420,"cache_type":"full_page"} []
[2026-06-28 00:59:55] main.INFO: Order placed successfully {"payment_method":"checkmo"} []
[2026-06-28 00:59:55] main.INFO: Customer login successful {"area":"frontend"} []
[2026-06-28 00:59:55] main.WARNING: Cache backend response slow {"duration_ms":420,"cache_type":"full_page"} []
[2026-06-28 00:59:55] main.INFO: Order placed successfully {"payment_method":"checkmo"} []
[2026-06-28 00:59:55] main.WARNING: Redis connection pool near capacity {"used":85,"max":100} []
[2026-06-28 00:59:55] main.WARNING: Redis connection pool near capacity {"used":85,"max":100} []
[2026-06-28 00:59:55] main.WARNING: Redis connection pool near capacity {"used":85,"max":100} []
[2026-06-28 00:59:55] main.WARNING: Redis connection pool near capacity {"used":85,"max":100} []
[2026-06-28 00:59:55] main.INFO: Cache cleaned successfully {"cache_type":"full_page"} []
[2026-06-28 00:59:55] main.WARNING: Redis connection pool near capacity {"used":85,"max":100} []
[2026-06-28 00:59:55] main.WARNING: Cache backend response slow {"duration_ms":420,"cache_type":"full_page"} []
[2026-06-28 00:59:55] main.WARNING: Cache backend response slow {"duration_ms":420,"cache_type":"full_page"} []
[2026-06-28 00:59:55] main.INFO: Product page rendered from cache {"cache_hit":true} []
[2026-06-28 00:59:55] main.WARNING: Redis connection pool near capacity {"used":85,"max":100} []
[2026-06-28 00:59:57] main.INFO: Customer login successful {"area":"frontend"} []
[2026-06-28 00:59:57] main.INFO: Cache cleaned successfully {"cache_type":"full_page"} []
[2026-06-28 00:59:57] main.WARNING: Cache backend response slow {"duration_ms":420,"cache_type":"full_page"} []
[2026-06-28 00:59:57] main.WARNING: Redis connection pool near capacity {"used":85,"max":100} []
[2026-06-28 00:59:57] main.INFO: Customer login successful {"area":"frontend"} []
[2026-06-28 00:59:57] main.WARNING: Cache backend response slow {"duration_ms":420,"cache_type":"full_page"} []
[2026-06-28 00:59:57] main.INFO: Product page rendered from cache {"cache_hit":true} []
[2026-06-28 00:59:57] main.INFO: Product page rendered from cache {"cache_hit":true} []
[2026-06-28 00:59:57] main.INFO: Order placed successfully {"payment_method":"checkmo"} []
[2026-06-28 00:59:57] main.INFO: Product page rendered from cache {"cache_hit":true} []
[2026-06-28 00:59:57] main.INFO: Cache cleaned successfully {"cache_type":"full_page"} []
[2026-06-28 00:59:57] main.INFO: Product page rendered from cache {"cache_hit":true} []
[2026-06-28 00:59:57] main.INFO: Customer login successful {"area":"frontend"} []
[2026-06-28 00:59:57] main.NOTICE: Cron job completed {"job":"catalog_product_index_price_reindex_all"} []
[2026-06-28 00:59:57] main.INFO: Order placed successfully {"payment_method":"checkmo"} []
[2026-06-28 00:59:57] main.WARNING: Cache backend response slow {"duration_ms":420,"cache_type":"full_page"} []
[2026-06-28 00:59:57] main.NOTICE: Cron job completed {"job":"catalog_product_index_price_reindex_all"} []
[2026-06-28 00:59:57] main.INFO: Order placed successfully {"payment_method":"checkmo"} []
[2026-06-28 00:59:57] main.WARNING: Cron schedule missed {"job":"sales_clean_quotes","delay_sec":180} []
[2026-06-28 00:59:57] main.INFO: Customer login successful {"area":"frontend"} []
[2026-06-28 00:59:59] main.NOTICE: Cron job completed {"job":"catalog_product_index_price_reindex_all"} []
[2026-06-28 00:59:59] main.NOTICE: Cron job completed {"job":"catalog_product_index_price_reindex_all"} []
[2026-06-28 00:59:59] main.INFO: Product page rendered from cache {"cache_hit":true} []
[2026-06-28 00:59:59] main.WARNING: Redis connection pool near capacity {"used":85,"max":100} []
[2026-06-28 00:59:59] main.WARNING: Cron schedule missed {"job":"sales_clean_quotes","delay_sec":180} []
[2026-06-28 00:59:59] main.INFO: Order placed successfully {"payment_method":"checkmo"} []
[2026-06-28 00:59:59] main.INFO: Cache cleaned successfully {"cache_type":"full_page"} []
[2026-06-28 00:59:59] main.INFO: Product page rendered from cache {"cache_hit":true} []
[2026-06-28 00:59:59] main.INFO: Order placed successfully {"payment_method":"checkmo"} []
[2026-06-28 00:59:59] main.WARNING: Cache backend response slow {"duration_ms":420,"cache_type":"full_page"} []
[2026-06-28 00:59:59] main.WARNING: Cron schedule missed {"job":"sales_clean_quotes","delay_sec":180} []
[2026-06-28 00:59:59] main.WARNING: Cache backend response slow {"duration_ms":420,"cache_type":"full_page"} []
[2026-06-28 00:59:59] main.INFO: Order placed successfully {"payment_method":"checkmo"} []
[2026-06-28 00:59:59] main.INFO: Order placed successfully {"payment_method":"checkmo"} []
[2026-06-28 00:59:59] main.INFO: Cache cleaned successfully {"cache_type":"full_page"} []
[2026-06-28 00:59:59] main.INFO: Cache cleaned successfully {"cache_type":"full_page"} []
[2026-06-28 00:59:59] main.WARNING: Cache backend response slow {"duration_ms":420,"cache_type":"full_page"} []
[2026-06-28 00:59:59] main.NOTICE: Cron job completed {"job":"catalog_product_index_price_reindex_all"} []
[2026-06-28 00:59:59] main.INFO: Product page rendered from cache {"cache_hit":true} []
[2026-06-28 00:59:59] main.INFO: Cache cleaned successfully {"cache_type":"full_page"} []
[2026-06-28 01:00:01] main.WARNING: Cache backend response slow {"duration_ms":420,"cache_type":"full_page"} []
[2026-06-28 01:00:02] main.WARNING: Cache backend response slow {"duration_ms":420,"cache_type":"full_page"} []
[2026-06-28 01:00:02] main.WARNING: Cache backend response slow {"duration_ms":420,"cache_type":"full_page"} []
[2026-06-28 01:00:02] main.WARNING: Cron schedule missed {"job":"sales_clean_quotes","delay_sec":180} []
[2026-06-28 01:00:02] main.WARNING: Cron schedule missed {"job":"sales_clean_quotes","delay_sec":180} []
[2026-06-28 01:00:02] main.INFO: Cache cleaned successfully {"cache_type":"full_page"} []
[2026-06-28 01:00:02] main.INFO: Cache cleaned successfully {"cache_type":"full_page"} []
[2026-06-28 01:00:02] main.WARNING: Redis connection pool near capacity {"used":85,"max":100} []
[2026-06-28 01:00:02] main.WARNING: Cache backend response slow {"duration_ms":420,"cache_type":"full_page"} []
[2026-06-28 01:00:02] main.WARNING: Redis connection pool near capacity {"used":85,"max":100} []
[2026-06-28 01:00:02] main.WARNING: Cron schedule missed {"job":"sales_clean_quotes","delay_sec":180} []
[2026-06-28 01:00:02] main.INFO: Order placed successfully {"payment_method":"checkmo"} []
[2026-06-28 01:00:02] main.WARNING: Redis connection pool near capacity {"used":85,"max":100} []
[2026-06-28 01:00:02] main.INFO: Cache cleaned successfully {"cache_type":"full_page"} []
[2026-06-28 01:00:02] main.WARNING: Cache backend response slow {"duration_ms":420,"cache_type":"full_page"} []
[2026-06-28 01:00:02] main.WARNING: Redis connection pool near capacity {"used":85,"max":100} []
[2026-06-28 01:00:02] main.WARNING: Redis connection pool near capacity {"used":85,"max":100} []
[2026-06-28 01:00:02] main.WARNING: Cron schedule missed {"job":"sales_clean_quotes","delay_sec":180} []
[2026-06-28 01:00:02] main.INFO: Order placed successfully {"payment_method":"checkmo"} []
[2026-06-28 01:00:02] main.INFO: Product page rendered from cache {"cache_hit":true} []
[2026-06-28 01:00:04] main.WARNING: Cache backend response slow {"duration_ms":420,"cache_type":"full_page"} []
[2026-06-28 01:00:04] main.WARNING: Cron schedule missed {"job":"sales_clean_quotes","delay_sec":180} []
[2026-06-28 01:00:04] main.NOTICE: Cron job completed {"job":"catalog_product_index_price_reindex_all"} []
[2026-06-28 01:00:04] main.INFO: Product page rendered from cache {"cache_hit":true} []
[2026-06-28 01:00:04] main.WARNING: Cron schedule missed {"job":"sales_clean_quotes","delay_sec":180} []
[2026-06-28 01:00:04] main.INFO: Order placed successfully {"payment_method":"checkmo"} []
[2026-06-28 01:00:04] main.WARNING: Cache backend response slow {"duration_ms":420,"cache_type":"full_page"} []
[2026-06-28 01:00:04] main.WARNING: Cache backend response slow {"duration_ms":420,"cache_type":"full_page"} []
[2026-06-28 01:00:04] main.NOTICE: Cron job completed {"job":"catalog_product_index_price_reindex_all"} []
[2026-06-28 01:00:04] main.WARNING: Cache backend response slow {"duration_ms":420,"cache_type":"full_page"} []
[2026-06-28 01:00:04] main.INFO: Cache cleaned successfully {"cache_type":"full_page"} []
[2026-06-28 01:00:04] main.WARNING: Cache backend response slow {"duration_ms":420,"cache_type":"full_page"} []
[2026-06-28 01:00:04] main.INFO: Cache cleaned successfully {"cache_type":"full_page"} []
[2026-06-28 01:00:04] main.WARNING: Cache backend response slow {"duration_ms":420,"cache_type":"full_page"} []
[2026-06-28 01:00:04] main.INFO: Product page rendered from cache {"cache_hit":true} []
[2026-06-28 01:00:04] main.WARNING: Redis connection pool near capacity {"used":85,"max":100} []
[2026-06-28 01:00:04] main.WARNING: Redis connection pool near capacity {"used":85,"max":100} []
[2026-06-28 01:00:04] main.WARNING: Cron schedule missed {"job":"sales_clean_quotes","delay_sec":180} []
[2026-06-28 01:00:04] main.WARNING: Cron schedule missed {"job":"sales_clean_quotes","delay_sec":180} []
[2026-06-28 01:00:04] main.WARNING: Redis connection pool near capacity {"used":85,"max":100} []
[2026-06-28 01:00:06] main.INFO: Order placed successfully {"payment_method":"checkmo"} []
[2026-06-28 01:00:06] main.WARNING: Redis connection pool near capacity {"used":85,"max":100} []
[2026-06-28 01:00:06] main.INFO: Order placed successfully {"payment_method":"checkmo"} []
[2026-06-28 01:00:06] main.WARNING: Cache backend response slow {"duration_ms":420,"cache_type":"full_page"} []
[2026-06-28 01:00:06] main.INFO: Order placed successfully {"payment_method":"checkmo"} []
[2026-06-28 01:00:06] main.INFO: Order placed successfully {"payment_method":"checkmo"} []
[2026-06-28 01:00:06] main.INFO: Cache cleaned successfully {"cache_type":"full_page"} []
[2026-06-28 01:00:06] main.INFO: Product page rendered from cache {"cache_hit":true} []
[2026-06-28 01:00:06] main.WARNING: Cron schedule missed {"job":"sales_clean_quotes","delay_sec":180} []
[2026-06-28 01:00:06] main.NOTICE: Cron job completed {"job":"catalog_product_index_price_reindex_all"} []
[2026-06-28 01:00:06] main.INFO: Cache cleaned successfully {"cache_type":"full_page"} []
[2026-06-28 01:00:06] main.WARNING: Cache backend response slow {"duration_ms":420,"cache_type":"full_page"} []
[2026-06-28 01:00:06] main.INFO: Customer login successful {"area":"frontend"} []
[2026-06-28 01:00:06] main.INFO: Customer login successful {"area":"frontend"} []
[2026-06-28 01:00:06] main.WARNING: Redis connection pool near capacity {"used":85,"max":100} []
[2026-06-28 01:00:06] main.WARNING: Cron schedule missed {"job":"sales_clean_quotes","delay_sec":180} []
[2026-06-28 01:00:06] main.INFO: Product page rendered from cache {"cache_hit":true} []
[2026-06-28 01:00:06] main.NOTICE: Cron job completed {"job":"catalog_product_index_price_reindex_all"} []
[2026-06-28 01:00:06] main.INFO: Customer login successful {"area":"frontend"} []
[2026-06-28 01:00:06] main.INFO: Cache cleaned successfully {"cache_type":"full_page"} []
[2026-06-28 01:00:09] main.WARNING: Cron schedule missed {"job":"sales_clean_quotes","delay_sec":180} []
[2026-06-28 01:00:09] main.WARNING: Cache backend response slow {"duration_ms":420,"cache_type":"full_page"} []
[2026-06-28 01:00:09] main.INFO: Customer login successful {"area":"frontend"} []
[2026-06-28 01:00:09] main.INFO: Product page rendered from cache {"cache_hit":true} []
[2026-06-28 01:00:09] main.WARNING: Cron schedule missed {"job":"sales_clean_quotes","delay_sec":180} []
[2026-06-28 01:00:09] main.INFO: Cache cleaned successfully {"cache_type":"full_page"} []
[2026-06-28 01:00:09] main.INFO: Order placed successfully {"payment_method":"checkmo"} []
[2026-06-28 01:00:09] main.WARNING: Redis connection pool near capacity {"used":85,"max":100} []
[2026-06-28 01:00:09] main.WARNING: Cron schedule missed {"job":"sales_clean_quotes","delay_sec":180} []
[2026-06-28 01:00:09] main.WARNING: Redis connection pool near capacity {"used":85,"max":100} []
[2026-06-28 01:00:09] main.WARNING: Cron schedule missed {"job":"sales_clean_quotes","delay_sec":180} []
[2026-06-28 01:00:09] main.WARNING: Cron schedule missed {"job":"sales_clean_quotes","delay_sec":180} []
[2026-06-28 01:00:09] main.INFO: Cache cleaned successfully {"cache_type":"full_page"} []
[2026-06-28 01:00:09] main.NOTICE: Cron job completed {"job":"catalog_product_index_price_reindex_all"} []
[2026-06-28 01:00:09] main.INFO: Product page rendered from cache {"cache_hit":true} []
[2026-06-28 01:00:09] main.WARNING: Redis connection pool near capacity {"used":85,"max":100} []
[2026-06-28 01:00:09] main.INFO: Order placed successfully {"payment_method":"checkmo"} []
[2026-06-28 01:00:09] main.WARNING: Cache backend response slow {"duration_ms":420,"cache_type":"full_page"} []
[2026-06-28 01:00:09] main.INFO: Cache cleaned successfully {"cache_type":"full_page"} []
[2026-06-28 01:00:09] main.INFO: Product page rendered from cache {"cache_hit":true} []
[2026-06-28 01:00:11] main.INFO: Customer login successful {"area":"frontend"} []
[2026-06-28 01:00:11] main.INFO: Product page rendered from cache {"cache_hit":true} []
[2026-06-28 01:00:11] main.WARNING: Redis connection pool near capacity {"used":85,"max":100} []
[2026-06-28 01:00:11] main.INFO: Order placed successfully {"payment_method":"checkmo"} []
[2026-06-28 01:00:11] main.INFO: Customer login successful {"area":"frontend"} []
[2026-06-28 01:00:11] main.WARNING: Cache backend response slow {"duration_ms":420,"cache_type":"full_page"} []
[2026-06-28 01:00:11] main.WARNING: Redis connection pool near capacity {"used":85,"max":100} []
[2026-06-28 01:00:11] main.WARNING: Cache backend response slow {"duration_ms":420,"cache_type":"full_page"} []
[2026-06-28 01:00:11] main.WARNING: Cache backend response slow {"duration_ms":420,"cache_type":"full_page"} []
[2026-06-28 01:00:11] main.WARNING: Cron schedule missed {"job":"sales_clean_quotes","delay_sec":180} []
[2026-06-28 01:00:11] main.INFO: Order placed successfully {"payment_method":"checkmo"} []
[2026-06-28 01:00:11] main.WARNING: Cron schedule missed {"job":"sales_clean_quotes","delay_sec":180} []
[2026-06-28 01:00:11] main.WARNING: Cron schedule missed {"job":"sales_clean_quotes","delay_sec":180} []
[2026-06-28 01:00:11] main.WARNING: Cron schedule missed {"job":"sales_clean_quotes","delay_sec":180} []
[2026-06-28 01:00:11] main.WARNING: Cron schedule missed {"job":"sales_clean_quotes","delay_sec":180} []
[2026-06-28 01:00:11] main.WARNING: Redis connection pool near capacity {"used":85,"max":100} []
[2026-06-28 01:00:11] main.INFO: Cache cleaned successfully {"cache_type":"full_page"} []
[2026-06-28 01:00:11] main.INFO: Product page rendered from cache {"cache_hit":true} []
[2026-06-28 01:00:11] main.INFO: Product page rendered from cache {"cache_hit":true} []
[2026-06-28 01:00:11] main.WARNING: Redis connection pool near capacity {"used":85,"max":100} []
[2026-06-28 01:00:13] main.INFO: Order placed successfully {"payment_method":"checkmo"} []
[2026-06-28 01:00:13] main.WARNING: Cron schedule missed {"job":"sales_clean_quotes","delay_sec":180} []
[2026-06-28 01:00:13] main.WARNING: Cron schedule missed {"job":"sales_clean_quotes","delay_sec":180} []
[2026-06-28 01:00:13] main.INFO: Product page rendered from cache {"cache_hit":true} []
[2026-06-28 01:00:13] main.NOTICE: Cron job completed {"job":"catalog_product_index_price_reindex_all"} []
[2026-06-28 01:00:13] main.WARNING: Redis connection pool near capacity {"used":85,"max":100} []
[2026-06-28 01:00:14] main.INFO: Order placed successfully {"payment_method":"checkmo"} []
[2026-06-28 01:00:14] main.WARNING: Cron schedule missed {"job":"sales_clean_quotes","delay_sec":180} []
[2026-06-28 01:00:14] main.INFO: Customer login successful {"area":"frontend"} []
[2026-06-28 01:00:14] main.INFO: Customer login successful {"area":"frontend"} []
[2026-06-28 01:00:14] main.INFO: Cache cleaned successfully {"cache_type":"full_page"} []
[2026-06-28 01:00:14] main.INFO: Customer login successful {"area":"frontend"} []
[2026-06-28 01:00:14] main.WARNING: Cron schedule missed {"job":"sales_clean_quotes","delay_sec":180} []
[2026-06-28 01:00:14] main.INFO: Customer login successful {"area":"frontend"} []
[2026-06-28 01:00:14] main.INFO: Cache cleaned successfully {"cache_type":"full_page"} []
[2026-06-28 01:00:14] main.NOTICE: Cron job completed {"job":"catalog_product_index_price_reindex_all"} []
[2026-06-28 01:00:14] main.INFO: Customer login successful {"area":"frontend"} []
[2026-06-28 01:00:14] main.WARNING: Cache backend response slow {"duration_ms":420,"cache_type":"full_page"} []
[2026-06-28 01:00:14] main.WARNING: Cron schedule missed {"job":"sales_clean_quotes","delay_sec":180} []
[2026-06-28 01:00:14] main.INFO: Order placed successfully {"payment_method":"checkmo"} []
[2026-06-28 01:00:16] main.WARNING: Cron schedule missed {"job":"sales_clean_quotes","delay_sec":180} []
[2026-06-28 01:00:16] main.INFO: Order placed successfully {"payment_method":"checkmo"} []
[2026-06-28 01:00:16] main.INFO: Order placed successfully {"payment_method":"checkmo"} []
[2026-06-28 01:00:16] main.NOTICE: Cron job completed {"job":"catalog_product_index_price_reindex_all"} []
[2026-06-28 01:00:16] main.WARNING: Cron schedule missed {"job":"sales_clean_quotes","delay_sec":180} []
[2026-06-28 01:00:16] main.INFO: Customer login successful {"area":"frontend"} []
[2026-06-28 01:00:16] main.WARNING: Redis connection pool near capacity {"used":85,"max":100} []
[2026-06-28 01:00:16] main.WARNING: Cron schedule missed {"job":"sales_clean_quotes","delay_sec":180} []
[2026-06-28 01:00:16] main.INFO: Cache cleaned successfully {"cache_type":"full_page"} []
[2026-06-28 01:00:16] main.INFO: Order placed successfully {"payment_method":"checkmo"} []
[2026-06-28 01:00:16] main.WARNING: Cron schedule missed {"job":"sales_clean_quotes","delay_sec":180} []
[2026-06-28 01:00:16] main.WARNING: Cache backend response slow {"duration_ms":420,"cache_type":"full_page"} []
[2026-06-28 01:00:16] main.WARNING: Cache backend response slow {"duration_ms":420,"cache_type":"full_page"} []
[2026-06-28 01:00:16] main.WARNING: Cron schedule missed {"job":"sales_clean_quotes","delay_sec":180} []
[2026-06-28 01:00:16] main.WARNING: Redis connection pool near capacity {"used":85,"max":100} []
[2026-06-28 01:00:16] main.WARNING: Cron schedule missed {"job":"sales_clean_quotes","delay_sec":180} []
[2026-06-28 01:00:16] main.INFO: Order placed successfully {"payment_method":"checkmo"} []
[2026-06-28 01:00:16] main.WARNING: Cache backend response slow {"duration_ms":420,"cache_type":"full_page"} []
[2026-06-28 01:00:16] main.WARNING: Cron schedule missed {"job":"sales_clean_quotes","delay_sec":180} []
[2026-06-28 01:00:16] main.INFO: Order placed successfully {"payment_method":"checkmo"} []
[2026-06-28 01:00:18] main.WARNING: Redis connection pool near capacity {"used":85,"max":100} []
[2026-06-28 01:00:18] main.INFO: Cache cleaned successfully {"cache_type":"full_page"} []
[2026-06-28 01:00:18] main.INFO: Cache cleaned successfully {"cache_type":"full_page"} []
[2026-06-28 01:00:18] main.INFO: Product page rendered from cache {"cache_hit":true} []
[2026-06-28 01:00:18] main.WARNING: Cache backend response slow {"duration_ms":420,"cache_type":"full_page"} []
[2026-06-28 01:00:18] main.WARNING: Cron schedule missed {"job":"sales_clean_quotes","delay_sec":180} []
[2026-06-28 01:00:18] main.INFO: Customer login successful {"area":"frontend"} []
[2026-06-28 01:00:18] main.INFO: Product page rendered from cache {"cache_hit":true} []
[2026-06-28 01:00:18] main.WARNING: Cache backend response slow {"duration_ms":420,"cache_type":"full_page"} []
[2026-06-28 01:00:18] main.WARNING: Redis connection pool near capacity {"used":85,"max":100} []
[2026-06-28 01:00:18] main.WARNING: Cache backend response slow {"duration_ms":420,"cache_type":"full_page"} []
[2026-06-28 01:00:18] main.INFO: Product page rendered from cache {"cache_hit":true} []
[2026-06-28 01:00:18] main.INFO: Product page rendered from cache {"cache_hit":true} []
[2026-06-28 01:00:18] main.INFO: Order placed successfully {"payment_method":"checkmo"} []
[2026-06-28 01:00:18] main.WARNING: Cache backend response slow {"duration_ms":420,"cache_type":"full_page"} []
[2026-06-28 01:00:18] main.INFO: Customer login successful {"area":"frontend"} []
[2026-06-28 01:00:18] main.WARNING: Cron schedule missed {"job":"sales_clean_quotes","delay_sec":180} []
[2026-06-28 01:00:18] main.WARNING: Cron schedule missed {"job":"sales_clean_quotes","delay_sec":180} []
[2026-06-28 01:00:18] main.WARNING: Cache backend response slow {"duration_ms":420,"cache_type":"full_page"} []
[2026-06-28 01:00:18] main.INFO: Customer login successful {"area":"frontend"} []
[2026-06-28 01:00:20] main.NOTICE: Cron job completed {"job":"catalog_product_index_price_reindex_all"} []
[2026-06-28 01:00:20] main.INFO: Customer login successful {"area":"frontend"} []
[2026-06-28 01:00:20] main.INFO: Customer login successful {"area":"frontend"} []
[2026-06-28 01:00:20] main.INFO: Cache cleaned successfully {"cache_type":"full_page"} []
[2026-06-28 01:00:20] main.WARNING: Redis connection pool near capacity {"used":85,"max":100} []
[2026-06-28 01:00:21] main.WARNING: Redis connection pool near capacity {"used":85,"max":100} []
[2026-06-28 01:00:21] main.WARNING: Cache backend response slow {"duration_ms":420,"cache_type":"full_page"} []
[2026-06-28 01:00:21] main.NOTICE: Cron job completed {"job":"catalog_product_index_price_reindex_all"} []
[2026-06-28 01:00:21] main.INFO: Cache cleaned successfully {"cache_type":"full_page"} []
[2026-06-28 01:00:21] main.WARNING: Cache backend response slow {"duration_ms":420,"cache_type":"full_page"} []
[2026-06-28 01:00:21] main.INFO: Product page rendered from cache {"cache_hit":true} []
[2026-06-28 01:00:21] main.WARNING: Cache backend response slow {"duration_ms":420,"cache_type":"full_page"} []
[2026-06-28 01:00:21] main.WARNING: Cron schedule missed {"job":"sales_clean_quotes","delay_sec":180} []
[2026-06-28 01:00:21] main.WARNING: Redis connection pool near capacity {"used":85,"max":100} []
[2026-06-28 01:00:21] main.WARNING: Cron schedule missed {"job":"sales_clean_quotes","delay_sec":180} []
[2026-06-28 01:00:21] main.WARNING: Redis connection pool near capacity {"used":85,"max":100} []
[2026-06-28 01:00:21] main.WARNING: Redis connection pool near capacity {"used":85,"max":100} []
[2026-06-28 01:00:21] main.INFO: Order placed successfully {"payment_method":"checkmo"} []
[2026-06-28 01:00:21] main.INFO: Order placed successfully {"payment_method":"checkmo"} []
[2026-06-28 01:00:21] main.WARNING: Redis connection pool near capacity {"used":85,"max":100} []
[2026-06-28 01:00:23] main.WARNING: Cron schedule missed {"job":"sales_clean_quotes","delay_sec":180} []
[2026-06-28 01:00:23] main.WARNING: Redis connection pool near capacity {"used":85,"max":100} []
[2026-06-28 01:00:23] main.NOTICE: Cron job completed {"job":"catalog_product_index_price_reindex_all"} []
[2026-06-28 01:00:23] main.INFO: Customer login successful {"area":"frontend"} []
[2026-06-28 01:00:23] main.INFO: Product page rendered from cache {"cache_hit":true} []
[2026-06-28 01:00:23] main.INFO: Cache cleaned successfully {"cache_type":"full_page"} []
[2026-06-28 01:00:23] main.NOTICE: Cron job completed {"job":"catalog_product_index_price_reindex_all"} []
[2026-06-28 01:00:23] main.INFO: Product page rendered from cache {"cache_hit":true} []
[2026-06-28 01:00:23] main.INFO: Cache cleaned successfully {"cache_type":"full_page"} []
[2026-06-28 01:00:23] main.NOTICE: Cron job completed {"job":"catalog_product_index_price_reindex_all"} []
[2026-06-28 01:00:23] main.NOTICE: Cron job completed {"job":"catalog_product_index_price_reindex_all"} []
[2026-06-28 01:00:23] main.WARNING: Cron schedule missed {"job":"sales_clean_quotes","delay_sec":180} []
[2026-06-28 01:00:23] main.WARNING: Redis connection pool near capacity {"used":85,"max":100} []
[2026-06-28 01:00:23] main.WARNING: Cache backend response slow {"duration_ms":420,"cache_type":"full_page"} []
[2026-06-28 01:00:23] main.NOTICE: Cron job completed {"job":"catalog_product_index_price_reindex_all"} []
[2026-06-28 01:00:23] main.INFO: Product page rendered from cache {"cache_hit":true} []
[2026-06-28 01:00:23] main.WARNING: Redis connection pool near capacity {"used":85,"max":100} []
[2026-06-28 01:00:23] main.INFO: Customer login successful {"area":"frontend"} []
[2026-06-28 01:00:23] main.INFO: Order placed successfully {"payment_method":"checkmo"} []
[2026-06-28 01:00:23] main.WARNING: Cron schedule missed {"job":"sales_clean_quotes","delay_sec":180} []
[2026-06-28 01:00:25] main.WARNING: Cache backend response slow {"duration_ms":420,"cache_type":"full_page"} []
[2026-06-28 01:00:25] main.WARNING: Cache backend response slow {"duration_ms":420,"cache_type":"full_page"} []
[2026-06-28 01:00:25] main.INFO: Customer login successful {"area":"frontend"} []
[2026-06-28 01:00:25] main.WARNING: Cron schedule missed {"job":"sales_clean_quotes","delay_sec":180} []
[2026-06-28 01:00:25] main.NOTICE: Cron job completed {"job":"catalog_product_index_price_reindex_all"} []
[2026-06-28 01:00:25] main.INFO: Product page rendered from cache {"cache_hit":true} []
[2026-06-28 01:00:25] main.INFO: Product page rendered from cache {"cache_hit":true} []
[2026-06-28 01:00:25] main.NOTICE: Cron job completed {"job":"catalog_product_index_price_reindex_all"} []
[2026-06-28 01:00:25] main.INFO: Order placed successfully {"payment_method":"checkmo"} []
[2026-06-28 01:00:25] main.INFO: Order placed successfully {"payment_method":"checkmo"} []
[2026-06-28 01:00:25] main.INFO: Customer login successful {"area":"frontend"} []
[2026-06-28 01:00:25] main.INFO: Customer login successful {"area":"frontend"} []
[2026-06-28 01:00:25] main.WARNING: Cache backend response slow {"duration_ms":420,"cache_type":"full_page"} []
[2026-06-28 01:00:25] main.WARNING: Redis connection pool near capacity {"used":85,"max":100} []
[2026-06-28 01:00:25] main.WARNING: Redis connection pool near capacity {"used":85,"max":100} []
[2026-06-28 01:00:25] main.WARNING: Redis connection pool near capacity {"used":85,"max":100} []
[2026-06-28 01:00:25] main.INFO: Customer login successful {"area":"frontend"} []
[2026-06-28 01:00:25] main.WARNING: Redis connection pool near capacity {"used":85,"max":100} []
[2026-06-28 01:00:25] main.INFO: Order placed successfully {"payment_method":"checkmo"} []
[2026-06-28 01:00:25] main.INFO: Order placed successfully {"payment_method":"checkmo"} []
[2026-06-28 01:00:27] main.WARNING: Redis connection pool near capacity {"used":85,"max":100} []
[2026-06-28 01:00:28] main.INFO: Cache cleaned successfully {"cache_type":"full_page"} []
[2026-06-28 01:00:28] main.INFO: Order placed successfully {"payment_method":"checkmo"} []
[2026-06-28 01:00:28] main.INFO: Customer login successful {"area":"frontend"} []
[2026-06-28 01:00:28] main.WARNING: Cache backend response slow {"duration_ms":420,"cache_type":"full_page"} []
[2026-06-28 01:00:28] main.INFO: Cache cleaned successfully {"cache_type":"full_page"} []
[2026-06-28 01:00:28] main.INFO: Customer login successful {"area":"frontend"} []
[2026-06-28 01:00:28] main.WARNING: Cache backend response slow {"duration_ms":420,"cache_type":"full_page"} []
[2026-06-28 01:00:28] main.INFO: Cache cleaned successfully {"cache_type":"full_page"} []
[2026-06-28 01:00:28] main.INFO: Customer login successful {"area":"frontend"} []
[2026-06-28 01:00:28] main.INFO: Cache cleaned successfully {"cache_type":"full_page"} []
[2026-06-28 01:00:28] main.NOTICE: Cron job completed {"job":"catalog_product_index_price_reindex_all"} []
[2026-06-28 01:00:28] main.NOTICE: Cron job completed {"job":"catalog_product_index_price_reindex_all"} []
[2026-06-28 01:00:28] main.WARNING: Cache backend response slow {"duration_ms":420,"cache_type":"full_page"} []
[2026-06-28 01:00:28] main.INFO: Product page rendered from cache {"cache_hit":true} []
[2026-06-28 01:00:28] main.WARNING: Redis connection pool near capacity {"used":85,"max":100} []
[2026-06-28 01:00:28] main.WARNING: Cache backend response slow {"duration_ms":420,"cache_type":"full_page"} []
[2026-06-28 01:00:28] main.INFO: Customer login successful {"area":"frontend"} []
[2026-06-28 01:00:28] main.WARNING: Redis connection pool near capacity {"used":85,"max":100} []
[2026-06-28 01:00:28] main.INFO: Order placed successfully {"payment_method":"checkmo"} []
[2026-06-28 01:00:30] main.WARNING: Cron schedule missed {"job":"sales_clean_quotes","delay_sec":180} []
[2026-06-28 01:00:30] main.WARNING: Cache backend response slow {"duration_ms":420,"cache_type":"full_page"} []
[2026-06-28 01:00:30] main.NOTICE: Cron job completed {"job":"catalog_product_index_price_reindex_all"} []
[2026-06-28 01:00:30] main.WARNING: Cache backend response slow {"duration_ms":420,"cache_type":"full_page"} []
[2026-06-28 01:00:30] main.INFO: Order placed successfully {"payment_method":"checkmo"} []
[2026-06-28 01:00:30] main.WARNING: Cache backend response slow {"duration_ms":420,"cache_type":"full_page"} []
[2026-06-28 01:00:30] main.WARNING: Redis connection pool near capacity {"used":85,"max":100} []
[2026-06-28 01:00:30] main.INFO: Order placed successfully {"payment_method":"checkmo"} []
[2026-06-28 01:00:30] main.INFO: Product page rendered from cache {"cache_hit":true} []
[2026-06-28 01:00:30] main.WARNING: Cron schedule missed {"job":"sales_clean_quotes","delay_sec":180} []
[2026-06-28 01:00:30] main.WARNING: Cron schedule missed {"job":"sales_clean_quotes","delay_sec":180} []
[2026-06-28 01:00:30] main.INFO: Product page rendered from cache {"cache_hit":true} []
[2026-06-28 01:00:30] main.NOTICE: Cron job completed {"job":"catalog_product_index_price_reindex_all"} []
[2026-06-28 01:00:30] main.INFO: Cache cleaned successfully {"cache_type":"full_page"} []
[2026-06-28 01:00:30] main.WARNING: Redis connection pool near capacity {"used":85,"max":100} []
[2026-06-28 01:00:30] main.WARNING: Cron schedule missed {"job":"sales_clean_quotes","delay_sec":180} []
[2026-06-28 01:00:30] main.INFO: Cache cleaned successfully {"cache_type":"full_page"} []
[2026-06-28 01:00:30] main.WARNING: Cron schedule missed {"job":"sales_clean_quotes","delay_sec":180} []
[2026-06-28 01:00:30] main.INFO: Product page rendered from cache {"cache_hit":true} []
[2026-06-28 01:00:30] main.WARNING: Cron schedule missed {"job":"sales_clean_quotes","delay_sec":180} []
[2026-06-28 01:00:32] main.INFO: Cache cleaned successfully {"cache_type":"full_page"} []
[2026-06-28 01:00:32] main.WARNING: Cron schedule missed {"job":"sales_clean_quotes","delay_sec":180} []
[2026-06-28 01:00:32] main.INFO: Customer login successful {"area":"frontend"} []
[2026-06-28 01:00:32] main.WARNING: Redis connection pool near capacity {"used":85,"max":100} []
[2026-06-28 01:00:32] main.INFO: Cache cleaned successfully {"cache_type":"full_page"} []
[2026-06-28 01:00:32] main.INFO: Product page rendered from cache {"cache_hit":true} []
[2026-06-28 01:00:32] main.WARNING: Redis connection pool near capacity {"used":85,"max":100} []
[2026-06-28 01:00:32] main.WARNING: Redis connection pool near capacity {"used":85,"max":100} []
[2026-06-28 01:00:32] main.INFO: Order placed successfully {"payment_method":"checkmo"} []
[2026-06-28 01:00:32] main.INFO: Product page rendered from cache {"cache_hit":true} []
[2026-06-28 01:00:32] main.WARNING: Cron schedule missed {"job":"sales_clean_quotes","delay_sec":180} []
[2026-06-28 01:00:32] main.NOTICE: Cron job completed {"job":"catalog_product_index_price_reindex_all"} []
[2026-06-28 01:00:32] main.WARNING: Cron schedule missed {"job":"sales_clean_quotes","delay_sec":180} []
[2026-06-28 01:00:32] main.INFO: Cache cleaned successfully {"cache_type":"full_page"} []
[2026-06-28 01:00:32] main.WARNING: Cron schedule missed {"job":"sales_clean_quotes","delay_sec":180} []
[2026-06-28 01:00:32] main.WARNING: Redis connection pool near capacity {"used":85,"max":100} []
[2026-06-28 01:00:32] main.NOTICE: Cron job completed {"job":"catalog_product_index_price_reindex_all"} []
[2026-06-28 01:00:32] main.WARNING: Cron schedule missed {"job":"sales_clean_quotes","delay_sec":180} []
[2026-06-28 01:00:32] main.WARNING: Redis connection pool near capacity {"used":85,"max":100} []
[2026-06-28 01:00:32] main.INFO: Product page rendered from cache {"cache_hit":true} []
[2026-06-28 01:00:35] main.INFO: Cache cleaned successfully {"cache_type":"full_page"} []
[2026-06-28 01:00:35] main.INFO: Product page rendered from cache {"cache_hit":true} []
[2026-06-28 01:00:35] main.WARNING: Cron schedule missed {"job":"sales_clean_quotes","delay_sec":180} []
[2026-06-28 01:00:35] main.WARNING: Redis connection pool near capacity {"used":85,"max":100} []
[2026-06-28 01:00:35] main.WARNING: Cron schedule missed {"job":"sales_clean_quotes","delay_sec":180} []
[2026-06-28 01:00:35] main.WARNING: Redis connection pool near capacity {"used":85,"max":100} []
[2026-06-28 01:00:35] main.WARNING: Cache backend response slow {"duration_ms":420,"cache_type":"full_page"} []
[2026-06-28 01:00:35] main.INFO: Customer login successful {"area":"frontend"} []
[2026-06-28 01:00:35] main.INFO: Product page rendered from cache {"cache_hit":true} []
[2026-06-28 01:00:35] main.WARNING: Cache backend response slow {"duration_ms":420,"cache_type":"full_page"} []
[2026-06-28 01:00:35] main.INFO: Order placed successfully {"payment_method":"checkmo"} []
[2026-06-28 01:00:35] main.WARNING: Cache backend response slow {"duration_ms":420,"cache_type":"full_page"} []
[2026-06-28 01:00:35] main.INFO: Order placed successfully {"payment_method":"checkmo"} []
[2026-06-28 01:00:35] main.INFO: Product page rendered from cache {"cache_hit":true} []
[2026-06-28 01:00:35] main.WARNING: Redis connection pool near capacity {"used":85,"max":100} []
[2026-06-28 01:00:35] main.WARNING: Redis connection pool near capacity {"used":85,"max":100} []
[2026-06-28 01:00:35] main.WARNING: Cache backend response slow {"duration_ms":420,"cache_type":"full_page"} []
[2026-06-28 01:00:35] main.WARNING: Cache backend response slow {"duration_ms":420,"cache_type":"full_page"} []
[2026-06-28 01:00:35] main.INFO: Product page rendered from cache {"cache_hit":true} []
[2026-06-28 01:00:35] main.INFO: Customer login successful {"area":"frontend"} []
[2026-06-28 01:00:37] main.WARNING: Cache backend response slow {"duration_ms":420,"cache_type":"full_page"} []
[2026-06-28 01:00:37] main.NOTICE: Cron job completed {"job":"catalog_product_index_price_reindex_all"} []
[2026-06-28 01:00:37] main.WARNING: Cache backend response slow {"duration_ms":420,"cache_type":"full_page"} []
[2026-06-28 01:00:37] main.WARNING: Redis connection pool near capacity {"used":85,"max":100} []
[2026-06-28 01:00:37] main.NOTICE: Cron job completed {"job":"catalog_product_index_price_reindex_all"} []
[2026-06-28 01:00:37] main.WARNING: Cron schedule missed {"job":"sales_clean_quotes","delay_sec":180} []
[2026-06-28 01:00:37] main.WARNING: Cache backend response slow {"duration_ms":420,"cache_type":"full_page"} []
[2026-06-28 01:00:37] main.WARNING: Cron schedule missed {"job":"sales_clean_quotes","delay_sec":180} []
[2026-06-28 01:00:37] main.WARNING: Cron schedule missed {"job":"sales_clean_quotes","delay_sec":180} []
[2026-06-28 01:00:37] main.WARNING: Cron schedule missed {"job":"sales_clean_quotes","delay_sec":180} []
[2026-06-28 01:00:37] main.WARNING: Cron schedule missed {"job":"sales_clean_quotes","delay_sec":180} []
[2026-06-28 01:00:37] main.WARNING: Redis connection pool near capacity {"used":85,"max":100} []
[2026-06-28 01:00:37] main.WARNING: Cron schedule missed {"job":"sales_clean_quotes","delay_sec":180} []
[2026-06-28 01:00:37] main.NOTICE: Cron job completed {"job":"catalog_product_index_price_reindex_all"} []
[2026-06-28 01:00:37] main.WARNING: Cron schedule missed {"job":"sales_clean_quotes","delay_sec":180} []
[2026-06-28 01:00:37] main.WARNING: Redis connection pool near capacity {"used":85,"max":100} []
[2026-06-28 01:00:37] main.NOTICE: Cron job completed {"job":"catalog_product_index_price_reindex_all"} []
[2026-06-28 01:00:37] main.INFO: Order placed successfully {"payment_method":"checkmo"} []
[2026-06-28 01:00:37] main.INFO: Cache cleaned successfully {"cache_type":"full_page"} []
[2026-06-28 01:00:37] main.INFO: Order placed successfully {"payment_method":"checkmo"} []
[2026-06-28 01:00:39] main.INFO: Customer login successful {"area":"frontend"} []
[2026-06-28 01:00:39] main.WARNING: Cron schedule missed {"job":"sales_clean_quotes","delay_sec":180} []
[2026-06-28 01:00:39] main.INFO: Cache cleaned successfully {"cache_type":"full_page"} []
[2026-06-28 01:00:39] main.NOTICE: Cron job completed {"job":"catalog_product_index_price_reindex_all"} []
[2026-06-28 01:00:39] main.INFO: Cache cleaned successfully {"cache_type":"full_page"} []
[2026-06-28 01:00:39] main.WARNING: Redis connection pool near capacity {"used":85,"max":100} []
[2026-06-28 01:00:39] main.INFO: Product page rendered from cache {"cache_hit":true} []
[2026-06-28 01:00:40] main.INFO: Product page rendered from cache {"cache_hit":true} []
[2026-06-28 01:00:40] main.WARNING: Redis connection pool near capacity {"used":85,"max":100} []
[2026-06-28 01:00:40] main.INFO: Order placed successfully {"payment_method":"checkmo"} []
[2026-06-28 01:00:40] main.NOTICE: Cron job completed {"job":"catalog_product_index_price_reindex_all"} []
[2026-06-28 01:00:40] main.WARNING: Redis connection pool near capacity {"used":85,"max":100} []
[2026-06-28 01:00:40] main.WARNING: Redis connection pool near capacity {"used":85,"max":100} []
[2026-06-28 01:00:40] main.WARNING: Cron schedule missed {"job":"sales_clean_quotes","delay_sec":180} []
[2026-06-28 01:00:40] main.INFO: Order placed successfully {"payment_method":"checkmo"} []
[2026-06-28 01:00:40] main.WARNING: Cron schedule missed {"job":"sales_clean_quotes","delay_sec":180} []
[2026-06-28 01:00:40] main.INFO: Order placed successfully {"payment_method":"checkmo"} []
[2026-06-28 01:00:40] main.INFO: Cache cleaned successfully {"cache_type":"full_page"} []
[2026-06-28 01:00:40] main.INFO: Order placed successfully {"payment_method":"checkmo"} []
[2026-06-28 01:00:40] main.INFO: Product page rendered from cache {"cache_hit":true} []
[2026-06-28 01:00:42] main.INFO: Product page rendered from cache {"cache_hit":true} []
[2026-06-28 01:00:42] main.WARNING: Redis connection pool near capacity {"used":85,"max":100} []
[2026-06-28 01:00:42] main.WARNING: Cron schedule missed {"job":"sales_clean_quotes","delay_sec":180} []
[2026-06-28 01:00:42] main.WARNING: Cache backend response slow {"duration_ms":420,"cache_type":"full_page"} []
[2026-06-28 01:00:42] main.INFO: Product page rendered from cache {"cache_hit":true} []
[2026-06-28 01:00:42] main.WARNING: Redis connection pool near capacity {"used":85,"max":100} []
[2026-06-28 01:00:42] main.INFO: Cache cleaned successfully {"cache_type":"full_page"} []
[2026-06-28 01:00:42] main.WARNING: Cache backend response slow {"duration_ms":420,"cache_type":"full_page"} []
[2026-06-28 01:00:42] main.WARNING: Cron schedule missed {"job":"sales_clean_quotes","delay_sec":180} []
[2026-06-28 01:00:42] main.INFO: Product page rendered from cache {"cache_hit":true} []
[2026-06-28 01:00:42] main.WARNING: Cache backend response slow {"duration_ms":420,"cache_type":"full_page"} []
[2026-06-28 01:00:42] main.WARNING: Redis connection pool near capacity {"used":85,"max":100} []
[2026-06-28 01:00:42] main.WARNING: Redis connection pool near capacity {"used":85,"max":100} []
[2026-06-28 01:00:42] main.WARNING: Redis connection pool near capacity {"used":85,"max":100} []
[2026-06-28 01:00:42] main.INFO: Order placed successfully {"payment_method":"checkmo"} []
[2026-06-28 01:00:42] main.WARNING: Cache backend response slow {"duration_ms":420,"cache_type":"full_page"} []
[2026-06-28 01:00:42] main.NOTICE: Cron job completed {"job":"catalog_product_index_price_reindex_all"} []
[2026-06-28 01:00:42] main.INFO: Product page rendered from cache {"cache_hit":true} []
[2026-06-28 01:00:42] main.WARNING: Cache backend response slow {"duration_ms":420,"cache_type":"full_page"} []
[2026-06-28 01:00:42] main.WARNING: Cache backend response slow {"duration_ms":420,"cache_type":"full_page"} []
[2026-06-28 01:00:44] main.INFO: Customer login successful {"area":"frontend"} []
[2026-06-28 01:00:44] main.INFO: Product page rendered from cache {"cache_hit":true} []
[2026-06-28 01:00:44] main.NOTICE: Cron job completed {"job":"catalog_product_index_price_reindex_all"} []
[2026-06-28 01:00:44] main.NOTICE: Cron job completed {"job":"catalog_product_index_price_reindex_all"} []
[2026-06-28 01:00:44] main.WARNING: Cache backend response slow {"duration_ms":420,"cache_type":"full_page"} []
[2026-06-28 01:00:44] main.WARNING: Redis connection pool near capacity {"used":85,"max":100} []
[2026-06-28 01:00:44] main.WARNING: Cache backend response slow {"duration_ms":420,"cache_type":"full_page"} []
[2026-06-28 01:00:44] main.WARNING: Cron schedule missed {"job":"sales_clean_quotes","delay_sec":180} []
[2026-06-28 01:00:44] main.INFO: Order placed successfully {"payment_method":"checkmo"} []
[2026-06-28 01:00:44] main.WARNING: Redis connection pool near capacity {"used":85,"max":100} []
[2026-06-28 01:00:44] main.WARNING: Cache backend response slow {"duration_ms":420,"cache_type":"full_page"} []
[2026-06-28 01:00:44] main.NOTICE: Cron job completed {"job":"catalog_product_index_price_reindex_all"} []
[2026-06-28 01:00:44] main.INFO: Order placed successfully {"payment_method":"checkmo"} []
[2026-06-28 01:00:44] main.INFO: Cache cleaned successfully {"cache_type":"full_page"} []
[2026-06-28 01:00:44] main.WARNING: Cache backend response slow {"duration_ms":420,"cache_type":"full_page"} []
[2026-06-28 01:00:44] main.WARNING: Cron schedule missed {"job":"sales_clean_quotes","delay_sec":180} []
[2026-06-28 01:00:44] main.WARNING: Cron schedule missed {"job":"sales_clean_quotes","delay_sec":180} []
[2026-06-28 01:00:44] main.WARNING: Cron schedule missed {"job":"sales_clean_quotes","delay_sec":180} []
[2026-06-28 01:00:44] main.WARNING: Cache backend response slow {"duration_ms":420,"cache_type":"full_page"} []
[2026-06-28 01:00:44] main.INFO: Order placed successfully {"payment_method":"checkmo"} []
[2026-06-28 01:00:46] main.WARNING: Cache backend response slow {"duration_ms":420,"cache_type":"full_page"} []
[2026-06-28 01:00:46] main.NOTICE: Cron job completed {"job":"catalog_product_index_price_reindex_all"} []
[2026-06-28 01:00:46] main.WARNING: Cache backend response slow {"duration_ms":420,"cache_type":"full_page"} []
[2026-06-28 01:00:46] main.WARNING: Cron schedule missed {"job":"sales_clean_quotes","delay_sec":180} []
[2026-06-28 01:00:46] main.WARNING: Redis connection pool near capacity {"used":85,"max":100} []
[2026-06-28 01:00:47] main.WARNING: Cache backend response slow {"duration_ms":420,"cache_type":"full_page"} []
[2026-06-28 01:00:47] main.WARNING: Redis connection pool near capacity {"used":85,"max":100} []
[2026-06-28 01:00:47] main.WARNING: Cache backend response slow {"duration_ms":420,"cache_type":"full_page"} []
[2026-06-28 01:00:47] main.WARNING: Cron schedule missed {"job":"sales_clean_quotes","delay_sec":180} []
[2026-06-28 01:00:47] main.WARNING: Cron schedule missed {"job":"sales_clean_quotes","delay_sec":180} []
[2026-06-28 01:00:47] main.NOTICE: Cron job completed {"job":"catalog_product_index_price_reindex_all"} []
[2026-06-28 01:00:47] main.INFO: Cache cleaned successfully {"cache_type":"full_page"} []
[2026-06-28 01:00:47] main.INFO: Order placed successfully {"payment_method":"checkmo"} []
[2026-06-28 01:00:47] main.WARNING: Cache backend response slow {"duration_ms":420,"cache_type":"full_page"} []
[2026-06-28 01:00:47] main.WARNING: Cache backend response slow {"duration_ms":420,"cache_type":"full_page"} []
[2026-06-28 01:00:47] main.NOTICE: Cron job completed {"job":"catalog_product_index_price_reindex_all"} []
[2026-06-28 01:00:47] main.INFO: Product page rendered from cache {"cache_hit":true} []
[2026-06-28 01:00:47] main.WARNING: Cache backend response slow {"duration_ms":420,"cache_type":"full_page"} []
[2026-06-28 01:00:47] main.WARNING: Cache backend response slow {"duration_ms":420,"cache_type":"full_page"} []
[2026-06-28 01:00:47] main.INFO: Product page rendered from cache {"cache_hit":true} []
[2026-06-28 01:00:49] main.NOTICE: Cron job completed {"job":"catalog_product_index_price_reindex_all"} []
[2026-06-28 01:00:49] main.WARNING: Cron schedule missed {"job":"sales_clean_quotes","delay_sec":180} []
[2026-06-28 01:00:49] main.WARNING: Redis connection pool near capacity {"used":85,"max":100} []
[2026-06-28 01:00:49] main.WARNING: Cron schedule missed {"job":"sales_clean_quotes","delay_sec":180} []
[2026-06-28 01:00:49] main.INFO: Order placed successfully {"payment_method":"checkmo"} []
[2026-06-28 01:00:49] main.WARNING: Redis connection pool near capacity {"used":85,"max":100} []
[2026-06-28 01:00:49] main.INFO: Cache cleaned successfully {"cache_type":"full_page"} []
[2026-06-28 01:00:49] main.WARNING: Redis connection pool near capacity {"used":85,"max":100} []
[2026-06-28 01:00:49] main.WARNING: Cron schedule missed {"job":"sales_clean_quotes","delay_sec":180} []
[2026-06-28 01:00:49] main.INFO: Order placed successfully {"payment_method":"checkmo"} []
[2026-06-28 01:00:49] main.INFO: Cache cleaned successfully {"cache_type":"full_page"} []
[2026-06-28 01:00:49] main.WARNING: Cache backend response slow {"duration_ms":420,"cache_type":"full_page"} []
[2026-06-28 01:00:49] main.INFO: Cache cleaned successfully {"cache_type":"full_page"} []
[2026-06-28 01:00:49] main.WARNING: Redis connection pool near capacity {"used":85,"max":100} []
[2026-06-28 01:00:49] main.WARNING: Cache backend response slow {"duration_ms":420,"cache_type":"full_page"} []
[2026-06-28 01:00:49] main.INFO: Cache cleaned successfully {"cache_type":"full_page"} []
[2026-06-28 01:00:49] main.INFO: Order placed successfully {"payment_method":"checkmo"} []
[2026-06-28 01:00:49] main.WARNING: Cache backend response slow {"duration_ms":420,"cache_type":"full_page"} []
[2026-06-28 01:00:49] main.INFO: Order placed successfully {"payment_method":"checkmo"} []
[2026-06-28 01:00:49] main.NOTICE: Cron job completed {"job":"catalog_product_index_price_reindex_all"} []
[2026-06-28 01:00:51] main.INFO: Cache cleaned successfully {"cache_type":"full_page"} []
[2026-06-28 01:00:51] main.WARNING: Cache backend response slow {"duration_ms":420,"cache_type":"full_page"} []
[2026-06-28 01:00:51] main.INFO: Customer login successful {"area":"frontend"} []
[2026-06-28 01:00:51] main.INFO: Product page rendered from cache {"cache_hit":true} []
[2026-06-28 01:00:51] main.INFO: Order placed successfully {"payment_method":"checkmo"} []
[2026-06-28 01:00:51] main.INFO: Cache cleaned successfully {"cache_type":"full_page"} []
[2026-06-28 01:00:51] main.WARNING: Cache backend response slow {"duration_ms":420,"cache_type":"full_page"} []
[2026-06-28 01:00:51] main.WARNING: Cache backend response slow {"duration_ms":420,"cache_type":"full_page"} []
[2026-06-28 01:00:51] main.WARNING: Cache backend response slow {"duration_ms":420,"cache_type":"full_page"} []
[2026-06-28 01:00:51] main.WARNING: Cache backend response slow {"duration_ms":420,"cache_type":"full_page"} []
[2026-06-28 01:00:51] main.WARNING: Cron schedule missed {"job":"sales_clean_quotes","delay_sec":180} []
[2026-06-28 01:00:51] main.WARNING: Redis connection pool near capacity {"used":85,"max":100} []
[2026-06-28 01:00:51] main.WARNING: Cron schedule missed {"job":"sales_clean_quotes","delay_sec":180} []
[2026-06-28 01:00:51] main.NOTICE: Cron job completed {"job":"catalog_product_index_price_reindex_all"} []
[2026-06-28 01:00:51] main.INFO: Customer login successful {"area":"frontend"} []
[2026-06-28 01:00:51] main.INFO: Product page rendered from cache {"cache_hit":true} []
[2026-06-28 01:00:51] main.WARNING: Cron schedule missed {"job":"sales_clean_quotes","delay_sec":180} []
[2026-06-28 01:00:51] main.INFO: Order placed successfully {"payment_method":"checkmo"} []
[2026-06-28 01:00:51] main.INFO: Cache cleaned successfully {"cache_type":"full_page"} []
[2026-06-28 01:00:51] main.INFO: Customer login successful {"area":"frontend"} []
[2026-06-28 01:00:54] main.INFO: Product page rendered from cache {"cache_hit":true} []
[2026-06-28 01:00:54] main.INFO: Cache cleaned successfully {"cache_type":"full_page"} []
[2026-06-28 01:00:54] main.NOTICE: Cron job completed {"job":"catalog_product_index_price_reindex_all"} []
[2026-06-28 01:00:54] main.WARNING: Cron schedule missed {"job":"sales_clean_quotes","delay_sec":180} []
[2026-06-28 01:00:54] main.WARNING: Cron schedule missed {"job":"sales_clean_quotes","delay_sec":180} []
[2026-06-28 01:00:54] main.WARNING: Cron schedule missed {"job":"sales_clean_quotes","delay_sec":180} []
[2026-06-28 01:00:54] main.INFO: Customer login successful {"area":"frontend"} []
[2026-06-28 01:00:54] main.INFO: Order placed successfully {"payment_method":"checkmo"} []
[2026-06-28 01:00:54] main.WARNING: Cache backend response slow {"duration_ms":420,"cache_type":"full_page"} []
[2026-06-28 01:00:54] main.INFO: Customer login successful {"area":"frontend"} []
[2026-06-28 01:00:54] main.WARNING: Cache backend response slow {"duration_ms":420,"cache_type":"full_page"} []
[2026-06-28 01:00:54] main.INFO: Product page rendered from cache {"cache_hit":true} []
[2026-06-28 01:00:54] main.INFO: Cache cleaned successfully {"cache_type":"full_page"} []
[2026-06-28 01:00:54] main.INFO: Order placed successfully {"payment_method":"checkmo"} []
[2026-06-28 01:00:54] main.WARNING: Cron schedule missed {"job":"sales_clean_quotes","delay_sec":180} []
[2026-06-28 01:00:54] main.WARNING: Redis connection pool near capacity {"used":85,"max":100} []
[2026-06-28 01:00:54] main.INFO: Order placed successfully {"payment_method":"checkmo"} []
[2026-06-28 01:00:54] main.WARNING: Cache backend response slow {"duration_ms":420,"cache_type":"full_page"} []
[2026-06-28 01:00:54] main.NOTICE: Cron job completed {"job":"catalog_product_index_price_reindex_all"} []
[2026-06-28 01:00:54] main.INFO: Product page rendered from cache {"cache_hit":true} []
[2026-06-28 01:00:56] main.NOTICE: Cron job completed {"job":"catalog_product_index_price_reindex_all"} []
[2026-06-28 01:00:56] main.INFO: Customer login successful {"area":"frontend"} []
[2026-06-28 01:00:56] main.WARNING: Cache backend response slow {"duration_ms":420,"cache_type":"full_page"} []
[2026-06-28 01:00:56] main.NOTICE: Cron job completed {"job":"catalog_product_index_price_reindex_all"} []
[2026-06-28 01:00:56] main.WARNING: Redis connection pool near capacity {"used":85,"max":100} []
[2026-06-28 01:00:56] main.WARNING: Redis connection pool near capacity {"used":85,"max":100} []
[2026-06-28 01:00:56] main.WARNING: Redis connection pool near capacity {"used":85,"max":100} []
[2026-06-28 01:00:56] main.WARNING: Redis connection pool near capacity {"used":85,"max":100} []
[2026-06-28 01:00:56] main.NOTICE: Cron job completed {"job":"catalog_product_index_price_reindex_all"} []
[2026-06-28 01:00:56] main.WARNING: Redis connection pool near capacity {"used":85,"max":100} []
[2026-06-28 01:00:56] main.NOTICE: Cron job completed {"job":"catalog_product_index_price_reindex_all"} []
[2026-06-28 01:00:56] main.NOTICE: Cron job completed {"job":"catalog_product_index_price_reindex_all"} []
[2026-06-28 01:00:56] main.WARNING: Cron schedule missed {"job":"sales_clean_quotes","delay_sec":180} []
[2026-06-28 01:00:56] main.INFO: Customer login successful {"area":"frontend"} []
[2026-06-28 01:00:56] main.INFO: Customer login successful {"area":"frontend"} []
[2026-06-28 01:00:56] main.INFO: Product page rendered from cache {"cache_hit":true} []
[2026-06-28 01:00:56] main.INFO: Customer login successful {"area":"frontend"} []
[2026-06-28 01:00:56] main.WARNING: Cache backend response slow {"duration_ms":420,"cache_type":"full_page"} []
[2026-06-28 01:00:56] main.NOTICE: Cron job completed {"job":"catalog_product_index_price_reindex_all"} []
[2026-06-28 01:00:56] main.WARNING: Redis connection pool near capacity {"used":85,"max":100} []
[2026-06-28 01:00:58] main.WARNING: Redis connection pool near capacity {"used":85,"max":100} []
[2026-06-28 01:00:58] main.INFO: Order placed successfully {"payment_method":"checkmo"} []
[2026-06-28 01:00:58] main.WARNING: Cache backend response slow {"duration_ms":420,"cache_type":"full_page"} []
[2026-06-28 01:00:58] main.INFO: Product page rendered from cache {"cache_hit":true} []
[2026-06-28 01:00:58] main.WARNING: Redis connection pool near capacity {"used":85,"max":100} []
[2026-06-28 01:00:58] main.INFO: Cache cleaned successfully {"cache_type":"full_page"} []
[2026-06-28 01:00:58] main.NOTICE: Cron job completed {"job":"catalog_product_index_price_reindex_all"} []
[2026-06-28 01:00:58] main.INFO: Cache cleaned successfully {"cache_type":"full_page"} []
[2026-06-28 01:00:58] main.INFO: Customer login successful {"area":"frontend"} []
[2026-06-28 01:00:58] main.INFO: Customer login successful {"area":"frontend"} []
[2026-06-28 01:00:58] main.WARNING: Cache backend response slow {"duration_ms":420,"cache_type":"full_page"} []
[2026-06-28 01:00:58] main.WARNING: Redis connection pool near capacity {"used":85,"max":100} []
[2026-06-28 01:00:58] main.INFO: Order placed successfully {"payment_method":"checkmo"} []
[2026-06-28 01:00:58] main.INFO: Cache cleaned successfully {"cache_type":"full_page"} []
[2026-06-28 01:00:58] main.WARNING: Redis connection pool near capacity {"used":85,"max":100} []
[2026-06-28 01:00:58] main.WARNING: Redis connection pool near capacity {"used":85,"max":100} []
[2026-06-28 01:00:59] main.WARNING: Cache backend response slow {"duration_ms":420,"cache_type":"full_page"} []
[2026-06-28 01:00:59] main.INFO: Cache cleaned successfully {"cache_type":"full_page"} []
[2026-06-28 01:00:59] main.WARNING: Redis connection pool near capacity {"used":85,"max":100} []
[2026-06-28 01:00:59] main.INFO: Cache cleaned successfully {"cache_type":"full_page"} []
[2026-06-28 01:01:01] main.WARNING: Cache backend response slow {"duration_ms":420,"cache_type":"full_page"} []
[2026-06-28 01:01:01] main.WARNING: Cron schedule missed {"job":"sales_clean_quotes","delay_sec":180} []
[2026-06-28 01:01:01] main.INFO: Order placed successfully {"payment_method":"checkmo"} []
[2026-06-28 01:01:01] main.WARNING: Cache backend response slow {"duration_ms":420,"cache_type":"full_page"} []
[2026-06-28 01:01:01] main.WARNING: Redis connection pool near capacity {"used":85,"max":100} []
[2026-06-28 01:01:01] main.INFO: Customer login successful {"area":"frontend"} []
[2026-06-28 01:01:01] main.INFO: Order placed successfully {"payment_method":"checkmo"} []
[2026-06-28 01:01:01] main.WARNING: Cron schedule missed {"job":"sales_clean_quotes","delay_sec":180} []
[2026-06-28 01:01:01] main.WARNING: Cron schedule missed {"job":"sales_clean_quotes","delay_sec":180} []
[2026-06-28 01:01:01] main.NOTICE: Cron job completed {"job":"catalog_product_index_price_reindex_all"} []
[2026-06-28 01:01:01] main.WARNING: Cache backend response slow {"duration_ms":420,"cache_type":"full_page"} []
[2026-06-28 01:01:01] main.INFO: Customer login successful {"area":"frontend"} []
[2026-06-28 01:01:01] main.INFO: Order placed successfully {"payment_method":"checkmo"} []
[2026-06-28 01:01:01] main.WARNING: Cache backend response slow {"duration_ms":420,"cache_type":"full_page"} []
[2026-06-28 01:01:01] main.INFO: Cache cleaned successfully {"cache_type":"full_page"} []
[2026-06-28 01:01:01] main.INFO: Product page rendered from cache {"cache_hit":true} []
[2026-06-28 01:01:01] main.INFO: Customer login successful {"area":"frontend"} []
[2026-06-28 01:01:01] main.NOTICE: Cron job completed {"job":"catalog_product_index_price_reindex_all"} []
[2026-06-28 01:01:01] main.WARNING: Cache backend response slow {"duration_ms":420,"cache_type":"full_page"} []
[2026-06-28 01:01:01] main.INFO: Order placed successfully {"payment_method":"checkmo"} []
[2026-06-28 01:01:03] main.NOTICE: Cron job completed {"job":"catalog_product_index_price_reindex_all"} []
[2026-06-28 01:01:03] main.INFO: Cache cleaned successfully {"cache_type":"full_page"} []
[2026-06-28 01:01:03] main.INFO: Order placed successfully {"payment_method":"checkmo"} []
[2026-06-28 01:01:03] main.INFO: Product page rendered from cache {"cache_hit":true} []
[2026-06-28 01:01:03] main.WARNING: Cache backend response slow {"duration_ms":420,"cache_type":"full_page"} []
[2026-06-28 01:01:03] main.NOTICE: Cron job completed {"job":"catalog_product_index_price_reindex_all"} []
[2026-06-28 01:01:03] main.WARNING: Cache backend response slow {"duration_ms":420,"cache_type":"full_page"} []
[2026-06-28 01:01:03] main.INFO: Order placed successfully {"payment_method":"checkmo"} []
[2026-06-28 01:01:03] main.INFO: Order placed successfully {"payment_method":"checkmo"} []
[2026-06-28 01:01:03] main.WARNING: Redis connection pool near capacity {"used":85,"max":100} []
[2026-06-28 01:01:03] main.INFO: Cache cleaned successfully {"cache_type":"full_page"} []
[2026-06-28 01:01:03] main.WARNING: Cron schedule missed {"job":"sales_clean_quotes","delay_sec":180} []
[2026-06-28 01:01:03] main.WARNING: Cache backend response slow {"duration_ms":420,"cache_type":"full_page"} []
[2026-06-28 01:01:03] main.WARNING: Cron schedule missed {"job":"sales_clean_quotes","delay_sec":180} []
[2026-06-28 01:01:03] main.WARNING: Redis connection pool near capacity {"used":85,"max":100} []
[2026-06-28 01:01:03] main.INFO: Cache cleaned successfully {"cache_type":"full_page"} []
[2026-06-28 01:01:03] main.WARNING: Cron schedule missed {"job":"sales_clean_quotes","delay_sec":180} []
[2026-06-28 01:01:03] main.WARNING: Cron schedule missed {"job":"sales_clean_quotes","delay_sec":180} []
[2026-06-28 01:01:03] main.INFO: Product page rendered from cache {"cache_hit":true} []
[2026-06-28 01:01:03] main.WARNING: Cache backend response slow {"duration_ms":420,"cache_type":"full_page"} []
[2026-06-28 01:01:05] main.INFO: Product page rendered from cache {"cache_hit":true} []
[2026-06-28 01:01:05] main.INFO: Cache cleaned successfully {"cache_type":"full_page"} []
[2026-06-28 01:01:05] main.WARNING: Cron schedule missed {"job":"sales_clean_quotes","delay_sec":180} []
[2026-06-28 01:01:05] main.INFO: Order placed successfully {"payment_method":"checkmo"} []
[2026-06-28 01:01:05] main.WARNING: Redis connection pool near capacity {"used":85,"max":100} []
[2026-06-28 01:01:05] main.INFO: Product page rendered from cache {"cache_hit":true} []
[2026-06-28 01:01:05] main.WARNING: Cache backend response slow {"duration_ms":420,"cache_type":"full_page"} []
[2026-06-28 01:01:05] main.WARNING: Cache backend response slow {"duration_ms":420,"cache_type":"full_page"} []
[2026-06-28 01:01:05] main.WARNING: Cron schedule missed {"job":"sales_clean_quotes","delay_sec":180} []
[2026-06-28 01:01:05] main.NOTICE: Cron job completed {"job":"catalog_product_index_price_reindex_all"} []
[2026-06-28 01:01:05] main.WARNING: Cache backend response slow {"duration_ms":420,"cache_type":"full_page"} []
[2026-06-28 01:01:05] main.INFO: Customer login successful {"area":"frontend"} []
[2026-06-28 01:01:05] main.INFO: Customer login successful {"area":"frontend"} []
[2026-06-28 01:01:06] main.WARNING: Redis connection pool near capacity {"used":85,"max":100} []
[2026-06-28 01:01:06] main.WARNING: Cron schedule missed {"job":"sales_clean_quotes","delay_sec":180} []
[2026-06-28 01:01:06] main.WARNING: Cron schedule missed {"job":"sales_clean_quotes","delay_sec":180} []
[2026-06-28 01:01:06] main.WARNING: Redis connection pool near capacity {"used":85,"max":100} []
[2026-06-28 01:01:06] main.INFO: Customer login successful {"area":"frontend"} []
[2026-06-28 01:01:06] main.WARNING: Redis connection pool near capacity {"used":85,"max":100} []
[2026-06-28 01:01:06] main.WARNING: Cache backend response slow {"duration_ms":420,"cache_type":"full_page"} []
[2026-06-28 01:01:08] main.WARNING: Redis connection pool near capacity {"used":85,"max":100} []
[2026-06-28 01:01:08] main.INFO: Product page rendered from cache {"cache_hit":true} []
[2026-06-28 01:01:08] main.WARNING: Cron schedule missed {"job":"sales_clean_quotes","delay_sec":180} []
[2026-06-28 01:01:08] main.WARNING: Cron schedule missed {"job":"sales_clean_quotes","delay_sec":180} []
[2026-06-28 01:01:08] main.INFO: Customer login successful {"area":"frontend"} []
[2026-06-28 01:01:08] main.WARNING: Redis connection pool near capacity {"used":85,"max":100} []
[2026-06-28 01:01:08] main.INFO: Order placed successfully {"payment_method":"checkmo"} []
[2026-06-28 01:01:08] main.NOTICE: Cron job completed {"job":"catalog_product_index_price_reindex_all"} []
[2026-06-28 01:01:08] main.WARNING: Cron schedule missed {"job":"sales_clean_quotes","delay_sec":180} []
[2026-06-28 01:01:08] main.NOTICE: Cron job completed {"job":"catalog_product_index_price_reindex_all"} []
[2026-06-28 01:01:08] main.INFO: Customer login successful {"area":"frontend"} []
[2026-06-28 01:01:08] main.WARNING: Cron schedule missed {"job":"sales_clean_quotes","delay_sec":180} []
[2026-06-28 01:01:08] main.INFO: Order placed successfully {"payment_method":"checkmo"} []
[2026-06-28 01:01:08] main.WARNING: Cron schedule missed {"job":"sales_clean_quotes","delay_sec":180} []
[2026-06-28 01:01:08] main.WARNING: Cron schedule missed {"job":"sales_clean_quotes","delay_sec":180} []
[2026-06-28 01:01:08] main.INFO: Customer login successful {"area":"frontend"} []
[2026-06-28 01:01:08] main.WARNING: Cron schedule missed {"job":"sales_clean_quotes","delay_sec":180} []
[2026-06-28 01:01:08] main.WARNING: Cache backend response slow {"duration_ms":420,"cache_type":"full_page"} []
[2026-06-28 01:01:08] main.WARNING: Cron schedule missed {"job":"sales_clean_quotes","delay_sec":180} []
[2026-06-28 01:01:08] main.WARNING: Redis connection pool near capacity {"used":85,"max":100} []
[2026-06-28 01:01:10] main.INFO: Cache cleaned successfully {"cache_type":"full_page"} []
[2026-06-28 01:01:10] main.INFO: Cache cleaned successfully {"cache_type":"full_page"} []
[2026-06-28 01:01:10] main.INFO: Product page rendered from cache {"cache_hit":true} []
[2026-06-28 01:01:10] main.WARNING: Cache backend response slow {"duration_ms":420,"cache_type":"full_page"} []
[2026-06-28 01:01:10] main.WARNING: Cache backend response slow {"duration_ms":420,"cache_type":"full_page"} []
[2026-06-28 01:01:10] main.INFO: Cache cleaned successfully {"cache_type":"full_page"} []
[2026-06-28 01:01:10] main.INFO: Product page rendered from cache {"cache_hit":true} []
[2026-06-28 01:01:10] main.INFO: Customer login successful {"area":"frontend"} []
[2026-06-28 01:01:10] main.INFO: Order placed successfully {"payment_method":"checkmo"} []
[2026-06-28 01:01:10] main.NOTICE: Cron job completed {"job":"catalog_product_index_price_reindex_all"} []
[2026-06-28 01:01:10] main.WARNING: Cron schedule missed {"job":"sales_clean_quotes","delay_sec":180} []
[2026-06-28 01:01:10] main.WARNING: Cron schedule missed {"job":"sales_clean_quotes","delay_sec":180} []
[2026-06-28 01:01:10] main.WARNING: Cron schedule missed {"job":"sales_clean_quotes","delay_sec":180} []
[2026-06-28 01:01:10] main.INFO: Cache cleaned successfully {"cache_type":"full_page"} []
[2026-06-28 01:01:10] main.WARNING: Redis connection pool near capacity {"used":85,"max":100} []
[2026-06-28 01:01:10] main.WARNING: Cron schedule missed {"job":"sales_clean_quotes","delay_sec":180} []
[2026-06-28 01:01:10] main.INFO: Order placed successfully {"payment_method":"checkmo"} []
[2026-06-28 01:01:10] main.NOTICE: Cron job completed {"job":"catalog_product_index_price_reindex_all"} []
[2026-06-28 01:01:10] main.INFO: Product page rendered from cache {"cache_hit":true} []
[2026-06-28 01:01:10] main.INFO: Cache cleaned successfully {"cache_type":"full_page"} []
[2026-06-28 01:01:12] main.WARNING: Cache backend response slow {"duration_ms":420,"cache_type":"full_page"} []
[2026-06-28 01:01:12] main.WARNING: Cron schedule missed {"job":"sales_clean_quotes","delay_sec":180} []
[2026-06-28 01:01:12] main.INFO: Product page rendered from cache {"cache_hit":true} []
[2026-06-28 01:01:12] main.INFO: Customer login successful {"area":"frontend"} []
[2026-06-28 01:01:12] main.WARNING: Redis connection pool near capacity {"used":85,"max":100} []
[2026-06-28 01:01:12] main.WARNING: Redis connection pool near capacity {"used":85,"max":100} []
[2026-06-28 01:01:12] main.INFO: Order placed successfully {"payment_method":"checkmo"} []
[2026-06-28 01:01:12] main.INFO: Product page rendered from cache {"cache_hit":true} []
[2026-06-28 01:01:12] main.INFO: Cache cleaned successfully {"cache_type":"full_page"} []
[2026-06-28 01:01:13] main.INFO: Customer login successful {"area":"frontend"} []
[2026-06-28 01:01:13] main.WARNING: Cron schedule missed {"job":"sales_clean_quotes","delay_sec":180} []
[2026-06-28 01:01:13] main.INFO: Product page rendered from cache {"cache_hit":true} []
[2026-06-28 01:01:13] main.INFO: Product page rendered from cache {"cache_hit":true} []
[2026-06-28 01:01:13] main.WARNING: Cron schedule missed {"job":"sales_clean_quotes","delay_sec":180} []
[2026-06-28 01:01:13] main.WARNING: Redis connection pool near capacity {"used":85,"max":100} []
[2026-06-28 01:01:13] main.WARNING: Redis connection pool near capacity {"used":85,"max":100} []
[2026-06-28 01:01:13] main.INFO: Product page rendered from cache {"cache_hit":true} []
[2026-06-28 01:01:13] main.WARNING: Cron schedule missed {"job":"sales_clean_quotes","delay_sec":180} []
[2026-06-28 01:01:13] main.WARNING: Redis connection pool near capacity {"used":85,"max":100} []
[2026-06-28 01:01:13] main.WARNING: Redis connection pool near capacity {"used":85,"max":100} []
[2026-06-28 01:01:15] main.INFO: Order placed successfully {"payment_method":"checkmo"} []
[2026-06-28 01:01:15] main.WARNING: Cron schedule missed {"job":"sales_clean_quotes","delay_sec":180} []
[2026-06-28 01:01:15] main.WARNING: Redis connection pool near capacity {"used":85,"max":100} []
[2026-06-28 01:01:15] main.WARNING: Redis connection pool near capacity {"used":85,"max":100} []
[2026-06-28 01:01:15] main.INFO: Product page rendered from cache {"cache_hit":true} []
[2026-06-28 01:01:15] main.WARNING: Cache backend response slow {"duration_ms":420,"cache_type":"full_page"} []
[2026-06-28 01:01:15] main.NOTICE: Cron job completed {"job":"catalog_product_index_price_reindex_all"} []
[2026-06-28 01:01:15] main.INFO: Order placed successfully {"payment_method":"checkmo"} []
[2026-06-28 01:01:15] main.INFO: Cache cleaned successfully {"cache_type":"full_page"} []
[2026-06-28 01:01:15] main.INFO: Cache cleaned successfully {"cache_type":"full_page"} []
[2026-06-28 01:01:15] main.WARNING: Cache backend response slow {"duration_ms":420,"cache_type":"full_page"} []
[2026-06-28 01:01:15] main.INFO: Product page rendered from cache {"cache_hit":true} []
[2026-06-28 01:01:15] main.WARNING: Cache backend response slow {"duration_ms":420,"cache_type":"full_page"} []
[2026-06-28 01:01:15] main.WARNING: Redis connection pool near capacity {"used":85,"max":100} []
[2026-06-28 01:01:15] main.INFO: Cache cleaned successfully {"cache_type":"full_page"} []
[2026-06-28 01:01:15] main.INFO: Order placed successfully {"payment_method":"checkmo"} []
[2026-06-28 01:01:15] main.INFO: Order placed successfully {"payment_method":"checkmo"} []
[2026-06-28 01:01:15] main.WARNING: Cron schedule missed {"job":"sales_clean_quotes","delay_sec":180} []
[2026-06-28 01:01:15] main.INFO: Product page rendered from cache {"cache_hit":true} []
[2026-06-28 01:01:15] main.INFO: Order placed successfully {"payment_method":"checkmo"} []
[2026-06-28 01:01:17] main.WARNING: Redis connection pool near capacity {"used":85,"max":100} []
[2026-06-28 01:01:17] main.WARNING: Cron schedule missed {"job":"sales_clean_quotes","delay_sec":180} []
[2026-06-28 01:01:17] main.WARNING: Redis connection pool near capacity {"used":85,"max":100} []
[2026-06-28 01:01:17] main.WARNING: Cache backend response slow {"duration_ms":420,"cache_type":"full_page"} []
[2026-06-28 01:01:17] main.WARNING: Redis connection pool near capacity {"used":85,"max":100} []
[2026-06-28 01:01:17] main.INFO: Order placed successfully {"payment_method":"checkmo"} []
[2026-06-28 01:01:17] main.INFO: Customer login successful {"area":"frontend"} []
[2026-06-28 01:01:17] main.WARNING: Cron schedule missed {"job":"sales_clean_quotes","delay_sec":180} []
[2026-06-28 01:01:17] main.INFO: Order placed successfully {"payment_method":"checkmo"} []
[2026-06-28 01:01:17] main.INFO: Customer login successful {"area":"frontend"} []
[2026-06-28 01:01:17] main.INFO: Product page rendered from cache {"cache_hit":true} []
[2026-06-28 01:01:17] main.INFO: Product page rendered from cache {"cache_hit":true} []
[2026-06-28 01:01:17] main.WARNING: Redis connection pool near capacity {"used":85,"max":100} []
[2026-06-28 01:01:17] main.WARNING: Cron schedule missed {"job":"sales_clean_quotes","delay_sec":180} []
[2026-06-28 01:01:17] main.INFO: Cache cleaned successfully {"cache_type":"full_page"} []
[2026-06-28 01:01:17] main.WARNING: Redis connection pool near capacity {"used":85,"max":100} []
[2026-06-28 01:01:17] main.NOTICE: Cron job completed {"job":"catalog_product_index_price_reindex_all"} []
[2026-06-28 01:01:17] main.WARNING: Redis connection pool near capacity {"used":85,"max":100} []
[2026-06-28 01:01:17] main.WARNING: Redis connection pool near capacity {"used":85,"max":100} []
[2026-06-28 01:01:17] main.WARNING: Cache backend response slow {"duration_ms":420,"cache_type":"full_page"} []
[2026-06-28 01:01:19] main.WARNING: Cache backend response slow {"duration_ms":420,"cache_type":"full_page"} []
[2026-06-28 01:01:20] main.NOTICE: Cron job completed {"job":"catalog_product_index_price_reindex_all"} []
[2026-06-28 01:01:20] main.INFO: Customer login successful {"area":"frontend"} []
[2026-06-28 01:01:20] main.WARNING: Cache backend response slow {"duration_ms":420,"cache_type":"full_page"} []
[2026-06-28 01:01:20] main.WARNING: Redis connection pool near capacity {"used":85,"max":100} []
[2026-06-28 01:01:20] main.WARNING: Cache backend response slow {"duration_ms":420,"cache_type":"full_page"} []
[2026-06-28 01:01:20] main.WARNING: Cron schedule missed {"job":"sales_clean_quotes","delay_sec":180} []
[2026-06-28 01:01:20] main.INFO: Customer login successful {"area":"frontend"} []
[2026-06-28 01:01:20] main.NOTICE: Cron job completed {"job":"catalog_product_index_price_reindex_all"} []
[2026-06-28 01:01:20] main.WARNING: Redis connection pool near capacity {"used":85,"max":100} []
[2026-06-28 01:01:20] main.INFO: Cache cleaned successfully {"cache_type":"full_page"} []
[2026-06-28 01:01:20] main.WARNING: Cron schedule missed {"job":"sales_clean_quotes","delay_sec":180} []
[2026-06-28 01:01:20] main.INFO: Product page rendered from cache {"cache_hit":true} []
[2026-06-28 01:01:20] main.NOTICE: Cron job completed {"job":"catalog_product_index_price_reindex_all"} []
[2026-06-28 01:01:20] main.INFO: Customer login successful {"area":"frontend"} []
[2026-06-28 01:01:20] main.WARNING: Redis connection pool near capacity {"used":85,"max":100} []
[2026-06-28 01:01:20] main.WARNING: Cron schedule missed {"job":"sales_clean_quotes","delay_sec":180} []
[2026-06-28 01:01:20] main.WARNING: Redis connection pool near capacity {"used":85,"max":100} []
[2026-06-28 01:01:20] main.NOTICE: Cron job completed {"job":"catalog_product_index_price_reindex_all"} []
[2026-06-28 01:01:20] main.WARNING: Redis connection pool near capacity {"used":85,"max":100} []
[2026-06-28 01:01:22] main.WARNING: Cron schedule missed {"job":"sales_clean_quotes","delay_sec":180} []
[2026-06-28 01:01:22] main.INFO: Product page rendered from cache {"cache_hit":true} []
[2026-06-28 01:01:22] main.INFO: Customer login successful {"area":"frontend"} []
[2026-06-28 01:01:22] main.WARNING: Redis connection pool near capacity {"used":85,"max":100} []
[2026-06-28 01:01:22] main.NOTICE: Cron job completed {"job":"catalog_product_index_price_reindex_all"} []
[2026-06-28 01:01:22] main.NOTICE: Cron job completed {"job":"catalog_product_index_price_reindex_all"} []
[2026-06-28 01:01:22] main.WARNING: Cron schedule missed {"job":"sales_clean_quotes","delay_sec":180} []
[2026-06-28 01:01:22] main.INFO: Cache cleaned successfully {"cache_type":"full_page"} []
[2026-06-28 01:01:22] main.INFO: Customer login successful {"area":"frontend"} []
[2026-06-28 01:01:22] main.WARNING: Cron schedule missed {"job":"sales_clean_quotes","delay_sec":180} []
[2026-06-28 01:01:22] main.WARNING: Cache backend response slow {"duration_ms":420,"cache_type":"full_page"} []
[2026-06-28 01:01:22] main.WARNING: Cache backend response slow {"duration_ms":420,"cache_type":"full_page"} []
[2026-06-28 01:01:22] main.NOTICE: Cron job completed {"job":"catalog_product_index_price_reindex_all"} []
[2026-06-28 01:01:22] main.WARNING: Cache backend response slow {"duration_ms":420,"cache_type":"full_page"} []
[2026-06-28 01:01:22] main.WARNING: Redis connection pool near capacity {"used":85,"max":100} []
[2026-06-28 01:01:22] main.WARNING: Cache backend response slow {"duration_ms":420,"cache_type":"full_page"} []
[2026-06-28 01:01:22] main.INFO: Order placed successfully {"payment_method":"checkmo"} []
[2026-06-28 01:01:22] main.INFO: Order placed successfully {"payment_method":"checkmo"} []
[2026-06-28 01:01:22] main.NOTICE: Cron job completed {"job":"catalog_product_index_price_reindex_all"} []
[2026-06-28 01:01:22] main.INFO: Product page rendered from cache {"cache_hit":true} []
[2026-06-28 01:01:24] main.WARNING: Cache backend response slow {"duration_ms":420,"cache_type":"full_page"} []
[2026-06-28 01:01:24] main.WARNING: Cache backend response slow {"duration_ms":420,"cache_type":"full_page"} []
[2026-06-28 01:01:24] main.INFO: Cache cleaned successfully {"cache_type":"full_page"} []
[2026-06-28 01:01:24] main.WARNING: Cron schedule missed {"job":"sales_clean_quotes","delay_sec":180} []
[2026-06-28 01:01:24] main.WARNING: Redis connection pool near capacity {"used":85,"max":100} []
[2026-06-28 01:01:24] main.WARNING: Cron schedule missed {"job":"sales_clean_quotes","delay_sec":180} []
[2026-06-28 01:01:24] main.INFO: Order placed successfully {"payment_method":"checkmo"} []
[2026-06-28 01:01:24] main.INFO: Order placed successfully {"payment_method":"checkmo"} []
[2026-06-28 01:01:24] main.WARNING: Redis connection pool near capacity {"used":85,"max":100} []
[2026-06-28 01:01:24] main.INFO: Cache cleaned successfully {"cache_type":"full_page"} []
[2026-06-28 01:01:24] main.INFO: Cache cleaned successfully {"cache_type":"full_page"} []
[2026-06-28 01:01:24] main.NOTICE: Cron job completed {"job":"catalog_product_index_price_reindex_all"} []
[2026-06-28 01:01:24] main.INFO: Customer login successful {"area":"frontend"} []
[2026-06-28 01:01:24] main.INFO: Product page rendered from cache {"cache_hit":true} []
[2026-06-28 01:01:25] main.INFO: Order placed successfully {"payment_method":"checkmo"} []
[2026-06-28 01:01:25] main.WARNING: Cron schedule missed {"job":"sales_clean_quotes","delay_sec":180} []
[2026-06-28 01:01:25] main.NOTICE: Cron job completed {"job":"catalog_product_index_price_reindex_all"} []
[2026-06-28 01:01:25] main.INFO: Cache cleaned successfully {"cache_type":"full_page"} []
[2026-06-28 01:01:25] main.WARNING: Cache backend response slow {"duration_ms":420,"cache_type":"full_page"} []
[2026-06-28 01:01:25] main.WARNING: Redis connection pool near capacity {"used":85,"max":100} []
[2026-06-28 01:01:27] main.NOTICE: Cron job completed {"job":"catalog_product_index_price_reindex_all"} []
[2026-06-28 01:01:27] main.NOTICE: Cron job completed {"job":"catalog_product_index_price_reindex_all"} []
[2026-06-28 01:01:27] main.NOTICE: Cron job completed {"job":"catalog_product_index_price_reindex_all"} []
[2026-06-28 01:01:27] main.INFO: Order placed successfully {"payment_method":"checkmo"} []
[2026-06-28 01:01:27] main.WARNING: Cache backend response slow {"duration_ms":420,"cache_type":"full_page"} []
[2026-06-28 01:01:27] main.INFO: Product page rendered from cache {"cache_hit":true} []
[2026-06-28 01:01:27] main.WARNING: Cron schedule missed {"job":"sales_clean_quotes","delay_sec":180} []
[2026-06-28 01:01:27] main.WARNING: Cron schedule missed {"job":"sales_clean_quotes","delay_sec":180} []
[2026-06-28 01:01:27] main.INFO: Cache cleaned successfully {"cache_type":"full_page"} []
[2026-06-28 01:01:27] main.INFO: Order placed successfully {"payment_method":"checkmo"} []
[2026-06-28 01:01:27] main.INFO: Cache cleaned successfully {"cache_type":"full_page"} []
[2026-06-28 01:01:27] main.INFO: Order placed successfully {"payment_method":"checkmo"} []
[2026-06-28 01:01:27] main.NOTICE: Cron job completed {"job":"catalog_product_index_price_reindex_all"} []
[2026-06-28 01:01:27] main.INFO: Cache cleaned successfully {"cache_type":"full_page"} []
[2026-06-28 01:01:27] main.NOTICE: Cron job completed {"job":"catalog_product_index_price_reindex_all"} []
[2026-06-28 01:01:27] main.INFO: Order placed successfully {"payment_method":"checkmo"} []
[2026-06-28 01:01:27] main.WARNING: Redis connection pool near capacity {"used":85,"max":100} []
[2026-06-28 01:01:27] main.WARNING: Redis connection pool near capacity {"used":85,"max":100} []
[2026-06-28 01:01:27] main.INFO: Product page rendered from cache {"cache_hit":true} []
[2026-06-28 01:01:27] main.INFO: Cache cleaned successfully {"cache_type":"full_page"} []
[2026-06-28 01:01:29] main.WARNING: Cache backend response slow {"duration_ms":420,"cache_type":"full_page"} []
[2026-06-28 01:01:29] main.INFO: Product page rendered from cache {"cache_hit":true} []
[2026-06-28 01:01:29] main.NOTICE: Cron job completed {"job":"catalog_product_index_price_reindex_all"} []
[2026-06-28 01:01:29] main.WARNING: Cron schedule missed {"job":"sales_clean_quotes","delay_sec":180} []
[2026-06-28 01:01:29] main.INFO: Customer login successful {"area":"frontend"} []
[2026-06-28 01:01:29] main.WARNING: Cache backend response slow {"duration_ms":420,"cache_type":"full_page"} []
[2026-06-28 01:01:29] main.WARNING: Redis connection pool near capacity {"used":85,"max":100} []
[2026-06-28 01:01:29] main.WARNING: Redis connection pool near capacity {"used":85,"max":100} []
[2026-06-28 01:01:29] main.INFO: Product page rendered from cache {"cache_hit":true} []
[2026-06-28 01:01:29] main.WARNING: Cron schedule missed {"job":"sales_clean_quotes","delay_sec":180} []
[2026-06-28 01:01:29] main.INFO: Cache cleaned successfully {"cache_type":"full_page"} []
[2026-06-28 01:01:29] main.WARNING: Cache backend response slow {"duration_ms":420,"cache_type":"full_page"} []
[2026-06-28 01:01:29] main.WARNING: Redis connection pool near capacity {"used":85,"max":100} []
[2026-06-28 01:01:29] main.WARNING: Cron schedule missed {"job":"sales_clean_quotes","delay_sec":180} []
[2026-06-28 01:01:29] main.INFO: Customer login successful {"area":"frontend"} []
[2026-06-28 01:01:29] main.INFO: Product page rendered from cache {"cache_hit":true} []
[2026-06-28 01:01:29] main.INFO: Product page rendered from cache {"cache_hit":true} []
[2026-06-28 01:01:29] main.INFO: Cache cleaned successfully {"cache_type":"full_page"} []
[2026-06-28 01:01:29] main.INFO: Customer login successful {"area":"frontend"} []
[2026-06-28 01:01:29] main.WARNING: Cache backend response slow {"duration_ms":420,"cache_type":"full_page"} []
[2026-06-28 01:01:31] main.WARNING: Redis connection pool near capacity {"used":85,"max":100} []
[2026-06-28 01:01:31] main.WARNING: Redis connection pool near capacity {"used":85,"max":100} []
[2026-06-28 01:01:31] main.INFO: Product page rendered from cache {"cache_hit":true} []
[2026-06-28 01:01:31] main.WARNING: Cron schedule missed {"job":"sales_clean_quotes","delay_sec":180} []
[2026-06-28 01:01:32] main.WARNING: Redis connection pool near capacity {"used":85,"max":100} []
[2026-06-28 01:01:32] main.WARNING: Cache backend response slow {"duration_ms":420,"cache_type":"full_page"} []
[2026-06-28 01:01:32] main.INFO: Cache cleaned successfully {"cache_type":"full_page"} []
[2026-06-28 01:01:32] main.INFO: Order placed successfully {"payment_method":"checkmo"} []
[2026-06-28 01:01:32] main.WARNING: Cache backend response slow {"duration_ms":420,"cache_type":"full_page"} []
[2026-06-28 01:01:32] main.INFO: Customer login successful {"area":"frontend"} []
[2026-06-28 01:01:32] main.WARNING: Redis connection pool near capacity {"used":85,"max":100} []
[2026-06-28 01:01:32] main.INFO: Cache cleaned successfully {"cache_type":"full_page"} []
[2026-06-28 01:01:32] main.WARNING: Cron schedule missed {"job":"sales_clean_quotes","delay_sec":180} []
[2026-06-28 01:01:32] main.WARNING: Cron schedule missed {"job":"sales_clean_quotes","delay_sec":180} []
[2026-06-28 01:01:32] main.WARNING: Redis connection pool near capacity {"used":85,"max":100} []
[2026-06-28 01:01:32] main.WARNING: Redis connection pool near capacity {"used":85,"max":100} []
[2026-06-28 01:01:32] main.INFO: Customer login successful {"area":"frontend"} []
[2026-06-28 01:01:32] main.INFO: Product page rendered from cache {"cache_hit":true} []
[2026-06-28 01:01:32] main.INFO: Order placed successfully {"payment_method":"checkmo"} []
[2026-06-28 01:01:32] main.NOTICE: Cron job completed {"job":"catalog_product_index_price_reindex_all"} []
[2026-06-28 01:01:34] main.WARNING: Cache backend response slow {"duration_ms":420,"cache_type":"full_page"} []
[2026-06-28 01:01:34] main.WARNING: Cache backend response slow {"duration_ms":420,"cache_type":"full_page"} []
[2026-06-28 01:01:34] main.NOTICE: Cron job completed {"job":"catalog_product_index_price_reindex_all"} []
[2026-06-28 01:01:34] main.WARNING: Cron schedule missed {"job":"sales_clean_quotes","delay_sec":180} []
[2026-06-28 01:01:34] main.INFO: Order placed successfully {"payment_method":"checkmo"} []
[2026-06-28 01:01:34] main.WARNING: Cron schedule missed {"job":"sales_clean_quotes","delay_sec":180} []
[2026-06-28 01:01:34] main.NOTICE: Cron job completed {"job":"catalog_product_index_price_reindex_all"} []
[2026-06-28 01:01:34] main.WARNING: Redis connection pool near capacity {"used":85,"max":100} []
[2026-06-28 01:01:34] main.WARNING: Redis connection pool near capacity {"used":85,"max":100} []
[2026-06-28 01:01:34] main.WARNING: Redis connection pool near capacity {"used":85,"max":100} []
[2026-06-28 01:01:34] main.WARNING: Cache backend response slow {"duration_ms":420,"cache_type":"full_page"} []
[2026-06-28 01:01:34] main.WARNING: Redis connection pool near capacity {"used":85,"max":100} []
[2026-06-28 01:01:34] main.WARNING: Cache backend response slow {"duration_ms":420,"cache_type":"full_page"} []
[2026-06-28 01:01:34] main.WARNING: Cron schedule missed {"job":"sales_clean_quotes","delay_sec":180} []
[2026-06-28 01:01:34] main.WARNING: Cache backend response slow {"duration_ms":420,"cache_type":"full_page"} []
[2026-06-28 01:01:34] main.WARNING: Redis connection pool near capacity {"used":85,"max":100} []
[2026-06-28 01:01:34] main.WARNING: Redis connection pool near capacity {"used":85,"max":100} []
[2026-06-28 01:01:34] main.WARNING: Cron schedule missed {"job":"sales_clean_quotes","delay_sec":180} []
[2026-06-28 01:01:34] main.NOTICE: Cron job completed {"job":"catalog_product_index_price_reindex_all"} []
[2026-06-28 01:01:34] main.WARNING: Cron schedule missed {"job":"sales_clean_quotes","delay_sec":180} []
[2026-06-28 01:01:36] main.WARNING: Redis connection pool near capacity {"used":85,"max":100} []
[2026-06-28 01:01:36] main.WARNING: Cache backend response slow {"duration_ms":420,"cache_type":"full_page"} []
[2026-06-28 01:01:36] main.WARNING: Cron schedule missed {"job":"sales_clean_quotes","delay_sec":180} []
[2026-06-28 01:01:36] main.WARNING: Redis connection pool near capacity {"used":85,"max":100} []
[2026-06-28 01:01:36] main.WARNING: Cron schedule missed {"job":"sales_clean_quotes","delay_sec":180} []
[2026-06-28 01:01:36] main.WARNING: Cache backend response slow {"duration_ms":420,"cache_type":"full_page"} []
[2026-06-28 01:01:36] main.WARNING: Redis connection pool near capacity {"used":85,"max":100} []
[2026-06-28 01:01:36] main.WARNING: Cron schedule missed {"job":"sales_clean_quotes","delay_sec":180} []
[2026-06-28 01:01:36] main.WARNING: Cron schedule missed {"job":"sales_clean_quotes","delay_sec":180} []
[2026-06-28 01:01:36] main.WARNING: Cron schedule missed {"job":"sales_clean_quotes","delay_sec":180} []
[2026-06-28 01:01:36] main.WARNING: Redis connection pool near capacity {"used":85,"max":100} []
[2026-06-28 01:01:36] main.INFO: Order placed successfully {"payment_method":"checkmo"} []
[2026-06-28 01:01:36] main.INFO: Customer login successful {"area":"frontend"} []
[2026-06-28 01:01:36] main.INFO: Order placed successfully {"payment_method":"checkmo"} []
[2026-06-28 01:01:36] main.INFO: Product page rendered from cache {"cache_hit":true} []
[2026-06-28 01:01:37] main.INFO: Order placed successfully {"payment_method":"checkmo"} []
[2026-06-28 01:01:37] main.INFO: Cache cleaned successfully {"cache_type":"full_page"} []
[2026-06-28 01:01:37] main.WARNING: Cache backend response slow {"duration_ms":420,"cache_type":"full_page"} []
[2026-06-28 01:01:37] main.INFO: Product page rendered from cache {"cache_hit":true} []
[2026-06-28 01:01:37] main.WARNING: Cache backend response slow {"duration_ms":420,"cache_type":"full_page"} []
[2026-06-28 01:01:39] main.WARNING: Cache backend response slow {"duration_ms":420,"cache_type":"full_page"} []
[2026-06-28 01:01:39] main.WARNING: Redis connection pool near capacity {"used":85,"max":100} []
[2026-06-28 01:01:39] main.INFO: Customer login successful {"area":"frontend"} []
[2026-06-28 01:01:39] main.INFO: Order placed successfully {"payment_method":"checkmo"} []
[2026-06-28 01:01:39] main.WARNING: Redis connection pool near capacity {"used":85,"max":100} []
[2026-06-28 01:01:39] main.WARNING: Cache backend response slow {"duration_ms":420,"cache_type":"full_page"} []
[2026-06-28 01:01:39] main.INFO: Customer login successful {"area":"frontend"} []
[2026-06-28 01:01:39] main.INFO: Order placed successfully {"payment_method":"checkmo"} []
[2026-06-28 01:01:39] main.INFO: Product page rendered from cache {"cache_hit":true} []
[2026-06-28 01:01:39] main.INFO: Customer login successful {"area":"frontend"} []
[2026-06-28 01:01:39] main.WARNING: Cron schedule missed {"job":"sales_clean_quotes","delay_sec":180} []
[2026-06-28 01:01:39] main.NOTICE: Cron job completed {"job":"catalog_product_index_price_reindex_all"} []
[2026-06-28 01:01:39] main.NOTICE: Cron job completed {"job":"catalog_product_index_price_reindex_all"} []
[2026-06-28 01:01:39] main.INFO: Product page rendered from cache {"cache_hit":true} []
[2026-06-28 01:01:39] main.INFO: Product page rendered from cache {"cache_hit":true} []
[2026-06-28 01:01:39] main.WARNING: Redis connection pool near capacity {"used":85,"max":100} []
[2026-06-28 01:01:39] main.WARNING: Cache backend response slow {"duration_ms":420,"cache_type":"full_page"} []
[2026-06-28 01:01:39] main.WARNING: Redis connection pool near capacity {"used":85,"max":100} []
[2026-06-28 01:01:39] main.INFO: Customer login successful {"area":"frontend"} []
[2026-06-28 01:01:39] main.WARNING: Redis connection pool near capacity {"used":85,"max":100} []
[2026-06-28 01:01:41] main.WARNING: Cache backend response slow {"duration_ms":420,"cache_type":"full_page"} []
[2026-06-28 01:01:41] main.INFO: Cache cleaned successfully {"cache_type":"full_page"} []
[2026-06-28 01:01:41] main.WARNING: Cron schedule missed {"job":"sales_clean_quotes","delay_sec":180} []
[2026-06-28 01:01:41] main.INFO: Order placed successfully {"payment_method":"checkmo"} []
[2026-06-28 01:01:41] main.NOTICE: Cron job completed {"job":"catalog_product_index_price_reindex_all"} []
[2026-06-28 01:01:41] main.WARNING: Redis connection pool near capacity {"used":85,"max":100} []
[2026-06-28 01:01:41] main.INFO: Customer login successful {"area":"frontend"} []
[2026-06-28 01:01:41] main.INFO: Order placed successfully {"payment_method":"checkmo"} []
[2026-06-28 01:01:41] main.WARNING: Cron schedule missed {"job":"sales_clean_quotes","delay_sec":180} []
[2026-06-28 01:01:41] main.INFO: Cache cleaned successfully {"cache_type":"full_page"} []
[2026-06-28 01:01:41] main.INFO: Order placed successfully {"payment_method":"checkmo"} []
[2026-06-28 01:01:41] main.NOTICE: Cron job completed {"job":"catalog_product_index_price_reindex_all"} []
[2026-06-28 01:01:41] main.INFO: Customer login successful {"area":"frontend"} []
[2026-06-28 01:01:41] main.INFO: Cache cleaned successfully {"cache_type":"full_page"} []
[2026-06-28 01:01:41] main.WARNING: Redis connection pool near capacity {"used":85,"max":100} []
[2026-06-28 01:01:41] main.WARNING: Redis connection pool near capacity {"used":85,"max":100} []
[2026-06-28 01:01:41] main.WARNING: Cron schedule missed {"job":"sales_clean_quotes","delay_sec":180} []
[2026-06-28 01:01:41] main.WARNING: Cron schedule missed {"job":"sales_clean_quotes","delay_sec":180} []
[2026-06-28 01:01:42] main.INFO: Customer login successful {"area":"frontend"} []
[2026-06-28 01:01:42] main.NOTICE: Cron job completed {"job":"catalog_product_index_price_reindex_all"} []
[2026-06-28 01:01:44] main.WARNING: Cron schedule missed {"job":"sales_clean_quotes","delay_sec":180} []
[2026-06-28 01:01:44] main.WARNING: Cron schedule missed {"job":"sales_clean_quotes","delay_sec":180} []
[2026-06-28 01:01:44] main.INFO: Customer login successful {"area":"frontend"} []
[2026-06-28 01:01:44] main.WARNING: Redis connection pool near capacity {"used":85,"max":100} []
[2026-06-28 01:01:44] main.INFO: Product page rendered from cache {"cache_hit":true} []
[2026-06-28 01:01:44] main.INFO: Customer login successful {"area":"frontend"} []
[2026-06-28 01:01:44] main.NOTICE: Cron job completed {"job":"catalog_product_index_price_reindex_all"} []
[2026-06-28 01:01:44] main.WARNING: Cron schedule missed {"job":"sales_clean_quotes","delay_sec":180} []
[2026-06-28 01:01:44] main.WARNING: Redis connection pool near capacity {"used":85,"max":100} []
[2026-06-28 01:01:44] main.INFO: Product page rendered from cache {"cache_hit":true} []
[2026-06-28 01:01:44] main.INFO: Cache cleaned successfully {"cache_type":"full_page"} []
[2026-06-28 01:01:44] main.INFO: Customer login successful {"area":"frontend"} []
[2026-06-28 01:01:44] main.INFO: Order placed successfully {"payment_method":"checkmo"} []
[2026-06-28 01:01:44] main.NOTICE: Cron job completed {"job":"catalog_product_index_price_reindex_all"} []
[2026-06-28 01:01:44] main.NOTICE: Cron job completed {"job":"catalog_product_index_price_reindex_all"} []
[2026-06-28 01:01:44] main.INFO: Cache cleaned successfully {"cache_type":"full_page"} []
[2026-06-28 01:01:44] main.NOTICE: Cron job completed {"job":"catalog_product_index_price_reindex_all"} []
[2026-06-28 01:01:44] main.WARNING: Cache backend response slow {"duration_ms":420,"cache_type":"full_page"} []
[2026-06-28 01:01:44] main.WARNING: Redis connection pool near capacity {"used":85,"max":100} []
[2026-06-28 01:01:44] main.INFO: Cache cleaned successfully {"cache_type":"full_page"} []
[2026-06-28 01:01:46] main.INFO: Product page rendered from cache {"cache_hit":true} []
[2026-06-28 01:01:46] main.WARNING: Cron schedule missed {"job":"sales_clean_quotes","delay_sec":180} []
[2026-06-28 01:01:46] main.WARNING: Cron schedule missed {"job":"sales_clean_quotes","delay_sec":180} []
[2026-06-28 01:01:46] main.INFO: Order placed successfully {"payment_method":"checkmo"} []
[2026-06-28 01:01:46] main.INFO: Cache cleaned successfully {"cache_type":"full_page"} []
[2026-06-28 01:01:46] main.INFO: Product page rendered from cache {"cache_hit":true} []
[2026-06-28 01:01:46] main.INFO: Order placed successfully {"payment_method":"checkmo"} []
[2026-06-28 01:01:46] main.WARNING: Cron schedule missed {"job":"sales_clean_quotes","delay_sec":180} []
[2026-06-28 01:01:46] main.INFO: Customer login successful {"area":"frontend"} []
[2026-06-28 01:01:46] main.WARNING: Redis connection pool near capacity {"used":85,"max":100} []
[2026-06-28 01:01:46] main.INFO: Order placed successfully {"payment_method":"checkmo"} []
[2026-06-28 01:01:46] main.WARNING: Cron schedule missed {"job":"sales_clean_quotes","delay_sec":180} []
[2026-06-28 01:01:46] main.INFO: Order placed successfully {"payment_method":"checkmo"} []
[2026-06-28 01:01:46] main.WARNING: Cron schedule missed {"job":"sales_clean_quotes","delay_sec":180} []
[2026-06-28 01:01:46] main.INFO: Product page rendered from cache {"cache_hit":true} []
[2026-06-28 01:01:46] main.WARNING: Cache backend response slow {"duration_ms":420,"cache_type":"full_page"} []
[2026-06-28 01:01:46] main.WARNING: Cron schedule missed {"job":"sales_clean_quotes","delay_sec":180} []
[2026-06-28 01:01:46] main.INFO: Order placed successfully {"payment_method":"checkmo"} []
[2026-06-28 01:01:46] main.NOTICE: Cron job completed {"job":"catalog_product_index_price_reindex_all"} []
[2026-06-28 01:01:46] main.WARNING: Cron schedule missed {"job":"sales_clean_quotes","delay_sec":180} []
[2026-06-28 01:01:49] main.NOTICE: Cron job completed {"job":"catalog_product_index_price_reindex_all"} []
[2026-06-28 01:01:49] main.WARNING: Cron schedule missed {"job":"sales_clean_quotes","delay_sec":180} []
[2026-06-28 01:01:49] main.NOTICE: Cron job completed {"job":"catalog_product_index_price_reindex_all"} []
[2026-06-28 01:01:49] main.WARNING: Cron schedule missed {"job":"sales_clean_quotes","delay_sec":180} []
[2026-06-28 01:01:49] main.INFO: Product page rendered from cache {"cache_hit":true} []
[2026-06-28 01:01:49] main.WARNING: Cron schedule missed {"job":"sales_clean_quotes","delay_sec":180} []
[2026-06-28 01:01:49] main.WARNING: Cron schedule missed {"job":"sales_clean_quotes","delay_sec":180} []
[2026-06-28 01:01:49] main.WARNING: Cron schedule missed {"job":"sales_clean_quotes","delay_sec":180} []
[2026-06-28 01:01:49] main.INFO: Cache cleaned successfully {"cache_type":"full_page"} []
[2026-06-28 01:01:49] main.NOTICE: Cron job completed {"job":"catalog_product_index_price_reindex_all"} []
[2026-06-28 01:01:49] main.INFO: Order placed successfully {"payment_method":"checkmo"} []
[2026-06-28 01:01:49] main.WARNING: Redis connection pool near capacity {"used":85,"max":100} []
[2026-06-28 01:01:49] main.NOTICE: Cron job completed {"job":"catalog_product_index_price_reindex_all"} []
[2026-06-28 01:01:49] main.INFO: Cache cleaned successfully {"cache_type":"full_page"} []
[2026-06-28 01:01:49] main.WARNING: Cron schedule missed {"job":"sales_clean_quotes","delay_sec":180} []
[2026-06-28 01:01:49] main.WARNING: Cache backend response slow {"duration_ms":420,"cache_type":"full_page"} []
[2026-06-28 01:01:49] main.WARNING: Redis connection pool near capacity {"used":85,"max":100} []
[2026-06-28 01:01:49] main.INFO: Product page rendered from cache {"cache_hit":true} []
[2026-06-28 01:01:49] main.INFO: Cache cleaned successfully {"cache_type":"full_page"} []
[2026-06-28 01:01:49] main.INFO: Order placed successfully {"payment_method":"checkmo"} []
[2026-06-28 01:01:51] main.INFO: Order placed successfully {"payment_method":"checkmo"} []
[2026-06-28 01:01:51] main.WARNING: Cache backend response slow {"duration_ms":420,"cache_type":"full_page"} []
[2026-06-28 01:01:51] main.WARNING: Cache backend response slow {"duration_ms":420,"cache_type":"full_page"} []
[2026-06-28 01:01:51] main.INFO: Product page rendered from cache {"cache_hit":true} []
[2026-06-28 01:01:51] main.NOTICE: Cron job completed {"job":"catalog_product_index_price_reindex_all"} []
[2026-06-28 01:01:51] main.NOTICE: Cron job completed {"job":"catalog_product_index_price_reindex_all"} []
[2026-06-28 01:01:51] main.INFO: Product page rendered from cache {"cache_hit":true} []
[2026-06-28 01:01:51] main.WARNING: Redis connection pool near capacity {"used":85,"max":100} []
[2026-06-28 01:01:51] main.NOTICE: Cron job completed {"job":"catalog_product_index_price_reindex_all"} []
[2026-06-28 01:01:51] main.WARNING: Redis connection pool near capacity {"used":85,"max":100} []
[2026-06-28 01:01:51] main.WARNING: Cron schedule missed {"job":"sales_clean_quotes","delay_sec":180} []
[2026-06-28 01:01:51] main.INFO: Order placed successfully {"payment_method":"checkmo"} []
[2026-06-28 01:01:51] main.WARNING: Cache backend response slow {"duration_ms":420,"cache_type":"full_page"} []
[2026-06-28 01:01:51] main.WARNING: Cache backend response slow {"duration_ms":420,"cache_type":"full_page"} []
[2026-06-28 01:01:51] main.WARNING: Cache backend response slow {"duration_ms":420,"cache_type":"full_page"} []
[2026-06-28 01:01:51] main.WARNING: Cron schedule missed {"job":"sales_clean_quotes","delay_sec":180} []
[2026-06-28 01:01:51] main.INFO: Cache cleaned successfully {"cache_type":"full_page"} []
[2026-06-28 01:01:51] main.INFO: Cache cleaned successfully {"cache_type":"full_page"} []
[2026-06-28 01:01:51] main.INFO: Customer login successful {"area":"frontend"} []
[2026-06-28 01:01:51] main.WARNING: Redis connection pool near capacity {"used":85,"max":100} []
[2026-06-28 01:01:53] main.WARNING: Redis connection pool near capacity {"used":85,"max":100} []
[2026-06-28 01:01:53] main.INFO: Cache cleaned successfully {"cache_type":"full_page"} []
[2026-06-28 01:01:54] main.INFO: Order placed successfully {"payment_method":"checkmo"} []
[2026-06-28 01:01:54] main.INFO: Order placed successfully {"payment_method":"checkmo"} []
[2026-06-28 01:01:54] main.INFO: Order placed successfully {"payment_method":"checkmo"} []
[2026-06-28 01:01:54] main.INFO: Cache cleaned successfully {"cache_type":"full_page"} []
[2026-06-28 01:01:54] main.NOTICE: Cron job completed {"job":"catalog_product_index_price_reindex_all"} []
[2026-06-28 01:01:54] main.WARNING: Cache backend response slow {"duration_ms":420,"cache_type":"full_page"} []
[2026-06-28 01:01:54] main.INFO: Customer login successful {"area":"frontend"} []
[2026-06-28 01:01:54] main.INFO: Order placed successfully {"payment_method":"checkmo"} []
[2026-06-28 01:01:54] main.NOTICE: Cron job completed {"job":"catalog_product_index_price_reindex_all"} []
[2026-06-28 01:01:54] main.NOTICE: Cron job completed {"job":"catalog_product_index_price_reindex_all"} []
[2026-06-28 01:01:54] main.WARNING: Redis connection pool near capacity {"used":85,"max":100} []
[2026-06-28 01:01:54] main.NOTICE: Cron job completed {"job":"catalog_product_index_price_reindex_all"} []
[2026-06-28 01:01:54] main.WARNING: Cache backend response slow {"duration_ms":420,"cache_type":"full_page"} []
[2026-06-28 01:01:54] main.INFO: Product page rendered from cache {"cache_hit":true} []
[2026-06-28 01:01:54] main.WARNING: Redis connection pool near capacity {"used":85,"max":100} []
[2026-06-28 01:01:54] main.WARNING: Cache backend response slow {"duration_ms":420,"cache_type":"full_page"} []
[2026-06-28 01:01:54] main.INFO: Order placed successfully {"payment_method":"checkmo"} []
[2026-06-28 01:01:54] main.WARNING: Cache backend response slow {"duration_ms":420,"cache_type":"full_page"} []
[2026-06-28 01:01:56] main.WARNING: Cache backend response slow {"duration_ms":420,"cache_type":"full_page"} []
[2026-06-28 01:01:56] main.INFO: Cache cleaned successfully {"cache_type":"full_page"} []
[2026-06-28 01:01:56] main.INFO: Cache cleaned successfully {"cache_type":"full_page"} []
[2026-06-28 01:01:56] main.WARNING: Redis connection pool near capacity {"used":85,"max":100} []
[2026-06-28 01:01:56] main.WARNING: Redis connection pool near capacity {"used":85,"max":100} []
[2026-06-28 01:01:56] main.WARNING: Cache backend response slow {"duration_ms":420,"cache_type":"full_page"} []
[2026-06-28 01:01:56] main.WARNING: Cron schedule missed {"job":"sales_clean_quotes","delay_sec":180} []
[2026-06-28 01:01:56] main.WARNING: Cron schedule missed {"job":"sales_clean_quotes","delay_sec":180} []
[2026-06-28 01:01:56] main.WARNING: Cron schedule missed {"job":"sales_clean_quotes","delay_sec":180} []
[2026-06-28 01:01:56] main.INFO: Customer login successful {"area":"frontend"} []
[2026-06-28 01:01:56] main.INFO: Customer login successful {"area":"frontend"} []
[2026-06-28 01:01:56] main.INFO: Product page rendered from cache {"cache_hit":true} []
[2026-06-28 01:01:56] main.INFO: Customer login successful {"area":"frontend"} []
[2026-06-28 01:01:56] main.INFO: Order placed successfully {"payment_method":"checkmo"} []
[2026-06-28 01:01:56] main.WARNING: Cache backend response slow {"duration_ms":420,"cache_type":"full_page"} []
[2026-06-28 01:01:56] main.WARNING: Cron schedule missed {"job":"sales_clean_quotes","delay_sec":180} []
[2026-06-28 01:01:56] main.INFO: Order placed successfully {"payment_method":"checkmo"} []
[2026-06-28 01:01:56] main.WARNING: Redis connection pool near capacity {"used":85,"max":100} []
[2026-06-28 01:01:56] main.WARNING: Redis connection pool near capacity {"used":85,"max":100} []
[2026-06-28 01:01:56] main.WARNING: Redis connection pool near capacity {"used":85,"max":100} []
[2026-06-28 01:01:58] main.INFO: Customer login successful {"area":"frontend"} []
[2026-06-28 01:01:58] main.INFO: Product page rendered from cache {"cache_hit":true} []
[2026-06-28 01:01:58] main.WARNING: Cache backend response slow {"duration_ms":420,"cache_type":"full_page"} []
[2026-06-28 01:01:59] main.INFO: Product page rendered from cache {"cache_hit":true} []
[2026-06-28 01:01:59] main.WARNING: Cache backend response slow {"duration_ms":420,"cache_type":"full_page"} []
[2026-06-28 01:01:59] main.INFO: Customer login successful {"area":"frontend"} []
[2026-06-28 01:01:59] main.INFO: Customer login successful {"area":"frontend"} []
[2026-06-28 01:01:59] main.WARNING: Redis connection pool near capacity {"used":85,"max":100} []
[2026-06-28 01:01:59] main.WARNING: Cron schedule missed {"job":"sales_clean_quotes","delay_sec":180} []
[2026-06-28 01:01:59] main.INFO: Product page rendered from cache {"cache_hit":true} []
[2026-06-28 01:01:59] main.INFO: Customer login successful {"area":"frontend"} []
[2026-06-28 01:01:59] main.INFO: Cache cleaned successfully {"cache_type":"full_page"} []
[2026-06-28 01:01:59] main.WARNING: Redis connection pool near capacity {"used":85,"max":100} []
[2026-06-28 01:01:59] main.WARNING: Redis connection pool near capacity {"used":85,"max":100} []
[2026-06-28 01:01:59] main.WARNING: Cron schedule missed {"job":"sales_clean_quotes","delay_sec":180} []
[2026-06-28 01:01:59] main.WARNING: Redis connection pool near capacity {"used":85,"max":100} []
[2026-06-28 01:01:59] main.WARNING: Cron schedule missed {"job":"sales_clean_quotes","delay_sec":180} []
[2026-06-28 01:01:59] main.WARNING: Cron schedule missed {"job":"sales_clean_quotes","delay_sec":180} []
[2026-06-28 01:01:59] main.INFO: Cache cleaned successfully {"cache_type":"full_page"} []
[2026-06-28 01:01:59] main.WARNING: Cache backend response slow {"duration_ms":420,"cache_type":"full_page"} []
[2026-06-28 01:02:01] main.INFO: Product page rendered from cache {"cache_hit":true} []
[2026-06-28 01:02:01] main.INFO: Order placed successfully {"payment_method":"checkmo"} []
[2026-06-28 01:02:01] main.WARNING: Cache backend response slow {"duration_ms":420,"cache_type":"full_page"} []
[2026-06-28 01:02:01] main.WARNING: Cache backend response slow {"duration_ms":420,"cache_type":"full_page"} []
[2026-06-28 01:02:01] main.NOTICE: Cron job completed {"job":"catalog_product_index_price_reindex_all"} []
[2026-06-28 01:02:01] main.INFO: Cache cleaned successfully {"cache_type":"full_page"} []
[2026-06-28 01:02:01] main.INFO: Product page rendered from cache {"cache_hit":true} []
[2026-06-28 01:02:01] main.INFO: Cache cleaned successfully {"cache_type":"full_page"} []
[2026-06-28 01:02:01] main.INFO: Cache cleaned successfully {"cache_type":"full_page"} []
[2026-06-28 01:02:01] main.WARNING: Redis connection pool near capacity {"used":85,"max":100} []
[2026-06-28 01:02:01] main.WARNING: Redis connection pool near capacity {"used":85,"max":100} []
[2026-06-28 01:02:01] main.INFO: Customer login successful {"area":"frontend"} []
[2026-06-28 01:02:01] main.WARNING: Redis connection pool near capacity {"used":85,"max":100} []
[2026-06-28 01:02:01] main.WARNING: Cache backend response slow {"duration_ms":420,"cache_type":"full_page"} []
[2026-06-28 01:02:01] main.NOTICE: Cron job completed {"job":"catalog_product_index_price_reindex_all"} []
[2026-06-28 01:02:01] main.WARNING: Cron schedule missed {"job":"sales_clean_quotes","delay_sec":180} []
[2026-06-28 01:02:02] main.NOTICE: Cron job completed {"job":"catalog_product_index_price_reindex_all"} []
[2026-06-28 01:02:02] main.WARNING: Cache backend response slow {"duration_ms":420,"cache_type":"full_page"} []
[2026-06-28 01:02:02] main.WARNING: Cron schedule missed {"job":"sales_clean_quotes","delay_sec":180} []
[2026-06-28 01:02:02] main.NOTICE: Cron job completed {"job":"catalog_product_index_price_reindex_all"} []
[2026-06-28 01:02:04] main.WARNING: Redis connection pool near capacity {"used":85,"max":100} []
[2026-06-28 01:02:04] main.WARNING: Cache backend response slow {"duration_ms":420,"cache_type":"full_page"} []
[2026-06-28 01:02:04] main.INFO: Customer login successful {"area":"frontend"} []
[2026-06-28 01:02:04] main.INFO: Customer login successful {"area":"frontend"} []
[2026-06-28 01:02:04] main.INFO: Customer login successful {"area":"frontend"} []
[2026-06-28 01:02:04] main.INFO: Cache cleaned successfully {"cache_type":"full_page"} []
[2026-06-28 01:02:04] main.INFO: Order placed successfully {"payment_method":"checkmo"} []
[2026-06-28 01:02:04] main.WARNING: Cache backend response slow {"duration_ms":420,"cache_type":"full_page"} []
[2026-06-28 01:02:04] main.WARNING: Cron schedule missed {"job":"sales_clean_quotes","delay_sec":180} []
[2026-06-28 01:02:04] main.WARNING: Cron schedule missed {"job":"sales_clean_quotes","delay_sec":180} []
[2026-06-28 01:02:04] main.WARNING: Cron schedule missed {"job":"sales_clean_quotes","delay_sec":180} []
[2026-06-28 01:02:04] main.WARNING: Redis connection pool near capacity {"used":85,"max":100} []
[2026-06-28 01:02:04] main.NOTICE: Cron job completed {"job":"catalog_product_index_price_reindex_all"} []
[2026-06-28 01:02:04] main.WARNING: Redis connection pool near capacity {"used":85,"max":100} []
[2026-06-28 01:02:04] main.INFO: Order placed successfully {"payment_method":"checkmo"} []
[2026-06-28 01:02:04] main.NOTICE: Cron job completed {"job":"catalog_product_index_price_reindex_all"} []
[2026-06-28 01:02:04] main.INFO: Cache cleaned successfully {"cache_type":"full_page"} []
[2026-06-28 01:02:04] main.WARNING: Redis connection pool near capacity {"used":85,"max":100} []
[2026-06-28 01:02:04] main.INFO: Customer login successful {"area":"frontend"} []
[2026-06-28 01:02:04] main.WARNING: Cron schedule missed {"job":"sales_clean_quotes","delay_sec":180} []
[2026-06-28 01:02:06] main.NOTICE: Cron job completed {"job":"catalog_product_index_price_reindex_all"} []
[2026-06-28 01:02:06] main.WARNING: Cron schedule missed {"job":"sales_clean_quotes","delay_sec":180} []
[2026-06-28 01:02:06] main.NOTICE: Cron job completed {"job":"catalog_product_index_price_reindex_all"} []
[2026-06-28 01:02:06] main.INFO: Product page rendered from cache {"cache_hit":true} []
[2026-06-28 01:02:06] main.WARNING: Cache backend response slow {"duration_ms":420,"cache_type":"full_page"} []
[2026-06-28 01:02:06] main.NOTICE: Cron job completed {"job":"catalog_product_index_price_reindex_all"} []
[2026-06-28 01:02:06] main.INFO: Product page rendered from cache {"cache_hit":true} []
[2026-06-28 01:02:06] main.INFO: Cache cleaned successfully {"cache_type":"full_page"} []
[2026-06-28 01:02:06] main.WARNING: Cache backend response slow {"duration_ms":420,"cache_type":"full_page"} []
[2026-06-28 01:02:06] main.WARNING: Redis connection pool near capacity {"used":85,"max":100} []
[2026-06-28 01:02:06] main.WARNING: Cron schedule missed {"job":"sales_clean_quotes","delay_sec":180} []
[2026-06-28 01:02:06] main.INFO: Product page rendered from cache {"cache_hit":true} []
[2026-06-28 01:02:06] main.WARNING: Cache backend response slow {"duration_ms":420,"cache_type":"full_page"} []
[2026-06-28 01:02:06] main.INFO: Customer login successful {"area":"frontend"} []
[2026-06-28 01:02:06] main.INFO: Order placed successfully {"payment_method":"checkmo"} []
[2026-06-28 01:02:06] main.WARNING: Cache backend response slow {"duration_ms":420,"cache_type":"full_page"} []
[2026-06-28 01:02:06] main.NOTICE: Cron job completed {"job":"catalog_product_index_price_reindex_all"} []
[2026-06-28 01:02:06] main.NOTICE: Cron job completed {"job":"catalog_product_index_price_reindex_all"} []
[2026-06-28 01:02:06] main.WARNING: Redis connection pool near capacity {"used":85,"max":100} []
[2026-06-28 01:02:06] main.INFO: Customer login successful {"area":"frontend"} []
[2026-06-28 01:02:08] main.WARNING: Cache backend response slow {"duration_ms":420,"cache_type":"full_page"} []
[2026-06-28 01:02:08] main.INFO: Order placed successfully {"payment_method":"checkmo"} []
[2026-06-28 01:02:08] main.WARNING: Redis connection pool near capacity {"used":85,"max":100} []
[2026-06-28 01:02:08] main.NOTICE: Cron job completed {"job":"catalog_product_index_price_reindex_all"} []
[2026-06-28 01:02:08] main.WARNING: Cron schedule missed {"job":"sales_clean_quotes","delay_sec":180} []
[2026-06-28 01:02:08] main.INFO: Cache cleaned successfully {"cache_type":"full_page"} []
[2026-06-28 01:02:08] main.INFO: Customer login successful {"area":"frontend"} []
[2026-06-28 01:02:09] main.INFO: Product page rendered from cache {"cache_hit":true} []
[2026-06-28 01:02:09] main.INFO: Customer login successful {"area":"frontend"} []
[2026-06-28 01:02:09] main.NOTICE: Cron job completed {"job":"catalog_product_index_price_reindex_all"} []
[2026-06-28 01:02:09] main.WARNING: Cache backend response slow {"duration_ms":420,"cache_type":"full_page"} []
[2026-06-28 01:02:09] main.WARNING: Cache backend response slow {"duration_ms":420,"cache_type":"full_page"} []
[2026-06-28 01:02:09] main.INFO: Cache cleaned successfully {"cache_type":"full_page"} []
[2026-06-28 01:02:09] main.WARNING: Cron schedule missed {"job":"sales_clean_quotes","delay_sec":180} []
[2026-06-28 01:02:09] main.WARNING: Cron schedule missed {"job":"sales_clean_quotes","delay_sec":180} []
[2026-06-28 01:02:09] main.WARNING: Cache backend response slow {"duration_ms":420,"cache_type":"full_page"} []
[2026-06-28 01:02:09] main.INFO: Customer login successful {"area":"frontend"} []
[2026-06-28 01:02:09] main.NOTICE: Cron job completed {"job":"catalog_product_index_price_reindex_all"} []
[2026-06-28 01:02:09] main.INFO: Customer login successful {"area":"frontend"} []
[2026-06-28 01:02:09] main.WARNING: Redis connection pool near capacity {"used":85,"max":100} []
[2026-06-28 01:02:11] main.WARNING: Cache backend response slow {"duration_ms":420,"cache_type":"full_page"} []
[2026-06-28 01:02:11] main.WARNING: Cache backend response slow {"duration_ms":420,"cache_type":"full_page"} []
[2026-06-28 01:02:11] main.WARNING: Cron schedule missed {"job":"sales_clean_quotes","delay_sec":180} []
[2026-06-28 01:02:11] main.INFO: Order placed successfully {"payment_method":"checkmo"} []
[2026-06-28 01:02:11] main.INFO: Order placed successfully {"payment_method":"checkmo"} []
[2026-06-28 01:02:11] main.WARNING: Redis connection pool near capacity {"used":85,"max":100} []
[2026-06-28 01:02:11] main.WARNING: Redis connection pool near capacity {"used":85,"max":100} []
[2026-06-28 01:02:11] main.NOTICE: Cron job completed {"job":"catalog_product_index_price_reindex_all"} []
[2026-06-28 01:02:11] main.INFO: Cache cleaned successfully {"cache_type":"full_page"} []
[2026-06-28 01:02:11] main.WARNING: Cron schedule missed {"job":"sales_clean_quotes","delay_sec":180} []
[2026-06-28 01:02:11] main.WARNING: Cache backend response slow {"duration_ms":420,"cache_type":"full_page"} []
[2026-06-28 01:02:11] main.WARNING: Redis connection pool near capacity {"used":85,"max":100} []
[2026-06-28 01:02:11] main.WARNING: Cron schedule missed {"job":"sales_clean_quotes","delay_sec":180} []
[2026-06-28 01:02:11] main.INFO: Product page rendered from cache {"cache_hit":true} []
[2026-06-28 01:02:11] main.WARNING: Cron schedule missed {"job":"sales_clean_quotes","delay_sec":180} []
[2026-06-28 01:02:11] main.INFO: Customer login successful {"area":"frontend"} []
[2026-06-28 01:02:11] main.WARNING: Cron schedule missed {"job":"sales_clean_quotes","delay_sec":180} []
[2026-06-28 01:02:11] main.WARNING: Cache backend response slow {"duration_ms":420,"cache_type":"full_page"} []
[2026-06-28 01:02:11] main.INFO: Product page rendered from cache {"cache_hit":true} []
[2026-06-28 01:02:11] main.INFO: Cache cleaned successfully {"cache_type":"full_page"} []
[2026-06-28 01:02:13] main.WARNING: Cron schedule missed {"job":"sales_clean_quotes","delay_sec":180} []
[2026-06-28 01:02:13] main.INFO: Product page rendered from cache {"cache_hit":true} []
[2026-06-28 01:02:13] main.INFO: Cache cleaned successfully {"cache_type":"full_page"} []
[2026-06-28 01:02:13] main.WARNING: Redis connection pool near capacity {"used":85,"max":100} []
[2026-06-28 01:02:13] main.WARNING: Cron schedule missed {"job":"sales_clean_quotes","delay_sec":180} []
[2026-06-28 01:02:13] main.WARNING: Cache backend response slow {"duration_ms":420,"cache_type":"full_page"} []
[2026-06-28 01:02:13] main.INFO: Cache cleaned successfully {"cache_type":"full_page"} []
[2026-06-28 01:02:13] main.INFO: Order placed successfully {"payment_method":"checkmo"} []
[2026-06-28 01:02:13] main.INFO: Cache cleaned successfully {"cache_type":"full_page"} []
[2026-06-28 01:02:13] main.WARNING: Redis connection pool near capacity {"used":85,"max":100} []
[2026-06-28 01:02:13] main.WARNING: Redis connection pool near capacity {"used":85,"max":100} []
[2026-06-28 01:02:13] main.INFO: Product page rendered from cache {"cache_hit":true} []
[2026-06-28 01:02:13] main.INFO: Customer login successful {"area":"frontend"} []
[2026-06-28 01:02:13] main.INFO: Customer login successful {"area":"frontend"} []
[2026-06-28 01:02:13] main.INFO: Customer login successful {"area":"frontend"} []
[2026-06-28 01:02:13] main.WARNING: Cache backend response slow {"duration_ms":420,"cache_type":"full_page"} []
[2026-06-28 01:02:13] main.WARNING: Redis connection pool near capacity {"used":85,"max":100} []
[2026-06-28 01:02:13] main.WARNING: Redis connection pool near capacity {"used":85,"max":100} []
[2026-06-28 01:02:13] main.WARNING: Cron schedule missed {"job":"sales_clean_quotes","delay_sec":180} []
[2026-06-28 01:02:13] main.INFO: Cache cleaned successfully {"cache_type":"full_page"} []
[2026-06-28 01:02:15] main.INFO: Cache cleaned successfully {"cache_type":"full_page"} []
[2026-06-28 01:02:16] main.INFO: Product page rendered from cache {"cache_hit":true} []
[2026-06-28 01:02:16] main.NOTICE: Cron job completed {"job":"catalog_product_index_price_reindex_all"} []
[2026-06-28 01:02:16] main.INFO: Order placed successfully {"payment_method":"checkmo"} []
[2026-06-28 01:02:16] main.WARNING: Cache backend response slow {"duration_ms":420,"cache_type":"full_page"} []
[2026-06-28 01:02:16] main.NOTICE: Cron job completed {"job":"catalog_product_index_price_reindex_all"} []
[2026-06-28 01:02:16] main.INFO: Order placed successfully {"payment_method":"checkmo"} []
[2026-06-28 01:02:16] main.INFO: Customer login successful {"area":"frontend"} []
[2026-06-28 01:02:16] main.WARNING: Redis connection pool near capacity {"used":85,"max":100} []
[2026-06-28 01:02:16] main.WARNING: Redis connection pool near capacity {"used":85,"max":100} []
[2026-06-28 01:02:16] main.INFO: Product page rendered from cache {"cache_hit":true} []
[2026-06-28 01:02:16] main.INFO: Order placed successfully {"payment_method":"checkmo"} []
[2026-06-28 01:02:16] main.WARNING: Cache backend response slow {"duration_ms":420,"cache_type":"full_page"} []
[2026-06-28 01:02:16] main.WARNING: Cron schedule missed {"job":"sales_clean_quotes","delay_sec":180} []
[2026-06-28 01:02:16] main.WARNING: Cron schedule missed {"job":"sales_clean_quotes","delay_sec":180} []
[2026-06-28 01:02:16] main.INFO: Cache cleaned successfully {"cache_type":"full_page"} []
[2026-06-28 01:02:16] main.WARNING: Cache backend response slow {"duration_ms":420,"cache_type":"full_page"} []
[2026-06-28 01:02:16] main.WARNING: Cache backend response slow {"duration_ms":420,"cache_type":"full_page"} []
[2026-06-28 01:02:16] main.INFO: Customer login successful {"area":"frontend"} []
[2026-06-28 01:02:16] main.INFO: Order placed successfully {"payment_method":"checkmo"} []
[2026-06-28 01:02:18] main.INFO: Customer login successful {"area":"frontend"} []
[2026-06-28 01:02:18] main.WARNING: Cron schedule missed {"job":"sales_clean_quotes","delay_sec":180} []
[2026-06-28 01:02:18] main.INFO: Cache cleaned successfully {"cache_type":"full_page"} []
[2026-06-28 01:02:18] main.WARNING: Cache backend response slow {"duration_ms":420,"cache_type":"full_page"} []
[2026-06-28 01:02:18] main.WARNING: Redis connection pool near capacity {"used":85,"max":100} []
[2026-06-28 01:02:18] main.INFO: Product page rendered from cache {"cache_hit":true} []
[2026-06-28 01:02:18] main.INFO: Cache cleaned successfully {"cache_type":"full_page"} []
[2026-06-28 01:02:18] main.WARNING: Redis connection pool near capacity {"used":85,"max":100} []
[2026-06-28 01:02:18] main.NOTICE: Cron job completed {"job":"catalog_product_index_price_reindex_all"} []
[2026-06-28 01:02:18] main.WARNING: Redis connection pool near capacity {"used":85,"max":100} []
[2026-06-28 01:02:18] main.WARNING: Cache backend response slow {"duration_ms":420,"cache_type":"full_page"} []
[2026-06-28 01:02:18] main.WARNING: Redis connection pool near capacity {"used":85,"max":100} []
[2026-06-28 01:02:18] main.NOTICE: Cron job completed {"job":"catalog_product_index_price_reindex_all"} []
[2026-06-28 01:02:18] main.WARNING: Redis connection pool near capacity {"used":85,"max":100} []
[2026-06-28 01:02:18] main.WARNING: Cache backend response slow {"duration_ms":420,"cache_type":"full_page"} []
[2026-06-28 01:02:18] main.WARNING: Redis connection pool near capacity {"used":85,"max":100} []
[2026-06-28 01:02:18] main.INFO: Cache cleaned successfully {"cache_type":"full_page"} []
[2026-06-28 01:02:18] main.WARNING: Redis connection pool near capacity {"used":85,"max":100} []
[2026-06-28 01:02:18] main.WARNING: Cache backend response slow {"duration_ms":420,"cache_type":"full_page"} []
[2026-06-28 01:02:18] main.NOTICE: Cron job completed {"job":"catalog_product_index_price_reindex_all"} []
[2026-06-28 01:02:20] main.WARNING: Cache backend response slow {"duration_ms":420,"cache_type":"full_page"} []
[2026-06-28 01:02:20] main.INFO: Order placed successfully {"payment_method":"checkmo"} []
[2026-06-28 01:02:20] main.WARNING: Redis connection pool near capacity {"used":85,"max":100} []
[2026-06-28 01:02:20] main.INFO: Order placed successfully {"payment_method":"checkmo"} []
[2026-06-28 01:02:20] main.WARNING: Cache backend response slow {"duration_ms":420,"cache_type":"full_page"} []
[2026-06-28 01:02:20] main.INFO: Customer login successful {"area":"frontend"} []
[2026-06-28 01:02:20] main.INFO: Order placed successfully {"payment_method":"checkmo"} []
[2026-06-28 01:02:20] main.NOTICE: Cron job completed {"job":"catalog_product_index_price_reindex_all"} []
[2026-06-28 01:02:20] main.INFO: Product page rendered from cache {"cache_hit":true} []
[2026-06-28 01:02:20] main.WARNING: Redis connection pool near capacity {"used":85,"max":100} []
[2026-06-28 01:02:20] main.WARNING: Cache backend response slow {"duration_ms":420,"cache_type":"full_page"} []
[2026-06-28 01:02:20] main.INFO: Customer login successful {"area":"frontend"} []
[2026-06-28 01:02:20] main.INFO: Product page rendered from cache {"cache_hit":true} []
[2026-06-28 01:02:20] main.INFO: Customer login successful {"area":"frontend"} []
[2026-06-28 01:02:20] main.NOTICE: Cron job completed {"job":"catalog_product_index_price_reindex_all"} []
[2026-06-28 01:02:20] main.INFO: Product page rendered from cache {"cache_hit":true} []
[2026-06-28 01:02:20] main.WARNING: Cache backend response slow {"duration_ms":420,"cache_type":"full_page"} []
[2026-06-28 01:02:20] main.INFO: Cache cleaned successfully {"cache_type":"full_page"} []
[2026-06-28 01:02:21] main.WARNING: Redis connection pool near capacity {"used":85,"max":100} []
[2026-06-28 01:02:21] main.WARNING: Redis connection pool near capacity {"used":85,"max":100} []
[2026-06-28 01:02:23] main.NOTICE: Cron job completed {"job":"catalog_product_index_price_reindex_all"} []
[2026-06-28 01:02:23] main.WARNING: Redis connection pool near capacity {"used":85,"max":100} []
[2026-06-28 01:02:23] main.INFO: Order placed successfully {"payment_method":"checkmo"} []
[2026-06-28 01:02:23] main.WARNING: Redis connection pool near capacity {"used":85,"max":100} []
[2026-06-28 01:02:23] main.WARNING: Cron schedule missed {"job":"sales_clean_quotes","delay_sec":180} []
[2026-06-28 01:02:23] main.WARNING: Cache backend response slow {"duration_ms":420,"cache_type":"full_page"} []
[2026-06-28 01:02:23] main.INFO: Order placed successfully {"payment_method":"checkmo"} []
[2026-06-28 01:02:23] main.INFO: Cache cleaned successfully {"cache_type":"full_page"} []
[2026-06-28 01:02:23] main.INFO: Product page rendered from cache {"cache_hit":true} []
[2026-06-28 01:02:23] main.WARNING: Redis connection pool near capacity {"used":85,"max":100} []
[2026-06-28 01:02:23] main.INFO: Cache cleaned successfully {"cache_type":"full_page"} []
[2026-06-28 01:02:23] main.WARNING: Redis connection pool near capacity {"used":85,"max":100} []
[2026-06-28 01:02:23] main.INFO: Order placed successfully {"payment_method":"checkmo"} []
[2026-06-28 01:02:23] main.INFO: Order placed successfully {"payment_method":"checkmo"} []
[2026-06-28 01:02:23] main.INFO: Order placed successfully {"payment_method":"checkmo"} []
[2026-06-28 01:02:23] main.WARNING: Cache backend response slow {"duration_ms":420,"cache_type":"full_page"} []
[2026-06-28 01:02:23] main.INFO: Product page rendered from cache {"cache_hit":true} []
[2026-06-28 01:02:23] main.WARNING: Redis connection pool near capacity {"used":85,"max":100} []
[2026-06-28 01:02:23] main.WARNING: Cron schedule missed {"job":"sales_clean_quotes","delay_sec":180} []
[2026-06-28 01:02:23] main.WARNING: Cache backend response slow {"duration_ms":420,"cache_type":"full_page"} []
[2026-06-28 01:02:25] main.WARNING: Cache backend response slow {"duration_ms":420,"cache_type":"full_page"} []
[2026-06-28 01:02:25] main.INFO: Customer login successful {"area":"frontend"} []
[2026-06-28 01:02:25] main.WARNING: Cache backend response slow {"duration_ms":420,"cache_type":"full_page"} []
[2026-06-28 01:02:25] main.NOTICE: Cron job completed {"job":"catalog_product_index_price_reindex_all"} []
[2026-06-28 01:02:25] main.INFO: Order placed successfully {"payment_method":"checkmo"} []
[2026-06-28 01:02:25] main.WARNING: Cron schedule missed {"job":"sales_clean_quotes","delay_sec":180} []
[2026-06-28 01:02:25] main.INFO: Product page rendered from cache {"cache_hit":true} []
[2026-06-28 01:02:25] main.WARNING: Redis connection pool near capacity {"used":85,"max":100} []
[2026-06-28 01:02:25] main.INFO: Product page rendered from cache {"cache_hit":true} []
[2026-06-28 01:02:25] main.WARNING: Redis connection pool near capacity {"used":85,"max":100} []
[2026-06-28 01:02:25] main.INFO: Customer login successful {"area":"frontend"} []
[2026-06-28 01:02:25] main.WARNING: Redis connection pool near capacity {"used":85,"max":100} []
[2026-06-28 01:02:25] main.INFO: Cache cleaned successfully {"cache_type":"full_page"} []
[2026-06-28 01:02:25] main.WARNING: Cron schedule missed {"job":"sales_clean_quotes","delay_sec":180} []
[2026-06-28 01:02:25] main.WARNING: Cache backend response slow {"duration_ms":420,"cache_type":"full_page"} []
[2026-06-28 01:02:25] main.NOTICE: Cron job completed {"job":"catalog_product_index_price_reindex_all"} []
[2026-06-28 01:02:25] main.WARNING: Redis connection pool near capacity {"used":85,"max":100} []
[2026-06-28 01:02:25] main.WARNING: Cron schedule missed {"job":"sales_clean_quotes","delay_sec":180} []
[2026-06-28 01:02:25] main.INFO: Product page rendered from cache {"cache_hit":true} []
[2026-06-28 01:02:25] main.WARNING: Cache backend response slow {"duration_ms":420,"cache_type":"full_page"} []
[2026-06-28 01:02:27] main.INFO: Order placed successfully {"payment_method":"checkmo"} []
[2026-06-28 01:02:27] main.NOTICE: Cron job completed {"job":"catalog_product_index_price_reindex_all"} []
[2026-06-28 01:02:27] main.WARNING: Cache backend response slow {"duration_ms":420,"cache_type":"full_page"} []
[2026-06-28 01:02:27] main.INFO: Customer login successful {"area":"frontend"} []
[2026-06-28 01:02:27] main.WARNING: Cron schedule missed {"job":"sales_clean_quotes","delay_sec":180} []
[2026-06-28 01:02:27] main.INFO: Customer login successful {"area":"frontend"} []
[2026-06-28 01:02:27] main.INFO: Cache cleaned successfully {"cache_type":"full_page"} []
[2026-06-28 01:02:27] main.NOTICE: Cron job completed {"job":"catalog_product_index_price_reindex_all"} []
[2026-06-28 01:02:27] main.INFO: Order placed successfully {"payment_method":"checkmo"} []
[2026-06-28 01:02:27] main.WARNING: Cache backend response slow {"duration_ms":420,"cache_type":"full_page"} []
[2026-06-28 01:02:27] main.INFO: Customer login successful {"area":"frontend"} []
[2026-06-28 01:02:28] main.INFO: Product page rendered from cache {"cache_hit":true} []
[2026-06-28 01:02:28] main.INFO: Product page rendered from cache {"cache_hit":true} []
[2026-06-28 01:02:28] main.WARNING: Cache backend response slow {"duration_ms":420,"cache_type":"full_page"} []
[2026-06-28 01:02:28] main.WARNING: Redis connection pool near capacity {"used":85,"max":100} []
[2026-06-28 01:02:28] main.INFO: Customer login successful {"area":"frontend"} []
[2026-06-28 01:02:28] main.INFO: Product page rendered from cache {"cache_hit":true} []
[2026-06-28 01:02:28] main.NOTICE: Cron job completed {"job":"catalog_product_index_price_reindex_all"} []
[2026-06-28 01:02:28] main.INFO: Customer login successful {"area":"frontend"} []
[2026-06-28 01:02:28] main.WARNING: Cron schedule missed {"job":"sales_clean_quotes","delay_sec":180} []
[2026-06-28 01:02:30] main.WARNING: Cache backend response slow {"duration_ms":420,"cache_type":"full_page"} []
[2026-06-28 01:02:30] main.INFO: Cache cleaned successfully {"cache_type":"full_page"} []
[2026-06-28 01:02:30] main.WARNING: Cron schedule missed {"job":"sales_clean_quotes","delay_sec":180} []
[2026-06-28 01:02:30] main.WARNING: Redis connection pool near capacity {"used":85,"max":100} []
[2026-06-28 01:02:30] main.INFO: Cache cleaned successfully {"cache_type":"full_page"} []
[2026-06-28 01:02:30] main.INFO: Order placed successfully {"payment_method":"checkmo"} []
[2026-06-28 01:02:30] main.WARNING: Cache backend response slow {"duration_ms":420,"cache_type":"full_page"} []
[2026-06-28 01:02:30] main.INFO: Cache cleaned successfully {"cache_type":"full_page"} []
[2026-06-28 01:02:30] main.NOTICE: Cron job completed {"job":"catalog_product_index_price_reindex_all"} []
[2026-06-28 01:02:30] main.NOTICE: Cron job completed {"job":"catalog_product_index_price_reindex_all"} []
[2026-06-28 01:02:30] main.WARNING: Cache backend response slow {"duration_ms":420,"cache_type":"full_page"} []
[2026-06-28 01:02:30] main.INFO: Customer login successful {"area":"frontend"} []
[2026-06-28 01:02:30] main.WARNING: Redis connection pool near capacity {"used":85,"max":100} []
[2026-06-28 01:02:30] main.INFO: Order placed successfully {"payment_method":"checkmo"} []
[2026-06-28 01:02:30] main.WARNING: Redis connection pool near capacity {"used":85,"max":100} []
[2026-06-28 01:02:30] main.WARNING: Cron schedule missed {"job":"sales_clean_quotes","delay_sec":180} []
[2026-06-28 01:02:30] main.INFO: Order placed successfully {"payment_method":"checkmo"} []
[2026-06-28 01:02:30] main.WARNING: Cache backend response slow {"duration_ms":420,"cache_type":"full_page"} []
[2026-06-28 01:02:30] main.NOTICE: Cron job completed {"job":"catalog_product_index_price_reindex_all"} []
[2026-06-28 01:02:30] main.WARNING: Cache backend response slow {"duration_ms":420,"cache_type":"full_page"} []
[2026-06-28 01:02:32] main.WARNING: Cache backend response slow {"duration_ms":420,"cache_type":"full_page"} []
[2026-06-28 01:02:32] main.WARNING: Cron schedule missed {"job":"sales_clean_quotes","delay_sec":180} []
[2026-06-28 01:02:32] main.WARNING: Cron schedule missed {"job":"sales_clean_quotes","delay_sec":180} []
[2026-06-28 01:02:32] main.NOTICE: Cron job completed {"job":"catalog_product_index_price_reindex_all"} []
[2026-06-28 01:02:32] main.WARNING: Redis connection pool near capacity {"used":85,"max":100} []
[2026-06-28 01:02:32] main.WARNING: Redis connection pool near capacity {"used":85,"max":100} []
[2026-06-28 01:02:32] main.WARNING: Cache backend response slow {"duration_ms":420,"cache_type":"full_page"} []
[2026-06-28 01:02:32] main.INFO: Customer login successful {"area":"frontend"} []
[2026-06-28 01:02:32] main.WARNING: Cache backend response slow {"duration_ms":420,"cache_type":"full_page"} []
[2026-06-28 01:02:32] main.WARNING: Cache backend response slow {"duration_ms":420,"cache_type":"full_page"} []
[2026-06-28 01:02:32] main.WARNING: Redis connection pool near capacity {"used":85,"max":100} []
[2026-06-28 01:02:32] main.WARNING: Redis connection pool near capacity {"used":85,"max":100} []
[2026-06-28 01:02:32] main.INFO: Product page rendered from cache {"cache_hit":true} []
[2026-06-28 01:02:32] main.WARNING: Cron schedule missed {"job":"sales_clean_quotes","delay_sec":180} []
[2026-06-28 01:02:32] main.WARNING: Redis connection pool near capacity {"used":85,"max":100} []
[2026-06-28 01:02:32] main.INFO: Customer login successful {"area":"frontend"} []
[2026-06-28 01:02:32] main.WARNING: Cache backend response slow {"duration_ms":420,"cache_type":"full_page"} []
[2026-06-28 01:02:32] main.WARNING: Cron schedule missed {"job":"sales_clean_quotes","delay_sec":180} []
[2026-06-28 01:02:32] main.NOTICE: Cron job completed {"job":"catalog_product_index_price_reindex_all"} []
[2026-06-28 01:02:32] main.WARNING: Cache backend response slow {"duration_ms":420,"cache_type":"full_page"} []
[2026-06-28 01:02:34] main.INFO: Cache cleaned successfully {"cache_type":"full_page"} []
[2026-06-28 01:02:34] main.NOTICE: Cron job completed {"job":"catalog_product_index_price_reindex_all"} []
[2026-06-28 01:02:35] main.WARNING: Redis connection pool near capacity {"used":85,"max":100} []
[2026-06-28 01:02:35] main.INFO: Order placed successfully {"payment_method":"checkmo"} []
[2026-06-28 01:02:35] main.INFO: Customer login successful {"area":"frontend"} []
[2026-06-28 01:02:35] main.WARNING: Redis connection pool near capacity {"used":85,"max":100} []
[2026-06-28 01:02:35] main.WARNING: Redis connection pool near capacity {"used":85,"max":100} []
[2026-06-28 01:02:35] main.WARNING: Redis connection pool near capacity {"used":85,"max":100} []
[2026-06-28 01:02:35] main.INFO: Customer login successful {"area":"frontend"} []
[2026-06-28 01:02:35] main.WARNING: Redis connection pool near capacity {"used":85,"max":100} []
[2026-06-28 01:02:35] main.WARNING: Cron schedule missed {"job":"sales_clean_quotes","delay_sec":180} []
[2026-06-28 01:02:35] main.INFO: Cache cleaned successfully {"cache_type":"full_page"} []
[2026-06-28 01:02:35] main.WARNING: Cron schedule missed {"job":"sales_clean_quotes","delay_sec":180} []
[2026-06-28 01:02:35] main.INFO: Cache cleaned successfully {"cache_type":"full_page"} []
[2026-06-28 01:02:35] main.NOTICE: Cron job completed {"job":"catalog_product_index_price_reindex_all"} []
[2026-06-28 01:02:35] main.WARNING: Cron schedule missed {"job":"sales_clean_quotes","delay_sec":180} []
[2026-06-28 01:02:35] main.WARNING: Cache backend response slow {"duration_ms":420,"cache_type":"full_page"} []
[2026-06-28 01:02:35] main.WARNING: Cron schedule missed {"job":"sales_clean_quotes","delay_sec":180} []
[2026-06-28 01:02:35] main.NOTICE: Cron job completed {"job":"catalog_product_index_price_reindex_all"} []
[2026-06-28 01:02:35] main.WARNING: Cron schedule missed {"job":"sales_clean_quotes","delay_sec":180} []
[2026-06-28 01:02:37] main.INFO: Customer login successful {"area":"frontend"} []
[2026-06-28 01:02:37] main.INFO: Order placed successfully {"payment_method":"checkmo"} []
[2026-06-28 01:02:37] main.INFO: Cache cleaned successfully {"cache_type":"full_page"} []
[2026-06-28 01:02:37] main.INFO: Order placed successfully {"payment_method":"checkmo"} []
[2026-06-28 01:02:37] main.WARNING: Cron schedule missed {"job":"sales_clean_quotes","delay_sec":180} []
[2026-06-28 01:02:37] main.WARNING: Cache backend response slow {"duration_ms":420,"cache_type":"full_page"} []
[2026-06-28 01:02:37] main.NOTICE: Cron job completed {"job":"catalog_product_index_price_reindex_all"} []
[2026-06-28 01:02:37] main.INFO: Customer login successful {"area":"frontend"} []
[2026-06-28 01:02:37] main.WARNING: Cache backend response slow {"duration_ms":420,"cache_type":"full_page"} []
[2026-06-28 01:02:37] main.WARNING: Cron schedule missed {"job":"sales_clean_quotes","delay_sec":180} []
[2026-06-28 01:02:37] main.WARNING: Cron schedule missed {"job":"sales_clean_quotes","delay_sec":180} []
[2026-06-28 01:02:37] main.WARNING: Redis connection pool near capacity {"used":85,"max":100} []
[2026-06-28 01:02:37] main.INFO: Customer login successful {"area":"frontend"} []
[2026-06-28 01:02:37] main.WARNING: Redis connection pool near capacity {"used":85,"max":100} []
[2026-06-28 01:02:37] main.WARNING: Cache backend response slow {"duration_ms":420,"cache_type":"full_page"} []
[2026-06-28 01:02:37] main.INFO: Cache cleaned successfully {"cache_type":"full_page"} []
[2026-06-28 01:02:37] main.WARNING: Cron schedule missed {"job":"sales_clean_quotes","delay_sec":180} []
[2026-06-28 01:02:37] main.INFO: Product page rendered from cache {"cache_hit":true} []
[2026-06-28 01:02:37] main.INFO: Cache cleaned successfully {"cache_type":"full_page"} []
[2026-06-28 01:02:37] main.WARNING: Cron schedule missed {"job":"sales_clean_quotes","delay_sec":180} []
[2026-06-28 01:02:39] main.WARNING: Cron schedule missed {"job":"sales_clean_quotes","delay_sec":180} []
[2026-06-28 01:02:39] main.INFO: Customer login successful {"area":"frontend"} []
[2026-06-28 01:02:39] main.WARNING: Cache backend response slow {"duration_ms":420,"cache_type":"full_page"} []
[2026-06-28 01:02:39] main.WARNING: Cron schedule missed {"job":"sales_clean_quotes","delay_sec":180} []
[2026-06-28 01:02:39] main.WARNING: Redis connection pool near capacity {"used":85,"max":100} []
[2026-06-28 01:02:39] main.INFO: Product page rendered from cache {"cache_hit":true} []
[2026-06-28 01:02:39] main.WARNING: Redis connection pool near capacity {"used":85,"max":100} []
[2026-06-28 01:02:39] main.INFO: Order placed successfully {"payment_method":"checkmo"} []
[2026-06-28 01:02:39] main.WARNING: Cache backend response slow {"duration_ms":420,"cache_type":"full_page"} []
[2026-06-28 01:02:39] main.INFO: Cache cleaned successfully {"cache_type":"full_page"} []
[2026-06-28 01:02:39] main.INFO: Customer login successful {"area":"frontend"} []
[2026-06-28 01:02:39] main.WARNING: Redis connection pool near capacity {"used":85,"max":100} []
[2026-06-28 01:02:39] main.INFO: Customer login successful {"area":"frontend"} []
[2026-06-28 01:02:40] main.WARNING: Cache backend response slow {"duration_ms":420,"cache_type":"full_page"} []
[2026-06-28 01:02:40] main.INFO: Cache cleaned successfully {"cache_type":"full_page"} []
[2026-06-28 01:02:40] main.NOTICE: Cron job completed {"job":"catalog_product_index_price_reindex_all"} []
[2026-06-28 01:02:40] main.INFO: Order placed successfully {"payment_method":"checkmo"} []
[2026-06-28 01:02:40] main.INFO: Customer login successful {"area":"frontend"} []
[2026-06-28 01:02:40] main.WARNING: Cron schedule missed {"job":"sales_clean_quotes","delay_sec":180} []
[2026-06-28 01:02:40] main.INFO: Customer login successful {"area":"frontend"} []
[2026-06-28 01:02:42] main.WARNING: Cache backend response slow {"duration_ms":420,"cache_type":"full_page"} []
[2026-06-28 01:02:42] main.WARNING: Redis connection pool near capacity {"used":85,"max":100} []
[2026-06-28 01:02:42] main.WARNING: Cache backend response slow {"duration_ms":420,"cache_type":"full_page"} []
[2026-06-28 01:02:42] main.WARNING: Redis connection pool near capacity {"used":85,"max":100} []
[2026-06-28 01:02:42] main.INFO: Order placed successfully {"payment_method":"checkmo"} []
[2026-06-28 01:02:42] main.INFO: Product page rendered from cache {"cache_hit":true} []
[2026-06-28 01:02:42] main.WARNING: Redis connection pool near capacity {"used":85,"max":100} []
[2026-06-28 01:02:42] main.WARNING: Cron schedule missed {"job":"sales_clean_quotes","delay_sec":180} []
[2026-06-28 01:02:42] main.INFO: Customer login successful {"area":"frontend"} []
[2026-06-28 01:02:42] main.WARNING: Cache backend response slow {"duration_ms":420,"cache_type":"full_page"} []
[2026-06-28 01:02:42] main.WARNING: Redis connection pool near capacity {"used":85,"max":100} []
[2026-06-28 01:02:42] main.INFO: Customer login successful {"area":"frontend"} []
[2026-06-28 01:02:42] main.INFO: Product page rendered from cache {"cache_hit":true} []
[2026-06-28 01:02:42] main.INFO: Order placed successfully {"payment_method":"checkmo"} []
[2026-06-28 01:02:42] main.WARNING: Redis connection pool near capacity {"used":85,"max":100} []
[2026-06-28 01:02:42] main.NOTICE: Cron job completed {"job":"catalog_product_index_price_reindex_all"} []
[2026-06-28 01:02:42] main.INFO: Customer login successful {"area":"frontend"} []
[2026-06-28 01:02:42] main.WARNING: Cache backend response slow {"duration_ms":420,"cache_type":"full_page"} []
[2026-06-28 01:02:42] main.NOTICE: Cron job completed {"job":"catalog_product_index_price_reindex_all"} []
[2026-06-28 01:02:42] main.INFO: Customer login successful {"area":"frontend"} []
[2026-06-28 01:02:44] main.WARNING: Redis connection pool near capacity {"used":85,"max":100} []
[2026-06-28 01:02:44] main.INFO: Order placed successfully {"payment_method":"checkmo"} []
[2026-06-28 01:02:44] main.NOTICE: Cron job completed {"job":"catalog_product_index_price_reindex_all"} []
[2026-06-28 01:02:44] main.INFO: Order placed successfully {"payment_method":"checkmo"} []
[2026-06-28 01:02:44] main.INFO: Cache cleaned successfully {"cache_type":"full_page"} []
[2026-06-28 01:02:44] main.WARNING: Cache backend response slow {"duration_ms":420,"cache_type":"full_page"} []
[2026-06-28 01:02:44] main.INFO: Cache cleaned successfully {"cache_type":"full_page"} []
[2026-06-28 01:02:44] main.INFO: Customer login successful {"area":"frontend"} []
[2026-06-28 01:02:44] main.INFO: Product page rendered from cache {"cache_hit":true} []
[2026-06-28 01:02:44] main.WARNING: Cache backend response slow {"duration_ms":420,"cache_type":"full_page"} []
[2026-06-28 01:02:44] main.WARNING: Cache backend response slow {"duration_ms":420,"cache_type":"full_page"} []
[2026-06-28 01:02:44] main.WARNING: Cron schedule missed {"job":"sales_clean_quotes","delay_sec":180} []
[2026-06-28 01:02:44] main.INFO: Cache cleaned successfully {"cache_type":"full_page"} []
[2026-06-28 01:02:44] main.WARNING: Cron schedule missed {"job":"sales_clean_quotes","delay_sec":180} []
[2026-06-28 01:02:44] main.INFO: Cache cleaned successfully {"cache_type":"full_page"} []
[2026-06-28 01:02:44] main.WARNING: Redis connection pool near capacity {"used":85,"max":100} []
[2026-06-28 01:02:44] main.WARNING: Cron schedule missed {"job":"sales_clean_quotes","delay_sec":180} []
[2026-06-28 01:02:44] main.INFO: Product page rendered from cache {"cache_hit":true} []
[2026-06-28 01:02:44] main.INFO: Order placed successfully {"payment_method":"checkmo"} []
[2026-06-28 01:02:44] main.NOTICE: Cron job completed {"job":"catalog_product_index_price_reindex_all"} []
[2026-06-28 01:02:46] main.WARNING: Cache backend response slow {"duration_ms":420,"cache_type":"full_page"} []
[2026-06-28 01:02:46] main.INFO: Product page rendered from cache {"cache_hit":true} []
[2026-06-28 01:02:46] main.INFO: Order placed successfully {"payment_method":"checkmo"} []
[2026-06-28 01:02:46] main.WARNING: Redis connection pool near capacity {"used":85,"max":100} []
[2026-06-28 01:02:46] main.NOTICE: Cron job completed {"job":"catalog_product_index_price_reindex_all"} []
[2026-06-28 01:02:46] main.INFO: Customer login successful {"area":"frontend"} []
[2026-06-28 01:02:46] main.NOTICE: Cron job completed {"job":"catalog_product_index_price_reindex_all"} []
[2026-06-28 01:02:47] main.INFO: Order placed successfully {"payment_method":"checkmo"} []
[2026-06-28 01:02:47] main.INFO: Customer login successful {"area":"frontend"} []
[2026-06-28 01:02:47] main.INFO: Product page rendered from cache {"cache_hit":true} []
[2026-06-28 01:02:47] main.INFO: Customer login successful {"area":"frontend"} []
[2026-06-28 01:02:47] main.WARNING: Cache backend response slow {"duration_ms":420,"cache_type":"full_page"} []
[2026-06-28 01:02:47] main.WARNING: Redis connection pool near capacity {"used":85,"max":100} []
[2026-06-28 01:02:47] main.WARNING: Redis connection pool near capacity {"used":85,"max":100} []
[2026-06-28 01:02:47] main.INFO: Cache cleaned successfully {"cache_type":"full_page"} []
[2026-06-28 01:02:47] main.WARNING: Cache backend response slow {"duration_ms":420,"cache_type":"full_page"} []
[2026-06-28 01:02:47] main.WARNING: Cache backend response slow {"duration_ms":420,"cache_type":"full_page"} []
[2026-06-28 01:02:47] main.WARNING: Cron schedule missed {"job":"sales_clean_quotes","delay_sec":180} []
[2026-06-28 01:02:47] main.INFO: Customer login successful {"area":"frontend"} []
[2026-06-28 01:02:47] main.WARNING: Cache backend response slow {"duration_ms":420,"cache_type":"full_page"} []
[2026-06-28 01:02:49] main.INFO: Customer login successful {"area":"frontend"} []
[2026-06-28 01:02:49] main.INFO: Product page rendered from cache {"cache_hit":true} []
[2026-06-28 01:02:49] main.INFO: Customer login successful {"area":"frontend"} []
[2026-06-28 01:02:49] main.INFO: Cache cleaned successfully {"cache_type":"full_page"} []
[2026-06-28 01:02:49] main.WARNING: Cache backend response slow {"duration_ms":420,"cache_type":"full_page"} []
[2026-06-28 01:02:49] main.WARNING: Redis connection pool near capacity {"used":85,"max":100} []
[2026-06-28 01:02:49] main.INFO: Order placed successfully {"payment_method":"checkmo"} []
[2026-06-28 01:02:49] main.WARNING: Cache backend response slow {"duration_ms":420,"cache_type":"full_page"} []
[2026-06-28 01:02:49] main.INFO: Order placed successfully {"payment_method":"checkmo"} []
[2026-06-28 01:02:49] main.WARNING: Redis connection pool near capacity {"used":85,"max":100} []
[2026-06-28 01:02:49] main.WARNING: Redis connection pool near capacity {"used":85,"max":100} []
[2026-06-28 01:02:49] main.WARNING: Cron schedule missed {"job":"sales_clean_quotes","delay_sec":180} []
[2026-06-28 01:02:49] main.WARNING: Redis connection pool near capacity {"used":85,"max":100} []
[2026-06-28 01:02:49] main.WARNING: Cache backend response slow {"duration_ms":420,"cache_type":"full_page"} []
[2026-06-28 01:02:49] main.INFO: Customer login successful {"area":"frontend"} []
[2026-06-28 01:02:49] main.INFO: Customer login successful {"area":"frontend"} []
[2026-06-28 01:02:49] main.WARNING: Cron schedule missed {"job":"sales_clean_quotes","delay_sec":180} []
[2026-06-28 01:02:49] main.INFO: Cache cleaned successfully {"cache_type":"full_page"} []
[2026-06-28 01:02:49] main.NOTICE: Cron job completed {"job":"catalog_product_index_price_reindex_all"} []
[2026-06-28 01:02:49] main.WARNING: Redis connection pool near capacity {"used":85,"max":100} []
[2026-06-28 01:02:51] main.INFO: Product page rendered from cache {"cache_hit":true} []
[2026-06-28 01:02:51] main.INFO: Product page rendered from cache {"cache_hit":true} []
[2026-06-28 01:02:51] main.WARNING: Cron schedule missed {"job":"sales_clean_quotes","delay_sec":180} []
[2026-06-28 01:02:51] main.WARNING: Cache backend response slow {"duration_ms":420,"cache_type":"full_page"} []
[2026-06-28 01:02:51] main.INFO: Cache cleaned successfully {"cache_type":"full_page"} []
[2026-06-28 01:02:51] main.INFO: Product page rendered from cache {"cache_hit":true} []
[2026-06-28 01:02:51] main.WARNING: Cache backend response slow {"duration_ms":420,"cache_type":"full_page"} []
[2026-06-28 01:02:51] main.INFO: Product page rendered from cache {"cache_hit":true} []
[2026-06-28 01:02:51] main.INFO: Cache cleaned successfully {"cache_type":"full_page"} []
[2026-06-28 01:02:51] main.INFO: Cache cleaned successfully {"cache_type":"full_page"} []
[2026-06-28 01:02:51] main.INFO: Customer login successful {"area":"frontend"} []
[2026-06-28 01:02:51] main.WARNING: Cache backend response slow {"duration_ms":420,"cache_type":"full_page"} []
[2026-06-28 01:02:51] main.INFO: Cache cleaned successfully {"cache_type":"full_page"} []
[2026-06-28 01:02:51] main.WARNING: Cache backend response slow {"duration_ms":420,"cache_type":"full_page"} []
[2026-06-28 01:02:51] main.WARNING: Cache backend response slow {"duration_ms":420,"cache_type":"full_page"} []
[2026-06-28 01:02:51] main.WARNING: Redis connection pool near capacity {"used":85,"max":100} []
[2026-06-28 01:02:51] main.NOTICE: Cron job completed {"job":"catalog_product_index_price_reindex_all"} []
[2026-06-28 01:02:51] main.INFO: Customer login successful {"area":"frontend"} []
[2026-06-28 01:02:51] main.WARNING: Redis connection pool near capacity {"used":85,"max":100} []
[2026-06-28 01:02:51] main.WARNING: Cron schedule missed {"job":"sales_clean_quotes","delay_sec":180} []
[2026-06-28 01:02:54] main.WARNING: Cron schedule missed {"job":"sales_clean_quotes","delay_sec":180} []
[2026-06-28 01:02:54] main.INFO: Order placed successfully {"payment_method":"checkmo"} []
[2026-06-28 01:02:54] main.WARNING: Redis connection pool near capacity {"used":85,"max":100} []
[2026-06-28 01:02:54] main.WARNING: Redis connection pool near capacity {"used":85,"max":100} []
[2026-06-28 01:02:54] main.WARNING: Cron schedule missed {"job":"sales_clean_quotes","delay_sec":180} []
[2026-06-28 01:02:54] main.INFO: Order placed successfully {"payment_method":"checkmo"} []
[2026-06-28 01:02:54] main.INFO: Order placed successfully {"payment_method":"checkmo"} []
[2026-06-28 01:02:54] main.WARNING: Cache backend response slow {"duration_ms":420,"cache_type":"full_page"} []
[2026-06-28 01:02:54] main.WARNING: Cache backend response slow {"duration_ms":420,"cache_type":"full_page"} []
[2026-06-28 01:02:54] main.NOTICE: Cron job completed {"job":"catalog_product_index_price_reindex_all"} []
[2026-06-28 01:02:54] main.WARNING: Cache backend response slow {"duration_ms":420,"cache_type":"full_page"} []
[2026-06-28 01:02:54] main.WARNING: Cache backend response slow {"duration_ms":420,"cache_type":"full_page"} []
[2026-06-28 01:02:54] main.INFO: Product page rendered from cache {"cache_hit":true} []
[2026-06-28 01:02:54] main.NOTICE: Cron job completed {"job":"catalog_product_index_price_reindex_all"} []
[2026-06-28 01:02:54] main.WARNING: Redis connection pool near capacity {"used":85,"max":100} []
[2026-06-28 01:02:54] main.WARNING: Cron schedule missed {"job":"sales_clean_quotes","delay_sec":180} []
[2026-06-28 01:02:54] main.INFO: Product page rendered from cache {"cache_hit":true} []
[2026-06-28 01:02:54] main.INFO: Order placed successfully {"payment_method":"checkmo"} []
[2026-06-28 01:02:54] main.INFO: Product page rendered from cache {"cache_hit":true} []
[2026-06-28 01:02:54] main.NOTICE: Cron job completed {"job":"catalog_product_index_price_reindex_all"} []
[2026-06-28 01:02:56] main.NOTICE: Cron job completed {"job":"catalog_product_index_price_reindex_all"} []
[2026-06-28 01:02:56] main.INFO: Order placed successfully {"payment_method":"checkmo"} []
[2026-06-28 01:02:56] main.WARNING: Redis connection pool near capacity {"used":85,"max":100} []
[2026-06-28 01:02:56] main.WARNING: Cache backend response slow {"duration_ms":420,"cache_type":"full_page"} []
[2026-06-28 01:02:56] main.WARNING: Redis connection pool near capacity {"used":85,"max":100} []
[2026-06-28 01:02:56] main.WARNING: Redis connection pool near capacity {"used":85,"max":100} []
[2026-06-28 01:02:56] main.INFO: Customer login successful {"area":"frontend"} []
[2026-06-28 01:02:56] main.INFO: Cache cleaned successfully {"cache_type":"full_page"} []
[2026-06-28 01:02:56] main.INFO: Customer login successful {"area":"frontend"} []
[2026-06-28 01:02:56] main.WARNING: Cache backend response slow {"duration_ms":420,"cache_type":"full_page"} []
[2026-06-28 01:02:56] main.INFO: Customer login successful {"area":"frontend"} []
[2026-06-28 01:02:56] main.WARNING: Cron schedule missed {"job":"sales_clean_quotes","delay_sec":180} []
[2026-06-28 01:02:56] main.WARNING: Cron schedule missed {"job":"sales_clean_quotes","delay_sec":180} []
[2026-06-28 01:02:56] main.INFO: Customer login successful {"area":"frontend"} []
[2026-06-28 01:02:56] main.INFO: Order placed successfully {"payment_method":"checkmo"} []
[2026-06-28 01:02:56] main.WARNING: Cache backend response slow {"duration_ms":420,"cache_type":"full_page"} []
[2026-06-28 01:02:56] main.WARNING: Cache backend response slow {"duration_ms":420,"cache_type":"full_page"} []
[2026-06-28 01:02:56] main.INFO: Cache cleaned successfully {"cache_type":"full_page"} []
[2026-06-28 01:02:56] main.INFO: Cache cleaned successfully {"cache_type":"full_page"} []
[2026-06-28 01:02:56] main.WARNING: Cache backend response slow {"duration_ms":420,"cache_type":"full_page"} []
[2026-06-28 01:02:58] main.WARNING: Cron schedule missed {"job":"sales_clean_quotes","delay_sec":180} []
[2026-06-28 01:02:58] main.WARNING: Cron schedule missed {"job":"sales_clean_quotes","delay_sec":180} []
[2026-06-28 01:02:58] main.INFO: Customer login successful {"area":"frontend"} []
[2026-06-28 01:02:58] main.INFO: Cache cleaned successfully {"cache_type":"full_page"} []
[2026-06-28 01:02:58] main.WARNING: Cron schedule missed {"job":"sales_clean_quotes","delay_sec":180} []
[2026-06-28 01:02:58] main.WARNING: Redis connection pool near capacity {"used":85,"max":100} []
[2026-06-28 01:02:58] main.WARNING: Redis connection pool near capacity {"used":85,"max":100} []
[2026-06-28 01:02:59] main.INFO: Cache cleaned successfully {"cache_type":"full_page"} []
[2026-06-28 01:02:59] main.INFO: Customer login successful {"area":"frontend"} []
[2026-06-28 01:02:59] main.WARNING: Redis connection pool near capacity {"used":85,"max":100} []
[2026-06-28 01:02:59] main.WARNING: Redis connection pool near capacity {"used":85,"max":100} []
[2026-06-28 01:02:59] main.INFO: Cache cleaned successfully {"cache_type":"full_page"} []
[2026-06-28 01:02:59] main.WARNING: Cache backend response slow {"duration_ms":420,"cache_type":"full_page"} []
[2026-06-28 01:02:59] main.NOTICE: Cron job completed {"job":"catalog_product_index_price_reindex_all"} []
[2026-06-28 01:02:59] main.INFO: Order placed successfully {"payment_method":"checkmo"} []
[2026-06-28 01:02:59] main.WARNING: Cache backend response slow {"duration_ms":420,"cache_type":"full_page"} []
[2026-06-28 01:02:59] main.INFO: Order placed successfully {"payment_method":"checkmo"} []
[2026-06-28 01:02:59] main.WARNING: Cache backend response slow {"duration_ms":420,"cache_type":"full_page"} []
[2026-06-28 01:02:59] main.WARNING: Cache backend response slow {"duration_ms":420,"cache_type":"full_page"} []
[2026-06-28 01:02:59] main.INFO: Product page rendered from cache {"cache_hit":true} []
[2026-06-28 01:03:01] main.INFO: Cache cleaned successfully {"cache_type":"full_page"} []
[2026-06-28 01:03:01] main.WARNING: Cache backend response slow {"duration_ms":420,"cache_type":"full_page"} []
[2026-06-28 01:03:01] main.WARNING: Cache backend response slow {"duration_ms":420,"cache_type":"full_page"} []
[2026-06-28 01:03:01] main.INFO: Order placed successfully {"payment_method":"checkmo"} []
[2026-06-28 01:03:01] main.INFO: Order placed successfully {"payment_method":"checkmo"} []
[2026-06-28 01:03:01] main.INFO: Customer login successful {"area":"frontend"} []
[2026-06-28 01:03:01] main.INFO: Cache cleaned successfully {"cache_type":"full_page"} []
[2026-06-28 01:03:01] main.INFO: Product page rendered from cache {"cache_hit":true} []
[2026-06-28 01:03:01] main.INFO: Cache cleaned successfully {"cache_type":"full_page"} []
[2026-06-28 01:03:01] main.WARNING: Cache backend response slow {"duration_ms":420,"cache_type":"full_page"} []
[2026-06-28 01:03:01] main.INFO: Customer login successful {"area":"frontend"} []
[2026-06-28 01:03:01] main.INFO: Customer login successful {"area":"frontend"} []
[2026-06-28 01:03:01] main.INFO: Cache cleaned successfully {"cache_type":"full_page"} []
[2026-06-28 01:03:01] main.WARNING: Redis connection pool near capacity {"used":85,"max":100} []
[2026-06-28 01:03:01] main.WARNING: Redis connection pool near capacity {"used":85,"max":100} []
[2026-06-28 01:03:01] main.WARNING: Cache backend response slow {"duration_ms":420,"cache_type":"full_page"} []
[2026-06-28 01:03:01] main.INFO: Product page rendered from cache {"cache_hit":true} []
[2026-06-28 01:03:01] main.INFO: Order placed successfully {"payment_method":"checkmo"} []
[2026-06-28 01:03:01] main.WARNING: Cache backend response slow {"duration_ms":420,"cache_type":"full_page"} []
[2026-06-28 01:03:01] main.WARNING: Redis connection pool near capacity {"used":85,"max":100} []
[2026-06-28 01:03:03] main.NOTICE: Cron job completed {"job":"catalog_product_index_price_reindex_all"} []
[2026-06-28 01:03:03] main.WARNING: Cron schedule missed {"job":"sales_clean_quotes","delay_sec":180} []
[2026-06-28 01:03:03] main.INFO: Product page rendered from cache {"cache_hit":true} []
[2026-06-28 01:03:03] main.INFO: Product page rendered from cache {"cache_hit":true} []
[2026-06-28 01:03:03] main.INFO: Product page rendered from cache {"cache_hit":true} []
[2026-06-28 01:03:03] main.INFO: Order placed successfully {"payment_method":"checkmo"} []
[2026-06-28 01:03:03] main.WARNING: Redis connection pool near capacity {"used":85,"max":100} []
[2026-06-28 01:03:03] main.NOTICE: Cron job completed {"job":"catalog_product_index_price_reindex_all"} []
[2026-06-28 01:03:03] main.WARNING: Cron schedule missed {"job":"sales_clean_quotes","delay_sec":180} []
[2026-06-28 01:03:03] main.WARNING: Redis connection pool near capacity {"used":85,"max":100} []
[2026-06-28 01:03:03] main.WARNING: Cache backend response slow {"duration_ms":420,"cache_type":"full_page"} []
[2026-06-28 01:03:03] main.INFO: Cache cleaned successfully {"cache_type":"full_page"} []
[2026-06-28 01:03:03] main.INFO: Product page rendered from cache {"cache_hit":true} []
[2026-06-28 01:03:03] main.WARNING: Cron schedule missed {"job":"sales_clean_quotes","delay_sec":180} []
[2026-06-28 01:03:03] main.INFO: Customer login successful {"area":"frontend"} []
[2026-06-28 01:03:03] main.WARNING: Redis connection pool near capacity {"used":85,"max":100} []
[2026-06-28 01:03:03] main.WARNING: Cache backend response slow {"duration_ms":420,"cache_type":"full_page"} []
[2026-06-28 01:03:03] main.INFO: Cache cleaned successfully {"cache_type":"full_page"} []
[2026-06-28 01:03:03] main.WARNING: Redis connection pool near capacity {"used":85,"max":100} []
[2026-06-28 01:03:03] main.WARNING: Cache backend response slow {"duration_ms":420,"cache_type":"full_page"} []
[2026-06-28 01:03:05] main.INFO: Customer login successful {"area":"frontend"} []
[2026-06-28 01:03:05] main.WARNING: Cache backend response slow {"duration_ms":420,"cache_type":"full_page"} []
[2026-06-28 01:03:06] main.INFO: Customer login successful {"area":"frontend"} []
[2026-06-28 01:03:06] main.INFO: Order placed successfully {"payment_method":"checkmo"} []
[2026-06-28 01:03:06] main.WARNING: Redis connection pool near capacity {"used":85,"max":100} []
[2026-06-28 01:03:06] main.NOTICE: Cron job completed {"job":"catalog_product_index_price_reindex_all"} []
[2026-06-28 01:03:06] main.WARNING: Cache backend response slow {"duration_ms":420,"cache_type":"full_page"} []
[2026-06-28 01:03:06] main.WARNING: Cache backend response slow {"duration_ms":420,"cache_type":"full_page"} []
[2026-06-28 01:03:06] main.WARNING: Cron schedule missed {"job":"sales_clean_quotes","delay_sec":180} []
[2026-06-28 01:03:06] main.INFO: Order placed successfully {"payment_method":"checkmo"} []
[2026-06-28 01:03:06] main.INFO: Product page rendered from cache {"cache_hit":true} []
[2026-06-28 01:03:06] main.WARNING: Cron schedule missed {"job":"sales_clean_quotes","delay_sec":180} []
[2026-06-28 01:03:06] main.WARNING: Cron schedule missed {"job":"sales_clean_quotes","delay_sec":180} []
[2026-06-28 01:03:06] main.WARNING: Cache backend response slow {"duration_ms":420,"cache_type":"full_page"} []
[2026-06-28 01:03:06] main.WARNING: Redis connection pool near capacity {"used":85,"max":100} []
[2026-06-28 01:03:06] main.INFO: Customer login successful {"area":"frontend"} []
[2026-06-28 01:03:06] main.WARNING: Cache backend response slow {"duration_ms":420,"cache_type":"full_page"} []
[2026-06-28 01:03:06] main.NOTICE: Cron job completed {"job":"catalog_product_index_price_reindex_all"} []
[2026-06-28 01:03:06] main.NOTICE: Cron job completed {"job":"catalog_product_index_price_reindex_all"} []
[2026-06-28 01:03:06] main.WARNING: Cron schedule missed {"job":"sales_clean_quotes","delay_sec":180} []
[2026-06-28 01:03:08] main.WARNING: Cron schedule missed {"job":"sales_clean_quotes","delay_sec":180} []
[2026-06-28 01:03:08] main.NOTICE: Cron job completed {"job":"catalog_product_index_price_reindex_all"} []
[2026-06-28 01:03:08] main.WARNING: Redis connection pool near capacity {"used":85,"max":100} []
[2026-06-28 01:03:08] main.WARNING: Cache backend response slow {"duration_ms":420,"cache_type":"full_page"} []
[2026-06-28 01:03:08] main.INFO: Customer login successful {"area":"frontend"} []
[2026-06-28 01:03:08] main.NOTICE: Cron job completed {"job":"catalog_product_index_price_reindex_all"} []
[2026-06-28 01:03:08] main.WARNING: Cache backend response slow {"duration_ms":420,"cache_type":"full_page"} []
[2026-06-28 01:03:08] main.INFO: Customer login successful {"area":"frontend"} []
[2026-06-28 01:03:08] main.WARNING: Cache backend response slow {"duration_ms":420,"cache_type":"full_page"} []
[2026-06-28 01:03:08] main.WARNING: Cron schedule missed {"job":"sales_clean_quotes","delay_sec":180} []
[2026-06-28 01:03:08] main.WARNING: Redis connection pool near capacity {"used":85,"max":100} []
[2026-06-28 01:03:08] main.WARNING: Redis connection pool near capacity {"used":85,"max":100} []
[2026-06-28 01:03:08] main.WARNING: Cron schedule missed {"job":"sales_clean_quotes","delay_sec":180} []
[2026-06-28 01:03:08] main.INFO: Order placed successfully {"payment_method":"checkmo"} []
[2026-06-28 01:03:08] main.WARNING: Cron schedule missed {"job":"sales_clean_quotes","delay_sec":180} []
[2026-06-28 01:03:08] main.INFO: Customer login successful {"area":"frontend"} []
[2026-06-28 01:03:08] main.WARNING: Redis connection pool near capacity {"used":85,"max":100} []
[2026-06-28 01:03:08] main.INFO: Order placed successfully {"payment_method":"checkmo"} []
[2026-06-28 01:03:08] main.WARNING: Cache backend response slow {"duration_ms":420,"cache_type":"full_page"} []
[2026-06-28 01:03:08] main.WARNING: Cron schedule missed {"job":"sales_clean_quotes","delay_sec":180} []
[2026-06-28 01:03:10] main.WARNING: Redis connection pool near capacity {"used":85,"max":100} []
[2026-06-28 01:03:10] main.WARNING: Cron schedule missed {"job":"sales_clean_quotes","delay_sec":180} []
[2026-06-28 01:03:10] main.INFO: Product page rendered from cache {"cache_hit":true} []
[2026-06-28 01:03:10] main.INFO: Cache cleaned successfully {"cache_type":"full_page"} []
[2026-06-28 01:03:10] main.INFO: Product page rendered from cache {"cache_hit":true} []
[2026-06-28 01:03:10] main.INFO: Product page rendered from cache {"cache_hit":true} []
[2026-06-28 01:03:10] main.WARNING: Cron schedule missed {"job":"sales_clean_quotes","delay_sec":180} []
[2026-06-28 01:03:10] main.NOTICE: Cron job completed {"job":"catalog_product_index_price_reindex_all"} []
[2026-06-28 01:03:10] main.INFO: Order placed successfully {"payment_method":"checkmo"} []
[2026-06-28 01:03:10] main.INFO: Product page rendered from cache {"cache_hit":true} []
[2026-06-28 01:03:10] main.WARNING: Redis connection pool near capacity {"used":85,"max":100} []
[2026-06-28 01:03:10] main.WARNING: Redis connection pool near capacity {"used":85,"max":100} []
[2026-06-28 01:03:10] main.NOTICE: Cron job completed {"job":"catalog_product_index_price_reindex_all"} []
[2026-06-28 01:03:10] main.WARNING: Redis connection pool near capacity {"used":85,"max":100} []
[2026-06-28 01:03:10] main.WARNING: Cron schedule missed {"job":"sales_clean_quotes","delay_sec":180} []
[2026-06-28 01:03:11] main.WARNING: Cron schedule missed {"job":"sales_clean_quotes","delay_sec":180} []
[2026-06-28 01:03:11] main.INFO: Customer login successful {"area":"frontend"} []
[2026-06-28 01:03:11] main.INFO: Cache cleaned successfully {"cache_type":"full_page"} []
[2026-06-28 01:03:11] main.INFO: Product page rendered from cache {"cache_hit":true} []
[2026-06-28 01:03:11] main.INFO: Order placed successfully {"payment_method":"checkmo"} []
[2026-06-28 01:03:13] main.WARNING: Redis connection pool near capacity {"used":85,"max":100} []
[2026-06-28 01:03:13] main.WARNING: Cache backend response slow {"duration_ms":420,"cache_type":"full_page"} []
[2026-06-28 01:03:13] main.WARNING: Redis connection pool near capacity {"used":85,"max":100} []
[2026-06-28 01:03:13] main.WARNING: Cache backend response slow {"duration_ms":420,"cache_type":"full_page"} []
[2026-06-28 01:03:13] main.WARNING: Cron schedule missed {"job":"sales_clean_quotes","delay_sec":180} []
[2026-06-28 01:03:13] main.WARNING: Cron schedule missed {"job":"sales_clean_quotes","delay_sec":180} []
[2026-06-28 01:03:13] main.WARNING: Cron schedule missed {"job":"sales_clean_quotes","delay_sec":180} []
[2026-06-28 01:03:13] main.WARNING: Cron schedule missed {"job":"sales_clean_quotes","delay_sec":180} []
[2026-06-28 01:03:13] main.INFO: Order placed successfully {"payment_method":"checkmo"} []
[2026-06-28 01:03:13] main.WARNING: Cron schedule missed {"job":"sales_clean_quotes","delay_sec":180} []
[2026-06-28 01:03:13] main.INFO: Product page rendered from cache {"cache_hit":true} []
[2026-06-28 01:03:13] main.INFO: Cache cleaned successfully {"cache_type":"full_page"} []
[2026-06-28 01:03:13] main.WARNING: Redis connection pool near capacity {"used":85,"max":100} []
[2026-06-28 01:03:13] main.WARNING: Redis connection pool near capacity {"used":85,"max":100} []
[2026-06-28 01:03:13] main.INFO: Cache cleaned successfully {"cache_type":"full_page"} []
[2026-06-28 01:03:13] main.INFO: Order placed successfully {"payment_method":"checkmo"} []
[2026-06-28 01:03:13] main.INFO: Cache cleaned successfully {"cache_type":"full_page"} []
[2026-06-28 01:03:13] main.INFO: Customer login successful {"area":"frontend"} []
[2026-06-28 01:03:13] main.INFO: Cache cleaned successfully {"cache_type":"full_page"} []
[2026-06-28 01:03:13] main.WARNING: Redis connection pool near capacity {"used":85,"max":100} []
[2026-06-28 01:03:15] main.WARNING: Cron schedule missed {"job":"sales_clean_quotes","delay_sec":180} []
[2026-06-28 01:03:15] main.INFO: Order placed successfully {"payment_method":"checkmo"} []
[2026-06-28 01:03:15] main.INFO: Product page rendered from cache {"cache_hit":true} []
[2026-06-28 01:03:15] main.NOTICE: Cron job completed {"job":"catalog_product_index_price_reindex_all"} []
[2026-06-28 01:03:15] main.WARNING: Cron schedule missed {"job":"sales_clean_quotes","delay_sec":180} []
[2026-06-28 01:03:15] main.WARNING: Redis connection pool near capacity {"used":85,"max":100} []
[2026-06-28 01:03:15] main.WARNING: Cache backend response slow {"duration_ms":420,"cache_type":"full_page"} []
[2026-06-28 01:03:15] main.INFO: Cache cleaned successfully {"cache_type":"full_page"} []
[2026-06-28 01:03:15] main.WARNING: Redis connection pool near capacity {"used":85,"max":100} []
[2026-06-28 01:03:15] main.WARNING: Redis connection pool near capacity {"used":85,"max":100} []
[2026-06-28 01:03:15] main.WARNING: Redis connection pool near capacity {"used":85,"max":100} []
[2026-06-28 01:03:15] main.INFO: Cache cleaned successfully {"cache_type":"full_page"} []
[2026-06-28 01:03:15] main.WARNING: Cache backend response slow {"duration_ms":420,"cache_type":"full_page"} []
[2026-06-28 01:03:15] main.NOTICE: Cron job completed {"job":"catalog_product_index_price_reindex_all"} []
[2026-06-28 01:03:15] main.WARNING: Cache backend response slow {"duration_ms":420,"cache_type":"full_page"} []
[2026-06-28 01:03:15] main.WARNING: Redis connection pool near capacity {"used":85,"max":100} []
[2026-06-28 01:03:15] main.INFO: Product page rendered from cache {"cache_hit":true} []
[2026-06-28 01:03:15] main.INFO: Order placed successfully {"payment_method":"checkmo"} []
[2026-06-28 01:03:15] main.INFO: Customer login successful {"area":"frontend"} []
[2026-06-28 01:03:15] main.INFO: Customer login successful {"area":"frontend"} []
[2026-06-28 01:03:17] main.INFO: Product page rendered from cache {"cache_hit":true} []
[2026-06-28 01:03:17] main.INFO: Order placed successfully {"payment_method":"checkmo"} []
[2026-06-28 01:03:17] main.WARNING: Redis connection pool near capacity {"used":85,"max":100} []
[2026-06-28 01:03:17] main.INFO: Order placed successfully {"payment_method":"checkmo"} []
[2026-06-28 01:03:17] main.WARNING: Redis connection pool near capacity {"used":85,"max":100} []
[2026-06-28 01:03:17] main.INFO: Customer login successful {"area":"frontend"} []
[2026-06-28 01:03:17] main.WARNING: Cache backend response slow {"duration_ms":420,"cache_type":"full_page"} []
[2026-06-28 01:03:17] main.INFO: Product page rendered from cache {"cache_hit":true} []
[2026-06-28 01:03:17] main.INFO: Customer login successful {"area":"frontend"} []
[2026-06-28 01:03:17] main.WARNING: Redis connection pool near capacity {"used":85,"max":100} []
[2026-06-28 01:03:17] main.WARNING: Cache backend response slow {"duration_ms":420,"cache_type":"full_page"} []
[2026-06-28 01:03:17] main.INFO: Order placed successfully {"payment_method":"checkmo"} []
[2026-06-28 01:03:17] main.INFO: Product page rendered from cache {"cache_hit":true} []
[2026-06-28 01:03:18] main.INFO: Cache cleaned successfully {"cache_type":"full_page"} []
[2026-06-28 01:03:18] main.WARNING: Cache backend response slow {"duration_ms":420,"cache_type":"full_page"} []
[2026-06-28 01:03:18] main.WARNING: Redis connection pool near capacity {"used":85,"max":100} []
[2026-06-28 01:03:18] main.INFO: Product page rendered from cache {"cache_hit":true} []
[2026-06-28 01:03:18] main.WARNING: Cache backend response slow {"duration_ms":420,"cache_type":"full_page"} []
[2026-06-28 01:03:18] main.WARNING: Cache backend response slow {"duration_ms":420,"cache_type":"full_page"} []
[2026-06-28 01:03:18] main.INFO: Cache cleaned successfully {"cache_type":"full_page"} []
[2026-06-28 01:03:20] main.NOTICE: Cron job completed {"job":"catalog_product_index_price_reindex_all"} []
[2026-06-28 01:03:20] main.WARNING: Cache backend response slow {"duration_ms":420,"cache_type":"full_page"} []
[2026-06-28 01:03:20] main.WARNING: Cache backend response slow {"duration_ms":420,"cache_type":"full_page"} []
[2026-06-28 01:03:20] main.WARNING: Cache backend response slow {"duration_ms":420,"cache_type":"full_page"} []
[2026-06-28 01:03:20] main.INFO: Customer login successful {"area":"frontend"} []
[2026-06-28 01:03:20] main.WARNING: Cron schedule missed {"job":"sales_clean_quotes","delay_sec":180} []
[2026-06-28 01:03:20] main.WARNING: Redis connection pool near capacity {"used":85,"max":100} []
[2026-06-28 01:03:20] main.WARNING: Redis connection pool near capacity {"used":85,"max":100} []
[2026-06-28 01:03:20] main.WARNING: Redis connection pool near capacity {"used":85,"max":100} []
[2026-06-28 01:03:20] main.NOTICE: Cron job completed {"job":"catalog_product_index_price_reindex_all"} []
[2026-06-28 01:03:20] main.WARNING: Redis connection pool near capacity {"used":85,"max":100} []
[2026-06-28 01:03:20] main.WARNING: Redis connection pool near capacity {"used":85,"max":100} []
[2026-06-28 01:03:20] main.WARNING: Redis connection pool near capacity {"used":85,"max":100} []
[2026-06-28 01:03:20] main.INFO: Order placed successfully {"payment_method":"checkmo"} []
[2026-06-28 01:03:20] main.WARNING: Cache backend response slow {"duration_ms":420,"cache_type":"full_page"} []
[2026-06-28 01:03:20] main.WARNING: Cache backend response slow {"duration_ms":420,"cache_type":"full_page"} []
[2026-06-28 01:03:20] main.INFO: Customer login successful {"area":"frontend"} []
[2026-06-28 01:03:20] main.WARNING: Cache backend response slow {"duration_ms":420,"cache_type":"full_page"} []
[2026-06-28 01:03:20] main.WARNING: Cache backend response slow {"duration_ms":420,"cache_type":"full_page"} []
[2026-06-28 01:03:20] main.WARNING: Redis connection pool near capacity {"used":85,"max":100} []
[2026-06-28 01:03:22] main.WARNING: Cache backend response slow {"duration_ms":420,"cache_type":"full_page"} []
[2026-06-28 01:03:22] main.WARNING: Cache backend response slow {"duration_ms":420,"cache_type":"full_page"} []
[2026-06-28 01:03:22] main.NOTICE: Cron job completed {"job":"catalog_product_index_price_reindex_all"} []
[2026-06-28 01:03:22] main.INFO: Order placed successfully {"payment_method":"checkmo"} []
[2026-06-28 01:03:22] main.WARNING: Cron schedule missed {"job":"sales_clean_quotes","delay_sec":180} []
[2026-06-28 01:03:22] main.WARNING: Cache backend response slow {"duration_ms":420,"cache_type":"full_page"} []
[2026-06-28 01:03:22] main.WARNING: Cron schedule missed {"job":"sales_clean_quotes","delay_sec":180} []
[2026-06-28 01:03:22] main.WARNING: Cron schedule missed {"job":"sales_clean_quotes","delay_sec":180} []
[2026-06-28 01:03:22] main.WARNING: Cron schedule missed {"job":"sales_clean_quotes","delay_sec":180} []
[2026-06-28 01:03:22] main.WARNING: Redis connection pool near capacity {"used":85,"max":100} []
[2026-06-28 01:03:22] main.INFO: Order placed successfully {"payment_method":"checkmo"} []
[2026-06-28 01:03:22] main.INFO: Customer login successful {"area":"frontend"} []
[2026-06-28 01:03:22] main.INFO: Product page rendered from cache {"cache_hit":true} []
[2026-06-28 01:03:22] main.INFO: Cache cleaned successfully {"cache_type":"full_page"} []
[2026-06-28 01:03:22] main.INFO: Cache cleaned successfully {"cache_type":"full_page"} []
[2026-06-28 01:03:22] main.WARNING: Cron schedule missed {"job":"sales_clean_quotes","delay_sec":180} []
[2026-06-28 01:03:22] main.WARNING: Cache backend response slow {"duration_ms":420,"cache_type":"full_page"} []
[2026-06-28 01:03:22] main.WARNING: Redis connection pool near capacity {"used":85,"max":100} []
[2026-06-28 01:03:22] main.INFO: Cache cleaned successfully {"cache_type":"full_page"} []
[2026-06-28 01:03:22] main.INFO: Product page rendered from cache {"cache_hit":true} []
[2026-06-28 01:03:24] main.WARNING: Redis connection pool near capacity {"used":85,"max":100} []
[2026-06-28 01:03:24] main.INFO: Order placed successfully {"payment_method":"checkmo"} []
[2026-06-28 01:03:24] main.WARNING: Redis connection pool near capacity {"used":85,"max":100} []
[2026-06-28 01:03:24] main.INFO: Order placed successfully {"payment_method":"checkmo"} []
[2026-06-28 01:03:24] main.INFO: Cache cleaned successfully {"cache_type":"full_page"} []
[2026-06-28 01:03:24] main.WARNING: Cron schedule missed {"job":"sales_clean_quotes","delay_sec":180} []
[2026-06-28 01:03:24] main.NOTICE: Cron job completed {"job":"catalog_product_index_price_reindex_all"} []
[2026-06-28 01:03:24] main.NOTICE: Cron job completed {"job":"catalog_product_index_price_reindex_all"} []
[2026-06-28 01:03:24] main.INFO: Customer login successful {"area":"frontend"} []
[2026-06-28 01:03:24] main.WARNING: Redis connection pool near capacity {"used":85,"max":100} []
[2026-06-28 01:03:25] main.WARNING: Redis connection pool near capacity {"used":85,"max":100} []
[2026-06-28 01:03:25] main.WARNING: Redis connection pool near capacity {"used":85,"max":100} []
[2026-06-28 01:03:25] main.NOTICE: Cron job completed {"job":"catalog_product_index_price_reindex_all"} []
[2026-06-28 01:03:25] main.INFO: Product page rendered from cache {"cache_hit":true} []
[2026-06-28 01:03:25] main.WARNING: Cache backend response slow {"duration_ms":420,"cache_type":"full_page"} []
[2026-06-28 01:03:25] main.WARNING: Cache backend response slow {"duration_ms":420,"cache_type":"full_page"} []
[2026-06-28 01:03:25] main.WARNING: Redis connection pool near capacity {"used":85,"max":100} []
[2026-06-28 01:03:25] main.INFO: Order placed successfully {"payment_method":"checkmo"} []
[2026-06-28 01:03:25] main.NOTICE: Cron job completed {"job":"catalog_product_index_price_reindex_all"} []
[2026-06-28 01:03:25] main.WARNING: Redis connection pool near capacity {"used":85,"max":100} []
[2026-06-28 01:03:27] main.WARNING: Cron schedule missed {"job":"sales_clean_quotes","delay_sec":180} []
[2026-06-28 01:03:27] main.WARNING: Cache backend response slow {"duration_ms":420,"cache_type":"full_page"} []
[2026-06-28 01:03:27] main.WARNING: Cron schedule missed {"job":"sales_clean_quotes","delay_sec":180} []
[2026-06-28 01:03:27] main.WARNING: Cache backend response slow {"duration_ms":420,"cache_type":"full_page"} []
[2026-06-28 01:03:27] main.NOTICE: Cron job completed {"job":"catalog_product_index_price_reindex_all"} []
[2026-06-28 01:03:27] main.INFO: Customer login successful {"area":"frontend"} []
[2026-06-28 01:03:27] main.WARNING: Redis connection pool near capacity {"used":85,"max":100} []
[2026-06-28 01:03:27] main.INFO: Cache cleaned successfully {"cache_type":"full_page"} []
[2026-06-28 01:03:27] main.INFO: Customer login successful {"area":"frontend"} []
[2026-06-28 01:03:27] main.WARNING: Redis connection pool near capacity {"used":85,"max":100} []
[2026-06-28 01:03:27] main.NOTICE: Cron job completed {"job":"catalog_product_index_price_reindex_all"} []
[2026-06-28 01:03:27] main.INFO: Customer login successful {"area":"frontend"} []
[2026-06-28 01:03:27] main.WARNING: Cron schedule missed {"job":"sales_clean_quotes","delay_sec":180} []
[2026-06-28 01:03:27] main.INFO: Order placed successfully {"payment_method":"checkmo"} []
[2026-06-28 01:03:27] main.INFO: Customer login successful {"area":"frontend"} []
[2026-06-28 01:03:27] main.INFO: Cache cleaned successfully {"cache_type":"full_page"} []
[2026-06-28 01:03:27] main.WARNING: Cron schedule missed {"job":"sales_clean_quotes","delay_sec":180} []
[2026-06-28 01:03:27] main.WARNING: Cron schedule missed {"job":"sales_clean_quotes","delay_sec":180} []
[2026-06-28 01:03:27] main.INFO: Cache cleaned successfully {"cache_type":"full_page"} []
[2026-06-28 01:03:27] main.INFO: Cache cleaned successfully {"cache_type":"full_page"} []
[2026-06-28 01:03:29] main.WARNING: Cache backend response slow {"duration_ms":420,"cache_type":"full_page"} []
[2026-06-28 01:03:29] main.WARNING: Redis connection pool near capacity {"used":85,"max":100} []
[2026-06-28 01:03:29] main.WARNING: Redis connection pool near capacity {"used":85,"max":100} []
[2026-06-28 01:03:29] main.WARNING: Cache backend response slow {"duration_ms":420,"cache_type":"full_page"} []
[2026-06-28 01:03:29] main.WARNING: Cron schedule missed {"job":"sales_clean_quotes","delay_sec":180} []
[2026-06-28 01:03:29] main.WARNING: Redis connection pool near capacity {"used":85,"max":100} []
[2026-06-28 01:03:29] main.WARNING: Redis connection pool near capacity {"used":85,"max":100} []
[2026-06-28 01:03:29] main.INFO: Cache cleaned successfully {"cache_type":"full_page"} []
[2026-06-28 01:03:29] main.INFO: Customer login successful {"area":"frontend"} []
[2026-06-28 01:03:29] main.WARNING: Redis connection pool near capacity {"used":85,"max":100} []
[2026-06-28 01:03:29] main.WARNING: Cron schedule missed {"job":"sales_clean_quotes","delay_sec":180} []
[2026-06-28 01:03:29] main.WARNING: Cron schedule missed {"job":"sales_clean_quotes","delay_sec":180} []
[2026-06-28 01:03:29] main.WARNING: Redis connection pool near capacity {"used":85,"max":100} []
[2026-06-28 01:03:29] main.INFO: Product page rendered from cache {"cache_hit":true} []
[2026-06-28 01:03:29] main.WARNING: Cache backend response slow {"duration_ms":420,"cache_type":"full_page"} []
[2026-06-28 01:03:29] main.WARNING: Cron schedule missed {"job":"sales_clean_quotes","delay_sec":180} []
[2026-06-28 01:03:29] main.WARNING: Cron schedule missed {"job":"sales_clean_quotes","delay_sec":180} []
[2026-06-28 01:03:29] main.NOTICE: Cron job completed {"job":"catalog_product_index_price_reindex_all"} []
[2026-06-28 01:03:29] main.INFO: Customer login successful {"area":"frontend"} []
[2026-06-28 01:03:29] main.WARNING: Redis connection pool near capacity {"used":85,"max":100} []
[2026-06-28 01:03:31] main.INFO: Product page rendered from cache {"cache_hit":true} []
[2026-06-28 01:03:31] main.INFO: Order placed successfully {"payment_method":"checkmo"} []
[2026-06-28 01:03:31] main.WARNING: Cache backend response slow {"duration_ms":420,"cache_type":"full_page"} []
[2026-06-28 01:03:31] main.INFO: Product page rendered from cache {"cache_hit":true} []
[2026-06-28 01:03:31] main.NOTICE: Cron job completed {"job":"catalog_product_index_price_reindex_all"} []
[2026-06-28 01:03:31] main.INFO: Customer login successful {"area":"frontend"} []
[2026-06-28 01:03:32] main.WARNING: Cache backend response slow {"duration_ms":420,"cache_type":"full_page"} []
[2026-06-28 01:03:32] main.NOTICE: Cron job completed {"job":"catalog_product_index_price_reindex_all"} []
[2026-06-28 01:03:32] main.INFO: Customer login successful {"area":"frontend"} []
[2026-06-28 01:03:32] main.INFO: Product page rendered from cache {"cache_hit":true} []
[2026-06-28 01:03:32] main.INFO: Product page rendered from cache {"cache_hit":true} []
[2026-06-28 01:03:32] main.WARNING: Redis connection pool near capacity {"used":85,"max":100} []
[2026-06-28 01:03:32] main.WARNING: Cron schedule missed {"job":"sales_clean_quotes","delay_sec":180} []
[2026-06-28 01:03:32] main.NOTICE: Cron job completed {"job":"catalog_product_index_price_reindex_all"} []
[2026-06-28 01:03:32] main.WARNING: Cache backend response slow {"duration_ms":420,"cache_type":"full_page"} []
[2026-06-28 01:03:32] main.INFO: Customer login successful {"area":"frontend"} []
[2026-06-28 01:03:32] main.INFO: Customer login successful {"area":"frontend"} []
[2026-06-28 01:03:32] main.WARNING: Cache backend response slow {"duration_ms":420,"cache_type":"full_page"} []
[2026-06-28 01:03:32] main.INFO: Product page rendered from cache {"cache_hit":true} []
[2026-06-28 01:03:32] main.WARNING: Redis connection pool near capacity {"used":85,"max":100} []
[2026-06-28 01:03:34] main.INFO: Customer login successful {"area":"frontend"} []
[2026-06-28 01:03:34] main.WARNING: Cron schedule missed {"job":"sales_clean_quotes","delay_sec":180} []
[2026-06-28 01:03:34] main.INFO: Order placed successfully {"payment_method":"checkmo"} []
[2026-06-28 01:03:34] main.INFO: Cache cleaned successfully {"cache_type":"full_page"} []
[2026-06-28 01:03:34] main.INFO: Customer login successful {"area":"frontend"} []
[2026-06-28 01:03:34] main.WARNING: Cron schedule missed {"job":"sales_clean_quotes","delay_sec":180} []
[2026-06-28 01:03:34] main.WARNING: Cache backend response slow {"duration_ms":420,"cache_type":"full_page"} []
[2026-06-28 01:03:34] main.INFO: Customer login successful {"area":"frontend"} []
[2026-06-28 01:03:34] main.WARNING: Cache backend response slow {"duration_ms":420,"cache_type":"full_page"} []
[2026-06-28 01:03:34] main.WARNING: Redis connection pool near capacity {"used":85,"max":100} []
[2026-06-28 01:03:34] main.INFO: Customer login successful {"area":"frontend"} []
[2026-06-28 01:03:34] main.WARNING: Cron schedule missed {"job":"sales_clean_quotes","delay_sec":180} []
[2026-06-28 01:03:34] main.INFO: Product page rendered from cache {"cache_hit":true} []
[2026-06-28 01:03:34] main.WARNING: Cron schedule missed {"job":"sales_clean_quotes","delay_sec":180} []
[2026-06-28 01:03:34] main.NOTICE: Cron job completed {"job":"catalog_product_index_price_reindex_all"} []
[2026-06-28 01:03:34] main.INFO: Product page rendered from cache {"cache_hit":true} []
[2026-06-28 01:03:34] main.NOTICE: Cron job completed {"job":"catalog_product_index_price_reindex_all"} []
[2026-06-28 01:03:34] main.NOTICE: Cron job completed {"job":"catalog_product_index_price_reindex_all"} []
[2026-06-28 01:03:34] main.WARNING: Redis connection pool near capacity {"used":85,"max":100} []
[2026-06-28 01:03:34] main.INFO: Order placed successfully {"payment_method":"checkmo"} []
[2026-06-28 01:03:36] main.WARNING: Redis connection pool near capacity {"used":85,"max":100} []
[2026-06-28 01:03:36] main.WARNING: Cache backend response slow {"duration_ms":420,"cache_type":"full_page"} []
[2026-06-28 01:03:36] main.WARNING: Cron schedule missed {"job":"sales_clean_quotes","delay_sec":180} []
[2026-06-28 01:03:36] main.INFO: Cache cleaned successfully {"cache_type":"full_page"} []
[2026-06-28 01:03:36] main.INFO: Order placed successfully {"payment_method":"checkmo"} []
[2026-06-28 01:03:36] main.WARNING: Cache backend response slow {"duration_ms":420,"cache_type":"full_page"} []
[2026-06-28 01:03:36] main.INFO: Order placed successfully {"payment_method":"checkmo"} []
[2026-06-28 01:03:36] main.NOTICE: Cron job completed {"job":"catalog_product_index_price_reindex_all"} []
[2026-06-28 01:03:36] main.WARNING: Cache backend response slow {"duration_ms":420,"cache_type":"full_page"} []
[2026-06-28 01:03:36] main.WARNING: Cron schedule missed {"job":"sales_clean_quotes","delay_sec":180} []
[2026-06-28 01:03:36] main.INFO: Customer login successful {"area":"frontend"} []
[2026-06-28 01:03:36] main.WARNING: Cache backend response slow {"duration_ms":420,"cache_type":"full_page"} []
[2026-06-28 01:03:36] main.INFO: Customer login successful {"area":"frontend"} []
[2026-06-28 01:03:36] main.WARNING: Redis connection pool near capacity {"used":85,"max":100} []
[2026-06-28 01:03:36] main.WARNING: Cron schedule missed {"job":"sales_clean_quotes","delay_sec":180} []
[2026-06-28 01:03:36] main.INFO: Customer login successful {"area":"frontend"} []
[2026-06-28 01:03:36] main.WARNING: Cron schedule missed {"job":"sales_clean_quotes","delay_sec":180} []
[2026-06-28 01:03:36] main.WARNING: Cron schedule missed {"job":"sales_clean_quotes","delay_sec":180} []
[2026-06-28 01:03:36] main.NOTICE: Cron job completed {"job":"catalog_product_index_price_reindex_all"} []
[2026-06-28 01:03:36] main.WARNING: Cache backend response slow {"duration_ms":420,"cache_type":"full_page"} []
[2026-06-28 01:03:39] main.INFO: Cache cleaned successfully {"cache_type":"full_page"} []
[2026-06-28 01:03:39] main.WARNING: Cron schedule missed {"job":"sales_clean_quotes","delay_sec":180} []
[2026-06-28 01:03:39] main.WARNING: Cron schedule missed {"job":"sales_clean_quotes","delay_sec":180} []
[2026-06-28 01:03:39] main.NOTICE: Cron job completed {"job":"catalog_product_index_price_reindex_all"} []
[2026-06-28 01:03:39] main.INFO: Product page rendered from cache {"cache_hit":true} []
[2026-06-28 01:03:39] main.NOTICE: Cron job completed {"job":"catalog_product_index_price_reindex_all"} []
[2026-06-28 01:03:39] main.WARNING: Cron schedule missed {"job":"sales_clean_quotes","delay_sec":180} []
[2026-06-28 01:03:39] main.INFO: Cache cleaned successfully {"cache_type":"full_page"} []
[2026-06-28 01:03:39] main.WARNING: Cron schedule missed {"job":"sales_clean_quotes","delay_sec":180} []
[2026-06-28 01:03:39] main.WARNING: Redis connection pool near capacity {"used":85,"max":100} []
[2026-06-28 01:03:39] main.NOTICE: Cron job completed {"job":"catalog_product_index_price_reindex_all"} []
[2026-06-28 01:03:39] main.NOTICE: Cron job completed {"job":"catalog_product_index_price_reindex_all"} []
[2026-06-28 01:03:39] main.INFO: Cache cleaned successfully {"cache_type":"full_page"} []
[2026-06-28 01:03:39] main.WARNING: Cache backend response slow {"duration_ms":420,"cache_type":"full_page"} []
[2026-06-28 01:03:39] main.WARNING: Cron schedule missed {"job":"sales_clean_quotes","delay_sec":180} []
[2026-06-28 01:03:39] main.WARNING: Cron schedule missed {"job":"sales_clean_quotes","delay_sec":180} []
[2026-06-28 01:03:39] main.INFO: Cache cleaned successfully {"cache_type":"full_page"} []
[2026-06-28 01:03:39] main.WARNING: Cache backend response slow {"duration_ms":420,"cache_type":"full_page"} []
[2026-06-28 01:03:39] main.WARNING: Redis connection pool near capacity {"used":85,"max":100} []
[2026-06-28 01:03:39] main.INFO: Cache cleaned successfully {"cache_type":"full_page"} []
[2026-06-28 01:03:41] main.INFO: Customer login successful {"area":"frontend"} []
[2026-06-28 01:03:41] main.INFO: Customer login successful {"area":"frontend"} []
[2026-06-28 01:03:41] main.INFO: Customer login successful {"area":"frontend"} []
[2026-06-28 01:03:41] main.WARNING: Redis connection pool near capacity {"used":85,"max":100} []
[2026-06-28 01:03:41] main.NOTICE: Cron job completed {"job":"catalog_product_index_price_reindex_all"} []
[2026-06-28 01:03:41] main.INFO: Customer login successful {"area":"frontend"} []
[2026-06-28 01:03:41] main.INFO: Cache cleaned successfully {"cache_type":"full_page"} []
[2026-06-28 01:03:41] main.INFO: Cache cleaned successfully {"cache_type":"full_page"} []
[2026-06-28 01:03:41] main.INFO: Customer login successful {"area":"frontend"} []
[2026-06-28 01:03:41] main.INFO: Product page rendered from cache {"cache_hit":true} []
[2026-06-28 01:03:41] main.WARNING: Cron schedule missed {"job":"sales_clean_quotes","delay_sec":180} []
[2026-06-28 01:03:41] main.WARNING: Cron schedule missed {"job":"sales_clean_quotes","delay_sec":180} []
[2026-06-28 01:03:41] main.WARNING: Cron schedule missed {"job":"sales_clean_quotes","delay_sec":180} []
[2026-06-28 01:03:41] main.WARNING: Cache backend response slow {"duration_ms":420,"cache_type":"full_page"} []
[2026-06-28 01:03:41] main.INFO: Customer login successful {"area":"frontend"} []
[2026-06-28 01:03:41] main.INFO: Customer login successful {"area":"frontend"} []
[2026-06-28 01:03:41] main.WARNING: Redis connection pool near capacity {"used":85,"max":100} []
[2026-06-28 01:03:41] main.INFO: Customer login successful {"area":"frontend"} []
[2026-06-28 01:03:41] main.WARNING: Cache backend response slow {"duration_ms":420,"cache_type":"full_page"} []
[2026-06-28 01:03:41] main.WARNING: Redis connection pool near capacity {"used":85,"max":100} []
[2026-06-28 01:03:43] main.WARNING: Redis connection pool near capacity {"used":85,"max":100} []
[2026-06-28 01:03:43] main.NOTICE: Cron job completed {"job":"catalog_product_index_price_reindex_all"} []
[2026-06-28 01:03:43] main.WARNING: Cache backend response slow {"duration_ms":420,"cache_type":"full_page"} []
[2026-06-28 01:03:43] main.INFO: Customer login successful {"area":"frontend"} []
[2026-06-28 01:03:43] main.WARNING: Redis connection pool near capacity {"used":85,"max":100} []
[2026-06-28 01:03:43] main.INFO: Product page rendered from cache {"cache_hit":true} []
[2026-06-28 01:03:43] main.WARNING: Cache backend response slow {"duration_ms":420,"cache_type":"full_page"} []
[2026-06-28 01:03:43] main.WARNING: Cron schedule missed {"job":"sales_clean_quotes","delay_sec":180} []
[2026-06-28 01:03:43] main.WARNING: Redis connection pool near capacity {"used":85,"max":100} []
[2026-06-28 01:03:43] main.WARNING: Redis connection pool near capacity {"used":85,"max":100} []
[2026-06-28 01:03:43] main.WARNING: Redis connection pool near capacity {"used":85,"max":100} []
[2026-06-28 01:03:43] main.INFO: Customer login successful {"area":"frontend"} []
[2026-06-28 01:03:43] main.INFO: Product page rendered from cache {"cache_hit":true} []
[2026-06-28 01:03:43] main.INFO: Cache cleaned successfully {"cache_type":"full_page"} []
[2026-06-28 01:03:43] main.INFO: Cache cleaned successfully {"cache_type":"full_page"} []
[2026-06-28 01:03:43] main.WARNING: Cron schedule missed {"job":"sales_clean_quotes","delay_sec":180} []
[2026-06-28 01:03:43] main.INFO: Product page rendered from cache {"cache_hit":true} []
[2026-06-28 01:03:44] main.WARNING: Redis connection pool near capacity {"used":85,"max":100} []
[2026-06-28 01:03:44] main.WARNING: Redis connection pool near capacity {"used":85,"max":100} []
[2026-06-28 01:03:44] main.INFO: Product page rendered from cache {"cache_hit":true} []
[2026-06-28 01:03:46] main.WARNING: Cache backend response slow {"duration_ms":420,"cache_type":"full_page"} []
[2026-06-28 01:03:46] main.NOTICE: Cron job completed {"job":"catalog_product_index_price_reindex_all"} []
[2026-06-28 01:03:46] main.WARNING: Redis connection pool near capacity {"used":85,"max":100} []
[2026-06-28 01:03:46] main.NOTICE: Cron job completed {"job":"catalog_product_index_price_reindex_all"} []
[2026-06-28 01:03:46] main.WARNING: Cache backend response slow {"duration_ms":420,"cache_type":"full_page"} []
[2026-06-28 01:03:46] main.WARNING: Cron schedule missed {"job":"sales_clean_quotes","delay_sec":180} []
[2026-06-28 01:03:46] main.INFO: Product page rendered from cache {"cache_hit":true} []
[2026-06-28 01:03:46] main.WARNING: Cron schedule missed {"job":"sales_clean_quotes","delay_sec":180} []
[2026-06-28 01:03:46] main.WARNING: Cache backend response slow {"duration_ms":420,"cache_type":"full_page"} []
[2026-06-28 01:03:46] main.WARNING: Cache backend response slow {"duration_ms":420,"cache_type":"full_page"} []
[2026-06-28 01:03:46] main.WARNING: Cache backend response slow {"duration_ms":420,"cache_type":"full_page"} []
[2026-06-28 01:03:46] main.WARNING: Redis connection pool near capacity {"used":85,"max":100} []
[2026-06-28 01:03:46] main.INFO: Product page rendered from cache {"cache_hit":true} []
[2026-06-28 01:03:46] main.WARNING: Redis connection pool near capacity {"used":85,"max":100} []
[2026-06-28 01:03:46] main.WARNING: Cron schedule missed {"job":"sales_clean_quotes","delay_sec":180} []
[2026-06-28 01:03:46] main.WARNING: Redis connection pool near capacity {"used":85,"max":100} []
[2026-06-28 01:03:46] main.WARNING: Cache backend response slow {"duration_ms":420,"cache_type":"full_page"} []
[2026-06-28 01:03:46] main.WARNING: Cache backend response slow {"duration_ms":420,"cache_type":"full_page"} []
[2026-06-28 01:03:46] main.WARNING: Cache backend response slow {"duration_ms":420,"cache_type":"full_page"} []
[2026-06-28 01:03:46] main.INFO: Cache cleaned successfully {"cache_type":"full_page"} []
[2026-06-28 01:03:48] main.WARNING: Cron schedule missed {"job":"sales_clean_quotes","delay_sec":180} []
[2026-06-28 01:03:48] main.WARNING: Cron schedule missed {"job":"sales_clean_quotes","delay_sec":180} []
[2026-06-28 01:03:48] main.INFO: Product page rendered from cache {"cache_hit":true} []
[2026-06-28 01:03:48] main.INFO: Customer login successful {"area":"frontend"} []
[2026-06-28 01:03:48] main.WARNING: Cache backend response slow {"duration_ms":420,"cache_type":"full_page"} []
[2026-06-28 01:03:48] main.INFO: Order placed successfully {"payment_method":"checkmo"} []
[2026-06-28 01:03:48] main.INFO: Cache cleaned successfully {"cache_type":"full_page"} []
[2026-06-28 01:03:48] main.INFO: Customer login successful {"area":"frontend"} []
[2026-06-28 01:03:48] main.INFO: Customer login successful {"area":"frontend"} []
[2026-06-28 01:03:48] main.INFO: Cache cleaned successfully {"cache_type":"full_page"} []
[2026-06-28 01:03:48] main.INFO: Cache cleaned successfully {"cache_type":"full_page"} []
[2026-06-28 01:03:48] main.INFO: Cache cleaned successfully {"cache_type":"full_page"} []
[2026-06-28 01:03:48] main.WARNING: Cron schedule missed {"job":"sales_clean_quotes","delay_sec":180} []
[2026-06-28 01:03:48] main.INFO: Product page rendered from cache {"cache_hit":true} []
[2026-06-28 01:03:48] main.WARNING: Cron schedule missed {"job":"sales_clean_quotes","delay_sec":180} []
[2026-06-28 01:03:48] main.WARNING: Cron schedule missed {"job":"sales_clean_quotes","delay_sec":180} []
[2026-06-28 01:03:48] main.INFO: Order placed successfully {"payment_method":"checkmo"} []
[2026-06-28 01:03:48] main.INFO: Customer login successful {"area":"frontend"} []
[2026-06-28 01:03:48] main.INFO: Order placed successfully {"payment_method":"checkmo"} []
[2026-06-28 01:03:48] main.WARNING: Cache backend response slow {"duration_ms":420,"cache_type":"full_page"} []
[2026-06-28 01:03:50] main.WARNING: Redis connection pool near capacity {"used":85,"max":100} []
[2026-06-28 01:03:50] main.INFO: Customer login successful {"area":"frontend"} []
[2026-06-28 01:03:50] main.INFO: Order placed successfully {"payment_method":"checkmo"} []
[2026-06-28 01:03:50] main.WARNING: Cache backend response slow {"duration_ms":420,"cache_type":"full_page"} []
[2026-06-28 01:03:50] main.WARNING: Redis connection pool near capacity {"used":85,"max":100} []
[2026-06-28 01:03:50] main.WARNING: Cron schedule missed {"job":"sales_clean_quotes","delay_sec":180} []
[2026-06-28 01:03:50] main.INFO: Product page rendered from cache {"cache_hit":true} []
[2026-06-28 01:03:50] main.WARNING: Cron schedule missed {"job":"sales_clean_quotes","delay_sec":180} []
[2026-06-28 01:03:50] main.NOTICE: Cron job completed {"job":"catalog_product_index_price_reindex_all"} []
[2026-06-28 01:03:50] main.INFO: Order placed successfully {"payment_method":"checkmo"} []
[2026-06-28 01:03:50] main.WARNING: Cache backend response slow {"duration_ms":420,"cache_type":"full_page"} []
[2026-06-28 01:03:50] main.WARNING: Cache backend response slow {"duration_ms":420,"cache_type":"full_page"} []
[2026-06-28 01:03:51] main.NOTICE: Cron job completed {"job":"catalog_product_index_price_reindex_all"} []
[2026-06-28 01:03:51] main.WARNING: Cron schedule missed {"job":"sales_clean_quotes","delay_sec":180} []
[2026-06-28 01:03:51] main.WARNING: Cron schedule missed {"job":"sales_clean_quotes","delay_sec":180} []
[2026-06-28 01:03:51] main.WARNING: Cache backend response slow {"duration_ms":420,"cache_type":"full_page"} []
[2026-06-28 01:03:51] main.WARNING: Cache backend response slow {"duration_ms":420,"cache_type":"full_page"} []
[2026-06-28 01:03:51] main.NOTICE: Cron job completed {"job":"catalog_product_index_price_reindex_all"} []
[2026-06-28 01:03:51] main.INFO: Customer login successful {"area":"frontend"} []
[2026-06-28 01:03:51] main.WARNING: Redis connection pool near capacity {"used":85,"max":100} []
[2026-06-28 01:03:53] main.WARNING: Cache backend response slow {"duration_ms":420,"cache_type":"full_page"} []
[2026-06-28 01:03:53] main.WARNING: Redis connection pool near capacity {"used":85,"max":100} []
[2026-06-28 01:03:53] main.INFO: Product page rendered from cache {"cache_hit":true} []
[2026-06-28 01:03:53] main.WARNING: Cache backend response slow {"duration_ms":420,"cache_type":"full_page"} []
[2026-06-28 01:03:53] main.NOTICE: Cron job completed {"job":"catalog_product_index_price_reindex_all"} []
[2026-06-28 01:03:53] main.WARNING: Cron schedule missed {"job":"sales_clean_quotes","delay_sec":180} []
[2026-06-28 01:03:53] main.WARNING: Redis connection pool near capacity {"used":85,"max":100} []
[2026-06-28 01:03:53] main.WARNING: Cache backend response slow {"duration_ms":420,"cache_type":"full_page"} []
[2026-06-28 01:03:53] main.WARNING: Cron schedule missed {"job":"sales_clean_quotes","delay_sec":180} []
[2026-06-28 01:03:53] main.WARNING: Redis connection pool near capacity {"used":85,"max":100} []
[2026-06-28 01:03:53] main.WARNING: Cron schedule missed {"job":"sales_clean_quotes","delay_sec":180} []
[2026-06-28 01:03:53] main.INFO: Product page rendered from cache {"cache_hit":true} []
[2026-06-28 01:03:53] main.WARNING: Cron schedule missed {"job":"sales_clean_quotes","delay_sec":180} []
[2026-06-28 01:03:53] main.WARNING: Cache backend response slow {"duration_ms":420,"cache_type":"full_page"} []
[2026-06-28 01:03:53] main.WARNING: Redis connection pool near capacity {"used":85,"max":100} []
[2026-06-28 01:03:53] main.INFO: Product page rendered from cache {"cache_hit":true} []
[2026-06-28 01:03:53] main.INFO: Order placed successfully {"payment_method":"checkmo"} []
[2026-06-28 01:03:53] main.WARNING: Cache backend response slow {"duration_ms":420,"cache_type":"full_page"} []
[2026-06-28 01:03:53] main.WARNING: Cache backend response slow {"duration_ms":420,"cache_type":"full_page"} []
[2026-06-28 01:03:53] main.WARNING: Cache backend response slow {"duration_ms":420,"cache_type":"full_page"} []
[2026-06-28 01:03:55] main.WARNING: Cache backend response slow {"duration_ms":420,"cache_type":"full_page"} []
[2026-06-28 01:03:55] main.WARNING: Redis connection pool near capacity {"used":85,"max":100} []
[2026-06-28 01:03:55] main.INFO: Order placed successfully {"payment_method":"checkmo"} []
[2026-06-28 01:03:55] main.INFO: Cache cleaned successfully {"cache_type":"full_page"} []
[2026-06-28 01:03:55] main.INFO: Cache cleaned successfully {"cache_type":"full_page"} []
[2026-06-28 01:03:55] main.NOTICE: Cron job completed {"job":"catalog_product_index_price_reindex_all"} []
[2026-06-28 01:03:55] main.NOTICE: Cron job completed {"job":"catalog_product_index_price_reindex_all"} []
[2026-06-28 01:03:55] main.WARNING: Redis connection pool near capacity {"used":85,"max":100} []
[2026-06-28 01:03:55] main.INFO: Customer login successful {"area":"frontend"} []
[2026-06-28 01:03:55] main.INFO: Cache cleaned successfully {"cache_type":"full_page"} []
[2026-06-28 01:03:55] main.WARNING: Cache backend response slow {"duration_ms":420,"cache_type":"full_page"} []
[2026-06-28 01:03:55] main.INFO: Product page rendered from cache {"cache_hit":true} []
[2026-06-28 01:03:55] main.WARNING: Cron schedule missed {"job":"sales_clean_quotes","delay_sec":180} []
[2026-06-28 01:03:55] main.WARNING: Cache backend response slow {"duration_ms":420,"cache_type":"full_page"} []
[2026-06-28 01:03:55] main.INFO: Cache cleaned successfully {"cache_type":"full_page"} []
[2026-06-28 01:03:55] main.INFO: Customer login successful {"area":"frontend"} []
[2026-06-28 01:03:55] main.WARNING: Cache backend response slow {"duration_ms":420,"cache_type":"full_page"} []
[2026-06-28 01:03:55] main.INFO: Cache cleaned successfully {"cache_type":"full_page"} []
[2026-06-28 01:03:55] main.INFO: Cache cleaned successfully {"cache_type":"full_page"} []
[2026-06-28 01:03:55] main.WARNING: Cron schedule missed {"job":"sales_clean_quotes","delay_sec":180} []
[2026-06-28 01:03:57] main.WARNING: Redis connection pool near capacity {"used":85,"max":100} []
[2026-06-28 01:03:57] main.WARNING: Cache backend response slow {"duration_ms":420,"cache_type":"full_page"} []
[2026-06-28 01:03:57] main.WARNING: Cache backend response slow {"duration_ms":420,"cache_type":"full_page"} []
[2026-06-28 01:03:57] main.INFO: Customer login successful {"area":"frontend"} []
[2026-06-28 01:03:57] main.WARNING: Redis connection pool near capacity {"used":85,"max":100} []
[2026-06-28 01:03:57] main.WARNING: Cron schedule missed {"job":"sales_clean_quotes","delay_sec":180} []
[2026-06-28 01:03:58] main.WARNING: Cron schedule missed {"job":"sales_clean_quotes","delay_sec":180} []
[2026-06-28 01:03:58] main.NOTICE: Cron job completed {"job":"catalog_product_index_price_reindex_all"} []
[2026-06-28 01:03:58] main.INFO: Customer login successful {"area":"frontend"} []
[2026-06-28 01:03:58] main.INFO: Product page rendered from cache {"cache_hit":true} []
[2026-06-28 01:03:58] main.WARNING: Cache backend response slow {"duration_ms":420,"cache_type":"full_page"} []
[2026-06-28 01:03:58] main.INFO: Customer login successful {"area":"frontend"} []
[2026-06-28 01:03:58] main.WARNING: Cache backend response slow {"duration_ms":420,"cache_type":"full_page"} []
[2026-06-28 01:03:58] main.INFO: Order placed successfully {"payment_method":"checkmo"} []
[2026-06-28 01:03:58] main.WARNING: Cron schedule missed {"job":"sales_clean_quotes","delay_sec":180} []
[2026-06-28 01:03:58] main.INFO: Cache cleaned successfully {"cache_type":"full_page"} []
[2026-06-28 01:03:58] main.WARNING: Cron schedule missed {"job":"sales_clean_quotes","delay_sec":180} []
[2026-06-28 01:03:58] main.WARNING: Cron schedule missed {"job":"sales_clean_quotes","delay_sec":180} []
[2026-06-28 01:03:58] main.INFO: Customer login successful {"area":"frontend"} []
[2026-06-28 01:03:58] main.WARNING: Redis connection pool near capacity {"used":85,"max":100} []
[2026-06-28 01:04:00] main.INFO: Product page rendered from cache {"cache_hit":true} []
[2026-06-28 01:04:00] main.WARNING: Cache backend response slow {"duration_ms":420,"cache_type":"full_page"} []
[2026-06-28 01:04:00] main.WARNING: Cache backend response slow {"duration_ms":420,"cache_type":"full_page"} []
[2026-06-28 01:04:00] main.INFO: Cache cleaned successfully {"cache_type":"full_page"} []
[2026-06-28 01:04:00] main.WARNING: Cron schedule missed {"job":"sales_clean_quotes","delay_sec":180} []
[2026-06-28 01:04:00] main.WARNING: Redis connection pool near capacity {"used":85,"max":100} []
[2026-06-28 01:04:00] main.NOTICE: Cron job completed {"job":"catalog_product_index_price_reindex_all"} []
[2026-06-28 01:04:00] main.INFO: Customer login successful {"area":"frontend"} []
[2026-06-28 01:04:00] main.WARNING: Cron schedule missed {"job":"sales_clean_quotes","delay_sec":180} []
[2026-06-28 01:04:00] main.INFO: Product page rendered from cache {"cache_hit":true} []
[2026-06-28 01:04:00] main.WARNING: Cron schedule missed {"job":"sales_clean_quotes","delay_sec":180} []
[2026-06-28 01:04:00] main.WARNING: Redis connection pool near capacity {"used":85,"max":100} []
[2026-06-28 01:04:00] main.NOTICE: Cron job completed {"job":"catalog_product_index_price_reindex_all"} []
[2026-06-28 01:04:00] main.WARNING: Cron schedule missed {"job":"sales_clean_quotes","delay_sec":180} []
[2026-06-28 01:04:00] main.WARNING: Cron schedule missed {"job":"sales_clean_quotes","delay_sec":180} []
[2026-06-28 01:04:00] main.WARNING: Cache backend response slow {"duration_ms":420,"cache_type":"full_page"} []
[2026-06-28 01:04:00] main.INFO: Cache cleaned successfully {"cache_type":"full_page"} []
[2026-06-28 01:04:00] main.WARNING: Redis connection pool near capacity {"used":85,"max":100} []
[2026-06-28 01:04:00] main.INFO: Cache cleaned successfully {"cache_type":"full_page"} []
[2026-06-28 01:04:00] main.NOTICE: Cron job completed {"job":"catalog_product_index_price_reindex_all"} []
[2026-06-28 01:04:02] main.WARNING: Redis connection pool near capacity {"used":85,"max":100} []
[2026-06-28 01:04:02] main.INFO: Customer login successful {"area":"frontend"} []
[2026-06-28 01:04:02] main.WARNING: Cron schedule missed {"job":"sales_clean_quotes","delay_sec":180} []
[2026-06-28 01:04:02] main.WARNING: Cron schedule missed {"job":"sales_clean_quotes","delay_sec":180} []
[2026-06-28 01:04:02] main.NOTICE: Cron job completed {"job":"catalog_product_index_price_reindex_all"} []
[2026-06-28 01:04:02] main.NOTICE: Cron job completed {"job":"catalog_product_index_price_reindex_all"} []
[2026-06-28 01:04:02] main.INFO: Customer login successful {"area":"frontend"} []
[2026-06-28 01:04:02] main.INFO: Product page rendered from cache {"cache_hit":true} []
[2026-06-28 01:04:02] main.WARNING: Redis connection pool near capacity {"used":85,"max":100} []
[2026-06-28 01:04:02] main.NOTICE: Cron job completed {"job":"catalog_product_index_price_reindex_all"} []
[2026-06-28 01:04:02] main.INFO: Order placed successfully {"payment_method":"checkmo"} []
[2026-06-28 01:04:02] main.WARNING: Cron schedule missed {"job":"sales_clean_quotes","delay_sec":180} []
[2026-06-28 01:04:02] main.WARNING: Cache backend response slow {"duration_ms":420,"cache_type":"full_page"} []
[2026-06-28 01:04:02] main.WARNING: Cron schedule missed {"job":"sales_clean_quotes","delay_sec":180} []
[2026-06-28 01:04:02] main.WARNING: Redis connection pool near capacity {"used":85,"max":100} []
[2026-06-28 01:04:02] main.WARNING: Cron schedule missed {"job":"sales_clean_quotes","delay_sec":180} []
[2026-06-28 01:04:02] main.WARNING: Cache backend response slow {"duration_ms":420,"cache_type":"full_page"} []
[2026-06-28 01:04:02] main.INFO: Product page rendered from cache {"cache_hit":true} []
[2026-06-28 01:04:02] main.WARNING: Cron schedule missed {"job":"sales_clean_quotes","delay_sec":180} []
[2026-06-28 01:04:03] main.NOTICE: Cron job completed {"job":"catalog_product_index_price_reindex_all"} []
[2026-06-28 01:04:05] main.NOTICE: Cron job completed {"job":"catalog_product_index_price_reindex_all"} []
[2026-06-28 01:04:05] main.WARNING: Redis connection pool near capacity {"used":85,"max":100} []
[2026-06-28 01:04:05] main.INFO: Customer login successful {"area":"frontend"} []
[2026-06-28 01:04:05] main.WARNING: Cron schedule missed {"job":"sales_clean_quotes","delay_sec":180} []
[2026-06-28 01:04:05] main.WARNING: Cache backend response slow {"duration_ms":420,"cache_type":"full_page"} []
[2026-06-28 01:04:05] main.WARNING: Cron schedule missed {"job":"sales_clean_quotes","delay_sec":180} []
[2026-06-28 01:04:05] main.WARNING: Cron schedule missed {"job":"sales_clean_quotes","delay_sec":180} []
[2026-06-28 01:04:05] main.INFO: Cache cleaned successfully {"cache_type":"full_page"} []
[2026-06-28 01:04:05] main.WARNING: Cache backend response slow {"duration_ms":420,"cache_type":"full_page"} []
[2026-06-28 01:04:05] main.INFO: Cache cleaned successfully {"cache_type":"full_page"} []
[2026-06-28 01:04:05] main.WARNING: Cron schedule missed {"job":"sales_clean_quotes","delay_sec":180} []
[2026-06-28 01:04:05] main.WARNING: Cache backend response slow {"duration_ms":420,"cache_type":"full_page"} []
[2026-06-28 01:04:05] main.WARNING: Cron schedule missed {"job":"sales_clean_quotes","delay_sec":180} []
[2026-06-28 01:04:05] main.WARNING: Cron schedule missed {"job":"sales_clean_quotes","delay_sec":180} []
[2026-06-28 01:04:05] main.WARNING: Cron schedule missed {"job":"sales_clean_quotes","delay_sec":180} []
[2026-06-28 01:04:05] main.WARNING: Redis connection pool near capacity {"used":85,"max":100} []
[2026-06-28 01:04:05] main.WARNING: Cron schedule missed {"job":"sales_clean_quotes","delay_sec":180} []
[2026-06-28 01:04:05] main.INFO: Cache cleaned successfully {"cache_type":"full_page"} []
[2026-06-28 01:04:05] main.WARNING: Cache backend response slow {"duration_ms":420,"cache_type":"full_page"} []
[2026-06-28 01:04:05] main.INFO: Product page rendered from cache {"cache_hit":true} []
[2026-06-28 01:04:07] main.NOTICE: Cron job completed {"job":"catalog_product_index_price_reindex_all"} []
[2026-06-28 01:04:07] main.INFO: Cache cleaned successfully {"cache_type":"full_page"} []
[2026-06-28 01:04:07] main.WARNING: Redis connection pool near capacity {"used":85,"max":100} []
[2026-06-28 01:04:07] main.NOTICE: Cron job completed {"job":"catalog_product_index_price_reindex_all"} []
[2026-06-28 01:04:07] main.INFO: Customer login successful {"area":"frontend"} []
[2026-06-28 01:04:07] main.INFO: Customer login successful {"area":"frontend"} []
[2026-06-28 01:04:07] main.WARNING: Redis connection pool near capacity {"used":85,"max":100} []
[2026-06-28 01:04:07] main.INFO: Customer login successful {"area":"frontend"} []
[2026-06-28 01:04:07] main.WARNING: Redis connection pool near capacity {"used":85,"max":100} []
[2026-06-28 01:04:07] main.WARNING: Cron schedule missed {"job":"sales_clean_quotes","delay_sec":180} []
[2026-06-28 01:04:07] main.WARNING: Cache backend response slow {"duration_ms":420,"cache_type":"full_page"} []
[2026-06-28 01:04:07] main.INFO: Customer login successful {"area":"frontend"} []
[2026-06-28 01:04:07] main.WARNING: Cron schedule missed {"job":"sales_clean_quotes","delay_sec":180} []
[2026-06-28 01:04:07] main.WARNING: Cache backend response slow {"duration_ms":420,"cache_type":"full_page"} []
[2026-06-28 01:04:07] main.NOTICE: Cron job completed {"job":"catalog_product_index_price_reindex_all"} []
[2026-06-28 01:04:07] main.WARNING: Cache backend response slow {"duration_ms":420,"cache_type":"full_page"} []
[2026-06-28 01:04:07] main.WARNING: Redis connection pool near capacity {"used":85,"max":100} []
[2026-06-28 01:04:07] main.WARNING: Cache backend response slow {"duration_ms":420,"cache_type":"full_page"} []
[2026-06-28 01:04:07] main.WARNING: Cache backend response slow {"duration_ms":420,"cache_type":"full_page"} []
[2026-06-28 01:04:07] main.WARNING: Redis connection pool near capacity {"used":85,"max":100} []
[2026-06-28 01:04:09] main.WARNING: Cron schedule missed {"job":"sales_clean_quotes","delay_sec":180} []
[2026-06-28 01:04:09] main.WARNING: Redis connection pool near capacity {"used":85,"max":100} []
[2026-06-28 01:04:09] main.WARNING: Redis connection pool near capacity {"used":85,"max":100} []
[2026-06-28 01:04:09] main.WARNING: Cache backend response slow {"duration_ms":420,"cache_type":"full_page"} []
[2026-06-28 01:04:09] main.INFO: Customer login successful {"area":"frontend"} []
[2026-06-28 01:04:09] main.WARNING: Cache backend response slow {"duration_ms":420,"cache_type":"full_page"} []
[2026-06-28 01:04:09] main.WARNING: Cache backend response slow {"duration_ms":420,"cache_type":"full_page"} []
[2026-06-28 01:04:09] main.WARNING: Redis connection pool near capacity {"used":85,"max":100} []
[2026-06-28 01:04:09] main.INFO: Cache cleaned successfully {"cache_type":"full_page"} []
[2026-06-28 01:04:09] main.WARNING: Redis connection pool near capacity {"used":85,"max":100} []
[2026-06-28 01:04:09] main.WARNING: Cron schedule missed {"job":"sales_clean_quotes","delay_sec":180} []
[2026-06-28 01:04:09] main.INFO: Customer login successful {"area":"frontend"} []
[2026-06-28 01:04:09] main.INFO: Order placed successfully {"payment_method":"checkmo"} []
[2026-06-28 01:04:10] main.INFO: Customer login successful {"area":"frontend"} []
[2026-06-28 01:04:10] main.WARNING: Cron schedule missed {"job":"sales_clean_quotes","delay_sec":180} []
[2026-06-28 01:04:10] main.WARNING: Redis connection pool near capacity {"used":85,"max":100} []
[2026-06-28 01:04:10] main.INFO: Cache cleaned successfully {"cache_type":"full_page"} []
[2026-06-28 01:04:10] main.WARNING: Cron schedule missed {"job":"sales_clean_quotes","delay_sec":180} []
[2026-06-28 01:04:10] main.NOTICE: Cron job completed {"job":"catalog_product_index_price_reindex_all"} []
[2026-06-28 01:04:10] main.WARNING: Cache backend response slow {"duration_ms":420,"cache_type":"full_page"} []
[2026-06-28 01:04:12] main.WARNING: Cache backend response slow {"duration_ms":420,"cache_type":"full_page"} []
[2026-06-28 01:04:12] main.INFO: Order placed successfully {"payment_method":"checkmo"} []
[2026-06-28 01:04:12] main.NOTICE: Cron job completed {"job":"catalog_product_index_price_reindex_all"} []
[2026-06-28 01:04:12] main.WARNING: Cache backend response slow {"duration_ms":420,"cache_type":"full_page"} []
[2026-06-28 01:04:12] main.WARNING: Cache backend response slow {"duration_ms":420,"cache_type":"full_page"} []
[2026-06-28 01:04:12] main.WARNING: Cache backend response slow {"duration_ms":420,"cache_type":"full_page"} []
[2026-06-28 01:04:12] main.INFO: Customer login successful {"area":"frontend"} []
[2026-06-28 01:04:12] main.WARNING: Cron schedule missed {"job":"sales_clean_quotes","delay_sec":180} []
[2026-06-28 01:04:12] main.INFO: Product page rendered from cache {"cache_hit":true} []
[2026-06-28 01:04:12] main.INFO: Order placed successfully {"payment_method":"checkmo"} []
[2026-06-28 01:04:12] main.INFO: Cache cleaned successfully {"cache_type":"full_page"} []
[2026-06-28 01:04:12] main.INFO: Order placed successfully {"payment_method":"checkmo"} []
[2026-06-28 01:04:12] main.INFO: Cache cleaned successfully {"cache_type":"full_page"} []
[2026-06-28 01:04:12] main.INFO: Cache cleaned successfully {"cache_type":"full_page"} []
[2026-06-28 01:04:12] main.WARNING: Cron schedule missed {"job":"sales_clean_quotes","delay_sec":180} []
[2026-06-28 01:04:12] main.WARNING: Cache backend response slow {"duration_ms":420,"cache_type":"full_page"} []
[2026-06-28 01:04:12] main.WARNING: Cache backend response slow {"duration_ms":420,"cache_type":"full_page"} []
[2026-06-28 01:04:12] main.WARNING: Cache backend response slow {"duration_ms":420,"cache_type":"full_page"} []
[2026-06-28 01:04:12] main.INFO: Product page rendered from cache {"cache_hit":true} []
[2026-06-28 01:04:12] main.WARNING: Redis connection pool near capacity {"used":85,"max":100} []
[2026-06-28 01:04:14] main.WARNING: Cache backend response slow {"duration_ms":420,"cache_type":"full_page"} []
[2026-06-28 01:04:14] main.INFO: Product page rendered from cache {"cache_hit":true} []
[2026-06-28 01:04:14] main.INFO: Order placed successfully {"payment_method":"checkmo"} []
[2026-06-28 01:04:14] main.WARNING: Cron schedule missed {"job":"sales_clean_quotes","delay_sec":180} []
[2026-06-28 01:04:14] main.INFO: Product page rendered from cache {"cache_hit":true} []
[2026-06-28 01:04:14] main.INFO: Customer login successful {"area":"frontend"} []
[2026-06-28 01:04:14] main.INFO: Order placed successfully {"payment_method":"checkmo"} []
[2026-06-28 01:04:14] main.INFO: Customer login successful {"area":"frontend"} []
[2026-06-28 01:04:14] main.INFO: Product page rendered from cache {"cache_hit":true} []
[2026-06-28 01:04:14] main.WARNING: Cache backend response slow {"duration_ms":420,"cache_type":"full_page"} []
[2026-06-28 01:04:14] main.WARNING: Cron schedule missed {"job":"sales_clean_quotes","delay_sec":180} []
[2026-06-28 01:04:14] main.INFO: Customer login successful {"area":"frontend"} []
[2026-06-28 01:04:14] main.INFO: Customer login successful {"area":"frontend"} []
[2026-06-28 01:04:14] main.WARNING: Cron schedule missed {"job":"sales_clean_quotes","delay_sec":180} []
[2026-06-28 01:04:14] main.INFO: Order placed successfully {"payment_method":"checkmo"} []
[2026-06-28 01:04:14] main.NOTICE: Cron job completed {"job":"catalog_product_index_price_reindex_all"} []
[2026-06-28 01:04:14] main.INFO: Product page rendered from cache {"cache_hit":true} []
[2026-06-28 01:04:14] main.WARNING: Cache backend response slow {"duration_ms":420,"cache_type":"full_page"} []
[2026-06-28 01:04:14] main.WARNING: Redis connection pool near capacity {"used":85,"max":100} []
[2026-06-28 01:04:14] main.WARNING: Redis connection pool near capacity {"used":85,"max":100} []
[2026-06-28 01:04:16] main.INFO: Product page rendered from cache {"cache_hit":true} []
[2026-06-28 01:04:16] main.INFO: Customer login successful {"area":"frontend"} []
[2026-06-28 01:04:16] main.INFO: Order placed successfully {"payment_method":"checkmo"} []
[2026-06-28 01:04:16] main.WARNING: Redis connection pool near capacity {"used":85,"max":100} []
[2026-06-28 01:04:16] main.WARNING: Redis connection pool near capacity {"used":85,"max":100} []
[2026-06-28 01:04:16] main.INFO: Order placed successfully {"payment_method":"checkmo"} []
[2026-06-28 01:04:17] main.WARNING: Cron schedule missed {"job":"sales_clean_quotes","delay_sec":180} []
[2026-06-28 01:04:17] main.INFO: Product page rendered from cache {"cache_hit":true} []
[2026-06-28 01:04:17] main.WARNING: Cache backend response slow {"duration_ms":420,"cache_type":"full_page"} []
[2026-06-28 01:04:17] main.WARNING: Redis connection pool near capacity {"used":85,"max":100} []
[2026-06-28 01:04:17] main.INFO: Order placed successfully {"payment_method":"checkmo"} []
[2026-06-28 01:04:17] main.WARNING: Cron schedule missed {"job":"sales_clean_quotes","delay_sec":180} []
[2026-06-28 01:04:17] main.NOTICE: Cron job completed {"job":"catalog_product_index_price_reindex_all"} []
[2026-06-28 01:04:17] main.WARNING: Redis connection pool near capacity {"used":85,"max":100} []
[2026-06-28 01:04:17] main.WARNING: Redis connection pool near capacity {"used":85,"max":100} []
[2026-06-28 01:04:17] main.WARNING: Cache backend response slow {"duration_ms":420,"cache_type":"full_page"} []
[2026-06-28 01:04:17] main.WARNING: Redis connection pool near capacity {"used":85,"max":100} []
[2026-06-28 01:04:17] main.INFO: Product page rendered from cache {"cache_hit":true} []
[2026-06-28 01:04:17] main.WARNING: Cron schedule missed {"job":"sales_clean_quotes","delay_sec":180} []
[2026-06-28 01:04:17] main.INFO: Customer login successful {"area":"frontend"} []
[2026-06-28 01:04:19] main.WARNING: Cache backend response slow {"duration_ms":420,"cache_type":"full_page"} []
[2026-06-28 01:04:19] main.WARNING: Redis connection pool near capacity {"used":85,"max":100} []
[2026-06-28 01:04:19] main.INFO: Order placed successfully {"payment_method":"checkmo"} []
[2026-06-28 01:04:19] main.WARNING: Redis connection pool near capacity {"used":85,"max":100} []
[2026-06-28 01:04:19] main.WARNING: Cache backend response slow {"duration_ms":420,"cache_type":"full_page"} []
[2026-06-28 01:04:19] main.INFO: Cache cleaned successfully {"cache_type":"full_page"} []
[2026-06-28 01:04:19] main.INFO: Order placed successfully {"payment_method":"checkmo"} []
[2026-06-28 01:04:19] main.INFO: Order placed successfully {"payment_method":"checkmo"} []
[2026-06-28 01:04:19] main.INFO: Cache cleaned successfully {"cache_type":"full_page"} []
[2026-06-28 01:04:19] main.WARNING: Redis connection pool near capacity {"used":85,"max":100} []
[2026-06-28 01:04:19] main.INFO: Cache cleaned successfully {"cache_type":"full_page"} []
[2026-06-28 01:04:19] main.INFO: Customer login successful {"area":"frontend"} []
[2026-06-28 01:04:19] main.WARNING: Cache backend response slow {"duration_ms":420,"cache_type":"full_page"} []
[2026-06-28 01:04:19] main.INFO: Product page rendered from cache {"cache_hit":true} []
[2026-06-28 01:04:19] main.WARNING: Redis connection pool near capacity {"used":85,"max":100} []
[2026-06-28 01:04:19] main.INFO: Order placed successfully {"payment_method":"checkmo"} []
[2026-06-28 01:04:19] main.WARNING: Redis connection pool near capacity {"used":85,"max":100} []
[2026-06-28 01:04:19] main.WARNING: Cron schedule missed {"job":"sales_clean_quotes","delay_sec":180} []
[2026-06-28 01:04:19] main.WARNING: Cache backend response slow {"duration_ms":420,"cache_type":"full_page"} []
[2026-06-28 01:04:19] main.WARNING: Redis connection pool near capacity {"used":85,"max":100} []
[2026-06-28 01:04:21] main.NOTICE: Cron job completed {"job":"catalog_product_index_price_reindex_all"} []
[2026-06-28 01:04:21] main.WARNING: Cache backend response slow {"duration_ms":420,"cache_type":"full_page"} []
[2026-06-28 01:04:21] main.WARNING: Cron schedule missed {"job":"sales_clean_quotes","delay_sec":180} []
[2026-06-28 01:04:21] main.NOTICE: Cron job completed {"job":"catalog_product_index_price_reindex_all"} []
[2026-06-28 01:04:21] main.WARNING: Redis connection pool near capacity {"used":85,"max":100} []
[2026-06-28 01:04:21] main.WARNING: Cron schedule missed {"job":"sales_clean_quotes","delay_sec":180} []
[2026-06-28 01:04:21] main.WARNING: Cache backend response slow {"duration_ms":420,"cache_type":"full_page"} []
[2026-06-28 01:04:21] main.INFO: Cache cleaned successfully {"cache_type":"full_page"} []
[2026-06-28 01:04:22] main.WARNING: Redis connection pool near capacity {"used":85,"max":100} []
[2026-06-28 01:04:22] main.WARNING: Cache backend response slow {"duration_ms":420,"cache_type":"full_page"} []
[2026-06-28 01:04:22] main.WARNING: Cache backend response slow {"duration_ms":420,"cache_type":"full_page"} []
[2026-06-28 01:04:22] main.NOTICE: Cron job completed {"job":"catalog_product_index_price_reindex_all"} []
[2026-06-28 01:04:22] main.WARNING: Redis connection pool near capacity {"used":85,"max":100} []
[2026-06-28 01:04:22] main.INFO: Product page rendered from cache {"cache_hit":true} []
[2026-06-28 01:04:22] main.WARNING: Redis connection pool near capacity {"used":85,"max":100} []
[2026-06-28 01:04:22] main.WARNING: Cron schedule missed {"job":"sales_clean_quotes","delay_sec":180} []
[2026-06-28 01:04:22] main.WARNING: Cache backend response slow {"duration_ms":420,"cache_type":"full_page"} []
[2026-06-28 01:04:22] main.WARNING: Cache backend response slow {"duration_ms":420,"cache_type":"full_page"} []
[2026-06-28 01:04:22] main.WARNING: Cache backend response slow {"duration_ms":420,"cache_type":"full_page"} []
[2026-06-28 01:04:22] main.WARNING: Cron schedule missed {"job":"sales_clean_quotes","delay_sec":180} []
[2026-06-28 01:04:24] main.WARNING: Redis connection pool near capacity {"used":85,"max":100} []
[2026-06-28 01:04:24] main.WARNING: Redis connection pool near capacity {"used":85,"max":100} []
[2026-06-28 01:04:24] main.NOTICE: Cron job completed {"job":"catalog_product_index_price_reindex_all"} []
[2026-06-28 01:04:24] main.WARNING: Cache backend response slow {"duration_ms":420,"cache_type":"full_page"} []
[2026-06-28 01:04:24] main.WARNING: Cron schedule missed {"job":"sales_clean_quotes","delay_sec":180} []
[2026-06-28 01:04:24] main.INFO: Customer login successful {"area":"frontend"} []
[2026-06-28 01:04:24] main.WARNING: Cron schedule missed {"job":"sales_clean_quotes","delay_sec":180} []
[2026-06-28 01:04:24] main.WARNING: Redis connection pool near capacity {"used":85,"max":100} []
[2026-06-28 01:04:24] main.INFO: Cache cleaned successfully {"cache_type":"full_page"} []
[2026-06-28 01:04:24] main.WARNING: Cache backend response slow {"duration_ms":420,"cache_type":"full_page"} []
[2026-06-28 01:04:24] main.INFO: Customer login successful {"area":"frontend"} []
[2026-06-28 01:04:24] main.WARNING: Cron schedule missed {"job":"sales_clean_quotes","delay_sec":180} []
[2026-06-28 01:04:24] main.WARNING: Redis connection pool near capacity {"used":85,"max":100} []
[2026-06-28 01:04:24] main.INFO: Product page rendered from cache {"cache_hit":true} []
[2026-06-28 01:04:24] main.WARNING: Cron schedule missed {"job":"sales_clean_quotes","delay_sec":180} []
[2026-06-28 01:04:24] main.INFO: Product page rendered from cache {"cache_hit":true} []
[2026-06-28 01:04:24] main.INFO: Order placed successfully {"payment_method":"checkmo"} []
[2026-06-28 01:04:24] main.WARNING: Cron schedule missed {"job":"sales_clean_quotes","delay_sec":180} []
[2026-06-28 01:04:24] main.NOTICE: Cron job completed {"job":"catalog_product_index_price_reindex_all"} []
[2026-06-28 01:04:24] main.INFO: Product page rendered from cache {"cache_hit":true} []
[2026-06-28 01:04:26] main.WARNING: Redis connection pool near capacity {"used":85,"max":100} []
[2026-06-28 01:04:26] main.WARNING: Cron schedule missed {"job":"sales_clean_quotes","delay_sec":180} []
[2026-06-28 01:04:26] main.WARNING: Cache backend response slow {"duration_ms":420,"cache_type":"full_page"} []
[2026-06-28 01:04:26] main.WARNING: Cache backend response slow {"duration_ms":420,"cache_type":"full_page"} []
[2026-06-28 01:04:26] main.INFO: Customer login successful {"area":"frontend"} []
[2026-06-28 01:04:26] main.WARNING: Cache backend response slow {"duration_ms":420,"cache_type":"full_page"} []
[2026-06-28 01:04:26] main.INFO: Product page rendered from cache {"cache_hit":true} []
[2026-06-28 01:04:26] main.WARNING: Cron schedule missed {"job":"sales_clean_quotes","delay_sec":180} []
[2026-06-28 01:04:26] main.WARNING: Cron schedule missed {"job":"sales_clean_quotes","delay_sec":180} []
[2026-06-28 01:04:26] main.INFO: Order placed successfully {"payment_method":"checkmo"} []
[2026-06-28 01:04:26] main.INFO: Cache cleaned successfully {"cache_type":"full_page"} []
[2026-06-28 01:04:26] main.WARNING: Cache backend response slow {"duration_ms":420,"cache_type":"full_page"} []
[2026-06-28 01:04:27] main.WARNING: Redis connection pool near capacity {"used":85,"max":100} []
[2026-06-28 01:04:27] main.WARNING: Cache backend response slow {"duration_ms":420,"cache_type":"full_page"} []
[2026-06-28 01:04:27] main.INFO: Customer login successful {"area":"frontend"} []
[2026-06-28 01:04:27] main.WARNING: Cache backend response slow {"duration_ms":420,"cache_type":"full_page"} []
[2026-06-28 01:04:27] main.NOTICE: Cron job completed {"job":"catalog_product_index_price_reindex_all"} []
[2026-06-28 01:04:27] main.WARNING: Cache backend response slow {"duration_ms":420,"cache_type":"full_page"} []
[2026-06-28 01:04:27] main.INFO: Product page rendered from cache {"cache_hit":true} []
[2026-06-28 01:04:27] main.NOTICE: Cron job completed {"job":"catalog_product_index_price_reindex_all"} []
[2026-06-28 01:04:29] main.WARNING: Cache backend response slow {"duration_ms":420,"cache_type":"full_page"} []
[2026-06-28 01:04:29] main.WARNING: Redis connection pool near capacity {"used":85,"max":100} []
[2026-06-28 01:04:29] main.INFO: Customer login successful {"area":"frontend"} []
[2026-06-28 01:04:29] main.INFO: Product page rendered from cache {"cache_hit":true} []
[2026-06-28 01:04:29] main.INFO: Product page rendered from cache {"cache_hit":true} []
[2026-06-28 01:04:29] main.INFO: Order placed successfully {"payment_method":"checkmo"} []
[2026-06-28 01:04:29] main.INFO: Product page rendered from cache {"cache_hit":true} []
[2026-06-28 01:04:29] main.NOTICE: Cron job completed {"job":"catalog_product_index_price_reindex_all"} []
[2026-06-28 01:04:29] main.INFO: Cache cleaned successfully {"cache_type":"full_page"} []
[2026-06-28 01:04:29] main.WARNING: Cache backend response slow {"duration_ms":420,"cache_type":"full_page"} []
[2026-06-28 01:04:29] main.WARNING: Cron schedule missed {"job":"sales_clean_quotes","delay_sec":180} []
[2026-06-28 01:04:29] main.INFO: Cache cleaned successfully {"cache_type":"full_page"} []
[2026-06-28 01:04:29] main.WARNING: Redis connection pool near capacity {"used":85,"max":100} []
[2026-06-28 01:04:29] main.WARNING: Cache backend response slow {"duration_ms":420,"cache_type":"full_page"} []
[2026-06-28 01:04:29] main.WARNING: Cron schedule missed {"job":"sales_clean_quotes","delay_sec":180} []
[2026-06-28 01:04:29] main.WARNING: Cache backend response slow {"duration_ms":420,"cache_type":"full_page"} []
[2026-06-28 01:04:29] main.WARNING: Cron schedule missed {"job":"sales_clean_quotes","delay_sec":180} []
[2026-06-28 01:04:29] main.WARNING: Redis connection pool near capacity {"used":85,"max":100} []
[2026-06-28 01:04:29] main.INFO: Customer login successful {"area":"frontend"} []
[2026-06-28 01:04:29] main.WARNING: Redis connection pool near capacity {"used":85,"max":100} []
[2026-06-28 01:04:31] main.INFO: Order placed successfully {"payment_method":"checkmo"} []
[2026-06-28 01:04:31] main.INFO: Cache cleaned successfully {"cache_type":"full_page"} []
[2026-06-28 01:04:31] main.NOTICE: Cron job completed {"job":"catalog_product_index_price_reindex_all"} []
[2026-06-28 01:04:31] main.WARNING: Redis connection pool near capacity {"used":85,"max":100} []
[2026-06-28 01:04:31] main.WARNING: Cache backend response slow {"duration_ms":420,"cache_type":"full_page"} []
[2026-06-28 01:04:31] main.INFO: Product page rendered from cache {"cache_hit":true} []
[2026-06-28 01:04:31] main.INFO: Customer login successful {"area":"frontend"} []
[2026-06-28 01:04:31] main.NOTICE: Cron job completed {"job":"catalog_product_index_price_reindex_all"} []
[2026-06-28 01:04:31] main.WARNING: Cron schedule missed {"job":"sales_clean_quotes","delay_sec":180} []
[2026-06-28 01:04:31] main.WARNING: Cache backend response slow {"duration_ms":420,"cache_type":"full_page"} []
[2026-06-28 01:04:31] main.WARNING: Cache backend response slow {"duration_ms":420,"cache_type":"full_page"} []
[2026-06-28 01:04:31] main.WARNING: Redis connection pool near capacity {"used":85,"max":100} []
[2026-06-28 01:04:31] main.INFO: Customer login successful {"area":"frontend"} []
[2026-06-28 01:04:31] main.WARNING: Cron schedule missed {"job":"sales_clean_quotes","delay_sec":180} []
[2026-06-28 01:04:31] main.WARNING: Redis connection pool near capacity {"used":85,"max":100} []
[2026-06-28 01:04:32] main.WARNING: Cache backend response slow {"duration_ms":420,"cache_type":"full_page"} []
[2026-06-28 01:04:32] main.WARNING: Cron schedule missed {"job":"sales_clean_quotes","delay_sec":180} []
[2026-06-28 01:04:32] main.INFO: Customer login successful {"area":"frontend"} []
[2026-06-28 01:04:32] main.WARNING: Cache backend response slow {"duration_ms":420,"cache_type":"full_page"} []
[2026-06-28 01:04:32] main.INFO: Cache cleaned successfully {"cache_type":"full_page"} []
[2026-06-28 01:04:34] main.WARNING: Cache backend response slow {"duration_ms":420,"cache_type":"full_page"} []
[2026-06-28 01:04:34] main.WARNING: Redis connection pool near capacity {"used":85,"max":100} []
[2026-06-28 01:04:34] main.INFO: Order placed successfully {"payment_method":"checkmo"} []
[2026-06-28 01:04:34] main.INFO: Cache cleaned successfully {"cache_type":"full_page"} []
[2026-06-28 01:04:34] main.INFO: Customer login successful {"area":"frontend"} []
[2026-06-28 01:04:34] main.INFO: Product page rendered from cache {"cache_hit":true} []
[2026-06-28 01:04:34] main.WARNING: Cache backend response slow {"duration_ms":420,"cache_type":"full_page"} []
[2026-06-28 01:04:34] main.INFO: Cache cleaned successfully {"cache_type":"full_page"} []
[2026-06-28 01:04:34] main.INFO: Cache cleaned successfully {"cache_type":"full_page"} []
[2026-06-28 01:04:34] main.WARNING: Cron schedule missed {"job":"sales_clean_quotes","delay_sec":180} []
[2026-06-28 01:04:34] main.WARNING: Redis connection pool near capacity {"used":85,"max":100} []
[2026-06-28 01:04:34] main.WARNING: Redis connection pool near capacity {"used":85,"max":100} []
[2026-06-28 01:04:34] main.WARNING: Cron schedule missed {"job":"sales_clean_quotes","delay_sec":180} []
[2026-06-28 01:04:34] main.WARNING: Cache backend response slow {"duration_ms":420,"cache_type":"full_page"} []
[2026-06-28 01:04:34] main.INFO: Order placed successfully {"payment_method":"checkmo"} []
[2026-06-28 01:04:34] main.INFO: Order placed successfully {"payment_method":"checkmo"} []
[2026-06-28 01:04:34] main.NOTICE: Cron job completed {"job":"catalog_product_index_price_reindex_all"} []
[2026-06-28 01:04:34] main.INFO: Order placed successfully {"payment_method":"checkmo"} []
[2026-06-28 01:04:34] main.INFO: Order placed successfully {"payment_method":"checkmo"} []
[2026-06-28 01:04:34] main.INFO: Order placed successfully {"payment_method":"checkmo"} []
[2026-06-28 01:04:36] main.INFO: Cache cleaned successfully {"cache_type":"full_page"} []
[2026-06-28 01:04:36] main.INFO: Customer login successful {"area":"frontend"} []
[2026-06-28 01:04:36] main.WARNING: Cache backend response slow {"duration_ms":420,"cache_type":"full_page"} []
[2026-06-28 01:04:36] main.NOTICE: Cron job completed {"job":"catalog_product_index_price_reindex_all"} []
[2026-06-28 01:04:36] main.INFO: Product page rendered from cache {"cache_hit":true} []
[2026-06-28 01:04:36] main.WARNING: Cache backend response slow {"duration_ms":420,"cache_type":"full_page"} []
[2026-06-28 01:04:36] main.INFO: Order placed successfully {"payment_method":"checkmo"} []
[2026-06-28 01:04:36] main.INFO: Product page rendered from cache {"cache_hit":true} []
[2026-06-28 01:04:36] main.INFO: Customer login successful {"area":"frontend"} []
[2026-06-28 01:04:36] main.INFO: Cache cleaned successfully {"cache_type":"full_page"} []
[2026-06-28 01:04:36] main.INFO: Order placed successfully {"payment_method":"checkmo"} []
[2026-06-28 01:04:36] main.INFO: Product page rendered from cache {"cache_hit":true} []
[2026-06-28 01:04:36] main.INFO: Product page rendered from cache {"cache_hit":true} []
[2026-06-28 01:04:36] main.NOTICE: Cron job completed {"job":"catalog_product_index_price_reindex_all"} []
[2026-06-28 01:04:36] main.NOTICE: Cron job completed {"job":"catalog_product_index_price_reindex_all"} []
[2026-06-28 01:04:36] main.WARNING: Cron schedule missed {"job":"sales_clean_quotes","delay_sec":180} []
[2026-06-28 01:04:36] main.WARNING: Cache backend response slow {"duration_ms":420,"cache_type":"full_page"} []
[2026-06-28 01:04:37] main.INFO: Customer login successful {"area":"frontend"} []
[2026-06-28 01:04:37] main.INFO: Product page rendered from cache {"cache_hit":true} []
[2026-06-28 01:04:37] main.WARNING: Redis connection pool near capacity {"used":85,"max":100} []
[2026-06-28 01:04:39] main.WARNING: Redis connection pool near capacity {"used":85,"max":100} []
[2026-06-28 01:04:39] main.INFO: Product page rendered from cache {"cache_hit":true} []
[2026-06-28 01:04:39] main.WARNING: Redis connection pool near capacity {"used":85,"max":100} []
[2026-06-28 01:04:39] main.INFO: Customer login successful {"area":"frontend"} []
[2026-06-28 01:04:39] main.WARNING: Cron schedule missed {"job":"sales_clean_quotes","delay_sec":180} []
[2026-06-28 01:04:39] main.INFO: Order placed successfully {"payment_method":"checkmo"} []
[2026-06-28 01:04:39] main.INFO: Customer login successful {"area":"frontend"} []
[2026-06-28 01:04:39] main.WARNING: Cron schedule missed {"job":"sales_clean_quotes","delay_sec":180} []
[2026-06-28 01:04:39] main.INFO: Order placed successfully {"payment_method":"checkmo"} []
[2026-06-28 01:04:39] main.WARNING: Cron schedule missed {"job":"sales_clean_quotes","delay_sec":180} []
[2026-06-28 01:04:39] main.INFO: Order placed successfully {"payment_method":"checkmo"} []
[2026-06-28 01:04:39] main.WARNING: Redis connection pool near capacity {"used":85,"max":100} []
[2026-06-28 01:04:39] main.INFO: Order placed successfully {"payment_method":"checkmo"} []
[2026-06-28 01:04:39] main.INFO: Customer login successful {"area":"frontend"} []
[2026-06-28 01:04:39] main.INFO: Customer login successful {"area":"frontend"} []
[2026-06-28 01:04:39] main.INFO: Customer login successful {"area":"frontend"} []
[2026-06-28 01:04:39] main.WARNING: Cache backend response slow {"duration_ms":420,"cache_type":"full_page"} []
[2026-06-28 01:04:39] main.INFO: Customer login successful {"area":"frontend"} []
[2026-06-28 01:04:39] main.WARNING: Cache backend response slow {"duration_ms":420,"cache_type":"full_page"} []
[2026-06-28 01:04:39] main.INFO: Cache cleaned successfully {"cache_type":"full_page"} []
[2026-06-28 01:04:41] main.WARNING: Cache backend response slow {"duration_ms":420,"cache_type":"full_page"} []
[2026-06-28 01:04:41] main.INFO: Product page rendered from cache {"cache_hit":true} []
[2026-06-28 01:04:41] main.WARNING: Cron schedule missed {"job":"sales_clean_quotes","delay_sec":180} []
[2026-06-28 01:04:41] main.WARNING: Redis connection pool near capacity {"used":85,"max":100} []
[2026-06-28 01:04:41] main.INFO: Product page rendered from cache {"cache_hit":true} []
[2026-06-28 01:04:41] main.WARNING: Cron schedule missed {"job":"sales_clean_quotes","delay_sec":180} []
[2026-06-28 01:04:41] main.WARNING: Redis connection pool near capacity {"used":85,"max":100} []
[2026-06-28 01:04:41] main.INFO: Cache cleaned successfully {"cache_type":"full_page"} []
[2026-06-28 01:04:41] main.WARNING: Cache backend response slow {"duration_ms":420,"cache_type":"full_page"} []
[2026-06-28 01:04:41] main.INFO: Customer login successful {"area":"frontend"} []
[2026-06-28 01:04:41] main.INFO: Customer login successful {"area":"frontend"} []
[2026-06-28 01:04:41] main.WARNING: Cron schedule missed {"job":"sales_clean_quotes","delay_sec":180} []
[2026-06-28 01:04:41] main.WARNING: Cache backend response slow {"duration_ms":420,"cache_type":"full_page"} []
[2026-06-28 01:04:41] main.WARNING: Cache backend response slow {"duration_ms":420,"cache_type":"full_page"} []
[2026-06-28 01:04:41] main.INFO: Cache cleaned successfully {"cache_type":"full_page"} []
[2026-06-28 01:04:41] main.NOTICE: Cron job completed {"job":"catalog_product_index_price_reindex_all"} []
[2026-06-28 01:04:41] main.WARNING: Cron schedule missed {"job":"sales_clean_quotes","delay_sec":180} []
[2026-06-28 01:04:41] main.INFO: Product page rendered from cache {"cache_hit":true} []
[2026-06-28 01:04:42] main.WARNING: Cache backend response slow {"duration_ms":420,"cache_type":"full_page"} []
[2026-06-28 01:04:42] main.WARNING: Redis connection pool near capacity {"used":85,"max":100} []
[2026-06-28 01:04:44] main.INFO: Order placed successfully {"payment_method":"checkmo"} []
[2026-06-28 01:04:44] main.WARNING: Cache backend response slow {"duration_ms":420,"cache_type":"full_page"} []
[2026-06-28 01:04:44] main.WARNING: Redis connection pool near capacity {"used":85,"max":100} []
[2026-06-28 01:04:44] main.NOTICE: Cron job completed {"job":"catalog_product_index_price_reindex_all"} []
[2026-06-28 01:04:44] main.INFO: Cache cleaned successfully {"cache_type":"full_page"} []
[2026-06-28 01:04:44] main.INFO: Cache cleaned successfully {"cache_type":"full_page"} []
[2026-06-28 01:04:44] main.INFO: Product page rendered from cache {"cache_hit":true} []
[2026-06-28 01:04:44] main.NOTICE: Cron job completed {"job":"catalog_product_index_price_reindex_all"} []
[2026-06-28 01:04:44] main.WARNING: Cache backend response slow {"duration_ms":420,"cache_type":"full_page"} []
[2026-06-28 01:04:44] main.INFO: Cache cleaned successfully {"cache_type":"full_page"} []
[2026-06-28 01:04:44] main.INFO: Product page rendered from cache {"cache_hit":true} []
[2026-06-28 01:04:44] main.INFO: Product page rendered from cache {"cache_hit":true} []
[2026-06-28 01:04:44] main.WARNING: Cache backend response slow {"duration_ms":420,"cache_type":"full_page"} []
[2026-06-28 01:04:44] main.INFO: Customer login successful {"area":"frontend"} []
[2026-06-28 01:04:44] main.WARNING: Redis connection pool near capacity {"used":85,"max":100} []
[2026-06-28 01:04:44] main.WARNING: Cache backend response slow {"duration_ms":420,"cache_type":"full_page"} []
[2026-06-28 01:04:44] main.WARNING: Redis connection pool near capacity {"used":85,"max":100} []
[2026-06-28 01:04:44] main.WARNING: Cache backend response slow {"duration_ms":420,"cache_type":"full_page"} []
[2026-06-28 01:04:44] main.WARNING: Cache backend response slow {"duration_ms":420,"cache_type":"full_page"} []
[2026-06-28 01:04:44] main.WARNING: Redis connection pool near capacity {"used":85,"max":100} []
[2026-06-28 01:04:46] main.INFO: Product page rendered from cache {"cache_hit":true} []
[2026-06-28 01:04:46] main.INFO: Customer login successful {"area":"frontend"} []
[2026-06-28 01:04:46] main.INFO: Cache cleaned successfully {"cache_type":"full_page"} []
[2026-06-28 01:04:46] main.INFO: Customer login successful {"area":"frontend"} []
[2026-06-28 01:04:46] main.WARNING: Redis connection pool near capacity {"used":85,"max":100} []
[2026-06-28 01:04:46] main.INFO: Cache cleaned successfully {"cache_type":"full_page"} []
[2026-06-28 01:04:46] main.INFO: Customer login successful {"area":"frontend"} []
[2026-06-28 01:04:46] main.WARNING: Redis connection pool near capacity {"used":85,"max":100} []
[2026-06-28 01:04:46] main.INFO: Order placed successfully {"payment_method":"checkmo"} []
[2026-06-28 01:04:46] main.INFO: Cache cleaned successfully {"cache_type":"full_page"} []
[2026-06-28 01:04:46] main.INFO: Product page rendered from cache {"cache_hit":true} []
[2026-06-28 01:04:46] main.INFO: Cache cleaned successfully {"cache_type":"full_page"} []
[2026-06-28 01:04:46] main.WARNING: Redis connection pool near capacity {"used":85,"max":100} []
[2026-06-28 01:04:46] main.WARNING: Redis connection pool near capacity {"used":85,"max":100} []
[2026-06-28 01:04:46] main.WARNING: Redis connection pool near capacity {"used":85,"max":100} []
[2026-06-28 01:04:46] main.NOTICE: Cron job completed {"job":"catalog_product_index_price_reindex_all"} []
[2026-06-28 01:04:46] main.INFO: Product page rendered from cache {"cache_hit":true} []
[2026-06-28 01:04:46] main.WARNING: Cron schedule missed {"job":"sales_clean_quotes","delay_sec":180} []
[2026-06-28 01:04:46] main.NOTICE: Cron job completed {"job":"catalog_product_index_price_reindex_all"} []
[2026-06-28 01:04:46] main.WARNING: Cache backend response slow {"duration_ms":420,"cache_type":"full_page"} []
[2026-06-28 01:04:48] main.WARNING: Cache backend response slow {"duration_ms":420,"cache_type":"full_page"} []
[2026-06-28 01:04:48] main.INFO: Product page rendered from cache {"cache_hit":true} []
[2026-06-28 01:04:48] main.INFO: Product page rendered from cache {"cache_hit":true} []
[2026-06-28 01:04:49] main.WARNING: Cron schedule missed {"job":"sales_clean_quotes","delay_sec":180} []
[2026-06-28 01:04:49] main.INFO: Cache cleaned successfully {"cache_type":"full_page"} []
[2026-06-28 01:04:49] main.NOTICE: Cron job completed {"job":"catalog_product_index_price_reindex_all"} []
[2026-06-28 01:04:49] main.WARNING: Cron schedule missed {"job":"sales_clean_quotes","delay_sec":180} []
[2026-06-28 01:04:49] main.INFO: Customer login successful {"area":"frontend"} []
[2026-06-28 01:04:49] main.NOTICE: Cron job completed {"job":"catalog_product_index_price_reindex_all"} []
[2026-06-28 01:04:49] main.WARNING: Cache backend response slow {"duration_ms":420,"cache_type":"full_page"} []
[2026-06-28 01:04:49] main.WARNING: Cron schedule missed {"job":"sales_clean_quotes","delay_sec":180} []
[2026-06-28 01:04:49] main.WARNING: Cron schedule missed {"job":"sales_clean_quotes","delay_sec":180} []
[2026-06-28 01:04:49] main.WARNING: Redis connection pool near capacity {"used":85,"max":100} []
[2026-06-28 01:04:49] main.INFO: Order placed successfully {"payment_method":"checkmo"} []
[2026-06-28 01:04:49] main.WARNING: Redis connection pool near capacity {"used":85,"max":100} []
[2026-06-28 01:04:49] main.INFO: Cache cleaned successfully {"cache_type":"full_page"} []
[2026-06-28 01:04:49] main.NOTICE: Cron job completed {"job":"catalog_product_index_price_reindex_all"} []
[2026-06-28 01:04:49] main.WARNING: Cache backend response slow {"duration_ms":420,"cache_type":"full_page"} []
[2026-06-28 01:04:49] main.NOTICE: Cron job completed {"job":"catalog_product_index_price_reindex_all"} []
[2026-06-28 01:04:49] main.INFO: Order placed successfully {"payment_method":"checkmo"} []
[2026-06-28 01:04:51] main.INFO: Cache cleaned successfully {"cache_type":"full_page"} []
[2026-06-28 01:04:51] main.NOTICE: Cron job completed {"job":"catalog_product_index_price_reindex_all"} []
[2026-06-28 01:04:51] main.INFO: Cache cleaned successfully {"cache_type":"full_page"} []
[2026-06-28 01:04:51] main.WARNING: Cache backend response slow {"duration_ms":420,"cache_type":"full_page"} []
[2026-06-28 01:04:51] main.WARNING: Redis connection pool near capacity {"used":85,"max":100} []
[2026-06-28 01:04:51] main.WARNING: Redis connection pool near capacity {"used":85,"max":100} []
[2026-06-28 01:04:51] main.INFO: Product page rendered from cache {"cache_hit":true} []
[2026-06-28 01:04:51] main.WARNING: Redis connection pool near capacity {"used":85,"max":100} []
[2026-06-28 01:04:51] main.WARNING: Cron schedule missed {"job":"sales_clean_quotes","delay_sec":180} []
[2026-06-28 01:04:51] main.WARNING: Cron schedule missed {"job":"sales_clean_quotes","delay_sec":180} []
[2026-06-28 01:04:51] main.INFO: Product page rendered from cache {"cache_hit":true} []
[2026-06-28 01:04:51] main.WARNING: Cache backend response slow {"duration_ms":420,"cache_type":"full_page"} []
[2026-06-28 01:04:51] main.WARNING: Cron schedule missed {"job":"sales_clean_quotes","delay_sec":180} []
[2026-06-28 01:04:51] main.WARNING: Cron schedule missed {"job":"sales_clean_quotes","delay_sec":180} []
[2026-06-28 01:04:51] main.NOTICE: Cron job completed {"job":"catalog_product_index_price_reindex_all"} []
[2026-06-28 01:04:51] main.WARNING: Cron schedule missed {"job":"sales_clean_quotes","delay_sec":180} []
[2026-06-28 01:04:51] main.INFO: Customer login successful {"area":"frontend"} []
[2026-06-28 01:04:51] main.WARNING: Cron schedule missed {"job":"sales_clean_quotes","delay_sec":180} []
[2026-06-28 01:04:51] main.INFO: Product page rendered from cache {"cache_hit":true} []
[2026-06-28 01:04:51] main.INFO: Cache cleaned successfully {"cache_type":"full_page"} []
[2026-06-28 01:04:53] main.INFO: Customer login successful {"area":"frontend"} []
[2026-06-28 01:04:53] main.WARNING: Cron schedule missed {"job":"sales_clean_quotes","delay_sec":180} []
[2026-06-28 01:04:53] main.INFO: Cache cleaned successfully {"cache_type":"full_page"} []
[2026-06-28 01:04:53] main.WARNING: Redis connection pool near capacity {"used":85,"max":100} []
[2026-06-28 01:04:53] main.WARNING: Cache backend response slow {"duration_ms":420,"cache_type":"full_page"} []
[2026-06-28 01:04:53] main.WARNING: Cron schedule missed {"job":"sales_clean_quotes","delay_sec":180} []
[2026-06-28 01:04:53] main.WARNING: Redis connection pool near capacity {"used":85,"max":100} []
[2026-06-28 01:04:53] main.INFO: Cache cleaned successfully {"cache_type":"full_page"} []
[2026-06-28 01:04:53] main.INFO: Order placed successfully {"payment_method":"checkmo"} []
[2026-06-28 01:04:53] main.INFO: Order placed successfully {"payment_method":"checkmo"} []
[2026-06-28 01:04:53] main.WARNING: Redis connection pool near capacity {"used":85,"max":100} []
[2026-06-28 01:04:53] main.INFO: Customer login successful {"area":"frontend"} []
[2026-06-28 01:04:53] main.WARNING: Cron schedule missed {"job":"sales_clean_quotes","delay_sec":180} []
[2026-06-28 01:04:53] main.NOTICE: Cron job completed {"job":"catalog_product_index_price_reindex_all"} []
[2026-06-28 01:04:53] main.INFO: Order placed successfully {"payment_method":"checkmo"} []
[2026-06-28 01:04:53] main.WARNING: Cron schedule missed {"job":"sales_clean_quotes","delay_sec":180} []
[2026-06-28 01:04:53] main.WARNING: Cron schedule missed {"job":"sales_clean_quotes","delay_sec":180} []
[2026-06-28 01:04:53] main.WARNING: Redis connection pool near capacity {"used":85,"max":100} []
[2026-06-28 01:04:53] main.INFO: Customer login successful {"area":"frontend"} []
[2026-06-28 01:04:53] main.WARNING: Cron schedule missed {"job":"sales_clean_quotes","delay_sec":180} []
[2026-06-28 01:04:56] main.INFO: Cache cleaned successfully {"cache_type":"full_page"} []
[2026-06-28 01:04:56] main.WARNING: Cron schedule missed {"job":"sales_clean_quotes","delay_sec":180} []
[2026-06-28 01:04:56] main.WARNING: Redis connection pool near capacity {"used":85,"max":100} []
[2026-06-28 01:04:56] main.WARNING: Redis connection pool near capacity {"used":85,"max":100} []
[2026-06-28 01:04:56] main.WARNING: Cron schedule missed {"job":"sales_clean_quotes","delay_sec":180} []
[2026-06-28 01:04:56] main.WARNING: Redis connection pool near capacity {"used":85,"max":100} []
[2026-06-28 01:04:56] main.WARNING: Cron schedule missed {"job":"sales_clean_quotes","delay_sec":180} []
[2026-06-28 01:04:56] main.INFO: Cache cleaned successfully {"cache_type":"full_page"} []
[2026-06-28 01:04:56] main.INFO: Cache cleaned successfully {"cache_type":"full_page"} []
[2026-06-28 01:04:56] main.INFO: Cache cleaned successfully {"cache_type":"full_page"} []
[2026-06-28 01:04:56] main.INFO: Customer login successful {"area":"frontend"} []
[2026-06-28 01:04:56] main.INFO: Customer login successful {"area":"frontend"} []
[2026-06-28 01:04:56] main.INFO: Customer login successful {"area":"frontend"} []
[2026-06-28 01:04:56] main.WARNING: Redis connection pool near capacity {"used":85,"max":100} []
[2026-06-28 01:04:56] main.WARNING: Redis connection pool near capacity {"used":85,"max":100} []
[2026-06-28 01:04:56] main.WARNING: Redis connection pool near capacity {"used":85,"max":100} []
[2026-06-28 01:04:56] main.WARNING: Cron schedule missed {"job":"sales_clean_quotes","delay_sec":180} []
[2026-06-28 01:04:56] main.WARNING: Cron schedule missed {"job":"sales_clean_quotes","delay_sec":180} []
[2026-06-28 01:04:56] main.WARNING: Redis connection pool near capacity {"used":85,"max":100} []
[2026-06-28 01:04:56] main.INFO: Order placed successfully {"payment_method":"checkmo"} []
[2026-06-28 01:04:58] main.INFO: Product page rendered from cache {"cache_hit":true} []
[2026-06-28 01:04:58] main.INFO: Customer login successful {"area":"frontend"} []
[2026-06-28 01:04:58] main.WARNING: Cache backend response slow {"duration_ms":420,"cache_type":"full_page"} []
[2026-06-28 01:04:58] main.WARNING: Cache backend response slow {"duration_ms":420,"cache_type":"full_page"} []
[2026-06-28 01:04:58] main.INFO: Order placed successfully {"payment_method":"checkmo"} []
[2026-06-28 01:04:58] main.WARNING: Cache backend response slow {"duration_ms":420,"cache_type":"full_page"} []
[2026-06-28 01:04:58] main.WARNING: Redis connection pool near capacity {"used":85,"max":100} []
[2026-06-28 01:04:58] main.INFO: Order placed successfully {"payment_method":"checkmo"} []
[2026-06-28 01:04:58] main.WARNING: Cache backend response slow {"duration_ms":420,"cache_type":"full_page"} []
[2026-06-28 01:04:58] main.INFO: Order placed successfully {"payment_method":"checkmo"} []
[2026-06-28 01:04:58] main.WARNING: Cache backend response slow {"duration_ms":420,"cache_type":"full_page"} []
[2026-06-28 01:04:58] main.INFO: Order placed successfully {"payment_method":"checkmo"} []
[2026-06-28 01:04:58] main.NOTICE: Cron job completed {"job":"catalog_product_index_price_reindex_all"} []
[2026-06-28 01:04:58] main.WARNING: Cron schedule missed {"job":"sales_clean_quotes","delay_sec":180} []
[2026-06-28 01:04:58] main.INFO: Product page rendered from cache {"cache_hit":true} []
[2026-06-28 01:04:58] main.WARNING: Redis connection pool near capacity {"used":85,"max":100} []
[2026-06-28 01:04:58] main.INFO: Cache cleaned successfully {"cache_type":"full_page"} []
[2026-06-28 01:04:58] main.INFO: Order placed successfully {"payment_method":"checkmo"} []
[2026-06-28 01:04:58] main.WARNING: Cron schedule missed {"job":"sales_clean_quotes","delay_sec":180} []
[2026-06-28 01:04:58] main.INFO: Order placed successfully {"payment_method":"checkmo"} []
[2026-06-28 01:05:00] main.WARNING: Cache backend response slow {"duration_ms":420,"cache_type":"full_page"} []
[2026-06-28 01:05:00] main.INFO: Cache cleaned successfully {"cache_type":"full_page"} []
[2026-06-28 01:05:00] main.INFO: Cache cleaned successfully {"cache_type":"full_page"} []
[2026-06-28 01:05:00] main.INFO: Product page rendered from cache {"cache_hit":true} []
[2026-06-28 01:05:00] main.WARNING: Cron schedule missed {"job":"sales_clean_quotes","delay_sec":180} []
[2026-06-28 01:05:00] main.INFO: Cache cleaned successfully {"cache_type":"full_page"} []
[2026-06-28 01:05:00] main.NOTICE: Cron job completed {"job":"catalog_product_index_price_reindex_all"} []
[2026-06-28 01:05:00] main.WARNING: Cron schedule missed {"job":"sales_clean_quotes","delay_sec":180} []
[2026-06-28 01:05:00] main.INFO: Customer login successful {"area":"frontend"} []
[2026-06-28 01:05:00] main.INFO: Order placed successfully {"payment_method":"checkmo"} []
[2026-06-28 01:05:00] main.WARNING: Cron schedule missed {"job":"sales_clean_quotes","delay_sec":180} []
[2026-06-28 01:05:00] main.INFO: Order placed successfully {"payment_method":"checkmo"} []
[2026-06-28 01:05:00] main.WARNING: Cache backend response slow {"duration_ms":420,"cache_type":"full_page"} []
[2026-06-28 01:05:00] main.WARNING: Cache backend response slow {"duration_ms":420,"cache_type":"full_page"} []
[2026-06-28 01:05:00] main.INFO: Product page rendered from cache {"cache_hit":true} []
[2026-06-28 01:05:00] main.NOTICE: Cron job completed {"job":"catalog_product_index_price_reindex_all"} []
[2026-06-28 01:05:00] main.WARNING: Redis connection pool near capacity {"used":85,"max":100} []
[2026-06-28 01:05:01] main.INFO: Product page rendered from cache {"cache_hit":true} []
[2026-06-28 01:05:01] main.WARNING: Redis connection pool near capacity {"used":85,"max":100} []
[2026-06-28 01:05:01] main.INFO: Cache cleaned successfully {"cache_type":"full_page"} []
[2026-06-28 01:05:03] main.INFO: Order placed successfully {"payment_method":"checkmo"} []
[2026-06-28 01:05:03] main.WARNING: Cache backend response slow {"duration_ms":420,"cache_type":"full_page"} []
[2026-06-28 01:05:03] main.NOTICE: Cron job completed {"job":"catalog_product_index_price_reindex_all"} []
[2026-06-28 01:05:03] main.WARNING: Cron schedule missed {"job":"sales_clean_quotes","delay_sec":180} []
[2026-06-28 01:05:03] main.INFO: Customer login successful {"area":"frontend"} []
[2026-06-28 01:05:03] main.INFO: Product page rendered from cache {"cache_hit":true} []
[2026-06-28 01:05:03] main.INFO: Cache cleaned successfully {"cache_type":"full_page"} []
[2026-06-28 01:05:03] main.INFO: Cache cleaned successfully {"cache_type":"full_page"} []
[2026-06-28 01:05:03] main.WARNING: Redis connection pool near capacity {"used":85,"max":100} []
[2026-06-28 01:05:03] main.INFO: Order placed successfully {"payment_method":"checkmo"} []
[2026-06-28 01:05:03] main.INFO: Order placed successfully {"payment_method":"checkmo"} []
[2026-06-28 01:05:03] main.NOTICE: Cron job completed {"job":"catalog_product_index_price_reindex_all"} []
[2026-06-28 01:05:03] main.INFO: Cache cleaned successfully {"cache_type":"full_page"} []
[2026-06-28 01:05:03] main.WARNING: Cron schedule missed {"job":"sales_clean_quotes","delay_sec":180} []
[2026-06-28 01:05:03] main.NOTICE: Cron job completed {"job":"catalog_product_index_price_reindex_all"} []
[2026-06-28 01:05:03] main.INFO: Customer login successful {"area":"frontend"} []
[2026-06-28 01:05:03] main.INFO: Product page rendered from cache {"cache_hit":true} []
[2026-06-28 01:05:03] main.INFO: Cache cleaned successfully {"cache_type":"full_page"} []
[2026-06-28 01:05:03] main.INFO: Cache cleaned successfully {"cache_type":"full_page"} []
[2026-06-28 01:05:03] main.NOTICE: Cron job completed {"job":"catalog_product_index_price_reindex_all"} []
[2026-06-28 01:05:05] main.WARNING: Redis connection pool near capacity {"used":85,"max":100} []
[2026-06-28 01:05:05] main.INFO: Cache cleaned successfully {"cache_type":"full_page"} []
[2026-06-28 01:05:05] main.WARNING: Cron schedule missed {"job":"sales_clean_quotes","delay_sec":180} []
[2026-06-28 01:05:05] main.WARNING: Cache backend response slow {"duration_ms":420,"cache_type":"full_page"} []
[2026-06-28 01:05:05] main.WARNING: Cache backend response slow {"duration_ms":420,"cache_type":"full_page"} []
[2026-06-28 01:05:05] main.WARNING: Redis connection pool near capacity {"used":85,"max":100} []
[2026-06-28 01:05:05] main.WARNING: Cache backend response slow {"duration_ms":420,"cache_type":"full_page"} []
[2026-06-28 01:05:05] main.INFO: Order placed successfully {"payment_method":"checkmo"} []
[2026-06-28 01:05:05] main.WARNING: Cache backend response slow {"duration_ms":420,"cache_type":"full_page"} []
[2026-06-28 01:05:05] main.INFO: Product page rendered from cache {"cache_hit":true} []
[2026-06-28 01:05:05] main.NOTICE: Cron job completed {"job":"catalog_product_index_price_reindex_all"} []
[2026-06-28 01:05:05] main.WARNING: Redis connection pool near capacity {"used":85,"max":100} []
[2026-06-28 01:05:05] main.INFO: Product page rendered from cache {"cache_hit":true} []
[2026-06-28 01:05:05] main.WARNING: Redis connection pool near capacity {"used":85,"max":100} []
[2026-06-28 01:05:05] main.INFO: Order placed successfully {"payment_method":"checkmo"} []
[2026-06-28 01:05:05] main.INFO: Cache cleaned successfully {"cache_type":"full_page"} []
[2026-06-28 01:05:05] main.INFO: Cache cleaned successfully {"cache_type":"full_page"} []
[2026-06-28 01:05:05] main.INFO: Order placed successfully {"payment_method":"checkmo"} []
[2026-06-28 01:05:05] main.WARNING: Cache backend response slow {"duration_ms":420,"cache_type":"full_page"} []
[2026-06-28 01:05:05] main.INFO: Order placed successfully {"payment_method":"checkmo"} []
[2026-06-28 01:05:07] main.NOTICE: Cron job completed {"job":"catalog_product_index_price_reindex_all"} []
[2026-06-28 01:05:07] main.INFO: Order placed successfully {"payment_method":"checkmo"} []
[2026-06-28 01:05:07] main.WARNING: Redis connection pool near capacity {"used":85,"max":100} []
[2026-06-28 01:05:07] main.NOTICE: Cron job completed {"job":"catalog_product_index_price_reindex_all"} []
[2026-06-28 01:05:07] main.WARNING: Redis connection pool near capacity {"used":85,"max":100} []
[2026-06-28 01:05:07] main.WARNING: Cache backend response slow {"duration_ms":420,"cache_type":"full_page"} []
[2026-06-28 01:05:07] main.INFO: Customer login successful {"area":"frontend"} []
[2026-06-28 01:05:07] main.INFO: Cache cleaned successfully {"cache_type":"full_page"} []
[2026-06-28 01:05:07] main.NOTICE: Cron job completed {"job":"catalog_product_index_price_reindex_all"} []
[2026-06-28 01:05:07] main.INFO: Customer login successful {"area":"frontend"} []
[2026-06-28 01:05:07] main.INFO: Customer login successful {"area":"frontend"} []
[2026-06-28 01:05:08] main.WARNING: Cache backend response slow {"duration_ms":420,"cache_type":"full_page"} []
[2026-06-28 01:05:08] main.WARNING: Cron schedule missed {"job":"sales_clean_quotes","delay_sec":180} []
[2026-06-28 01:05:08] main.INFO: Cache cleaned successfully {"cache_type":"full_page"} []
[2026-06-28 01:05:08] main.WARNING: Cron schedule missed {"job":"sales_clean_quotes","delay_sec":180} []
[2026-06-28 01:05:08] main.NOTICE: Cron job completed {"job":"catalog_product_index_price_reindex_all"} []
[2026-06-28 01:05:08] main.WARNING: Cron schedule missed {"job":"sales_clean_quotes","delay_sec":180} []
[2026-06-28 01:05:08] main.WARNING: Cache backend response slow {"duration_ms":420,"cache_type":"full_page"} []
[2026-06-28 01:05:08] main.INFO: Order placed successfully {"payment_method":"checkmo"} []
[2026-06-28 01:05:08] main.WARNING: Cache backend response slow {"duration_ms":420,"cache_type":"full_page"} []
[2026-06-28 01:05:10] main.WARNING: Cron schedule missed {"job":"sales_clean_quotes","delay_sec":180} []
[2026-06-28 01:05:10] main.WARNING: Cache backend response slow {"duration_ms":420,"cache_type":"full_page"} []
[2026-06-28 01:05:10] main.INFO: Customer login successful {"area":"frontend"} []
[2026-06-28 01:05:10] main.INFO: Customer login successful {"area":"frontend"} []
[2026-06-28 01:05:10] main.INFO: Cache cleaned successfully {"cache_type":"full_page"} []
[2026-06-28 01:05:10] main.WARNING: Cache backend response slow {"duration_ms":420,"cache_type":"full_page"} []
[2026-06-28 01:05:10] main.INFO: Order placed successfully {"payment_method":"checkmo"} []
[2026-06-28 01:05:10] main.WARNING: Cache backend response slow {"duration_ms":420,"cache_type":"full_page"} []
[2026-06-28 01:05:10] main.WARNING: Cache backend response slow {"duration_ms":420,"cache_type":"full_page"} []
[2026-06-28 01:05:10] main.WARNING: Redis connection pool near capacity {"used":85,"max":100} []
[2026-06-28 01:05:10] main.NOTICE: Cron job completed {"job":"catalog_product_index_price_reindex_all"} []
[2026-06-28 01:05:10] main.WARNING: Cache backend response slow {"duration_ms":420,"cache_type":"full_page"} []
[2026-06-28 01:05:10] main.WARNING: Cron schedule missed {"job":"sales_clean_quotes","delay_sec":180} []
[2026-06-28 01:05:10] main.WARNING: Cache backend response slow {"duration_ms":420,"cache_type":"full_page"} []
[2026-06-28 01:05:10] main.WARNING: Cron schedule missed {"job":"sales_clean_quotes","delay_sec":180} []
[2026-06-28 01:05:10] main.NOTICE: Cron job completed {"job":"catalog_product_index_price_reindex_all"} []
[2026-06-28 01:05:10] main.INFO: Cache cleaned successfully {"cache_type":"full_page"} []
[2026-06-28 01:05:10] main.WARNING: Cron schedule missed {"job":"sales_clean_quotes","delay_sec":180} []
[2026-06-28 01:05:10] main.WARNING: Cache backend response slow {"duration_ms":420,"cache_type":"full_page"} []
[2026-06-28 01:05:10] main.INFO: Product page rendered from cache {"cache_hit":true} []
[2026-06-28 01:05:12] main.WARNING: Cron schedule missed {"job":"sales_clean_quotes","delay_sec":180} []
[2026-06-28 01:05:12] main.INFO: Cache cleaned successfully {"cache_type":"full_page"} []
[2026-06-28 01:05:12] main.WARNING: Redis connection pool near capacity {"used":85,"max":100} []
[2026-06-28 01:05:12] main.INFO: Cache cleaned successfully {"cache_type":"full_page"} []
[2026-06-28 01:05:12] main.WARNING: Cache backend response slow {"duration_ms":420,"cache_type":"full_page"} []
[2026-06-28 01:05:12] main.WARNING: Cache backend response slow {"duration_ms":420,"cache_type":"full_page"} []
[2026-06-28 01:05:12] main.NOTICE: Cron job completed {"job":"catalog_product_index_price_reindex_all"} []
[2026-06-28 01:05:12] main.WARNING: Cache backend response slow {"duration_ms":420,"cache_type":"full_page"} []
[2026-06-28 01:05:12] main.INFO: Customer login successful {"area":"frontend"} []
[2026-06-28 01:05:12] main.INFO: Customer login successful {"area":"frontend"} []
[2026-06-28 01:05:12] main.WARNING: Cache backend response slow {"duration_ms":420,"cache_type":"full_page"} []
[2026-06-28 01:05:12] main.WARNING: Cron schedule missed {"job":"sales_clean_quotes","delay_sec":180} []
[2026-06-28 01:05:12] main.INFO: Cache cleaned successfully {"cache_type":"full_page"} []
[2026-06-28 01:05:12] main.WARNING: Cron schedule missed {"job":"sales_clean_quotes","delay_sec":180} []
[2026-06-28 01:05:12] main.INFO: Customer login successful {"area":"frontend"} []
[2026-06-28 01:05:12] main.WARNING: Cache backend response slow {"duration_ms":420,"cache_type":"full_page"} []
[2026-06-28 01:05:12] main.WARNING: Redis connection pool near capacity {"used":85,"max":100} []
[2026-06-28 01:05:12] main.WARNING: Cache backend response slow {"duration_ms":420,"cache_type":"full_page"} []
[2026-06-28 01:05:12] main.WARNING: Redis connection pool near capacity {"used":85,"max":100} []
[2026-06-28 01:05:12] main.INFO: Product page rendered from cache {"cache_hit":true} []
[2026-06-28 01:05:14] main.WARNING: Redis connection pool near capacity {"used":85,"max":100} []
[2026-06-28 01:05:14] main.WARNING: Redis connection pool near capacity {"used":85,"max":100} []
[2026-06-28 01:05:14] main.WARNING: Cron schedule missed {"job":"sales_clean_quotes","delay_sec":180} []
[2026-06-28 01:05:14] main.INFO: Customer login successful {"area":"frontend"} []
[2026-06-28 01:05:14] main.NOTICE: Cron job completed {"job":"catalog_product_index_price_reindex_all"} []
[2026-06-28 01:05:15] main.INFO: Product page rendered from cache {"cache_hit":true} []
[2026-06-28 01:05:15] main.WARNING: Cache backend response slow {"duration_ms":420,"cache_type":"full_page"} []
[2026-06-28 01:05:15] main.WARNING: Redis connection pool near capacity {"used":85,"max":100} []
[2026-06-28 01:05:15] main.INFO: Customer login successful {"area":"frontend"} []
[2026-06-28 01:05:15] main.WARNING: Redis connection pool near capacity {"used":85,"max":100} []
[2026-06-28 01:05:15] main.INFO: Order placed successfully {"payment_method":"checkmo"} []
[2026-06-28 01:05:15] main.WARNING: Cache backend response slow {"duration_ms":420,"cache_type":"full_page"} []
[2026-06-28 01:05:15] main.INFO: Product page rendered from cache {"cache_hit":true} []
[2026-06-28 01:05:15] main.INFO: Customer login successful {"area":"frontend"} []
[2026-06-28 01:05:15] main.INFO: Order placed successfully {"payment_method":"checkmo"} []
[2026-06-28 01:05:15] main.WARNING: Redis connection pool near capacity {"used":85,"max":100} []
[2026-06-28 01:05:15] main.INFO: Customer login successful {"area":"frontend"} []
[2026-06-28 01:05:15] main.INFO: Cache cleaned successfully {"cache_type":"full_page"} []
[2026-06-28 01:05:15] main.INFO: Product page rendered from cache {"cache_hit":true} []
[2026-06-28 01:05:15] main.WARNING: Cron schedule missed {"job":"sales_clean_quotes","delay_sec":180} []
[2026-06-28 01:05:17] main.INFO: Order placed successfully {"payment_method":"checkmo"} []
[2026-06-28 01:05:17] main.NOTICE: Cron job completed {"job":"catalog_product_index_price_reindex_all"} []
[2026-06-28 01:05:17] main.INFO: Cache cleaned successfully {"cache_type":"full_page"} []
[2026-06-28 01:05:17] main.WARNING: Cache backend response slow {"duration_ms":420,"cache_type":"full_page"} []
[2026-06-28 01:05:17] main.INFO: Cache cleaned successfully {"cache_type":"full_page"} []
[2026-06-28 01:05:17] main.INFO: Order placed successfully {"payment_method":"checkmo"} []
[2026-06-28 01:05:17] main.INFO: Product page rendered from cache {"cache_hit":true} []
[2026-06-28 01:05:17] main.WARNING: Redis connection pool near capacity {"used":85,"max":100} []
[2026-06-28 01:05:17] main.WARNING: Cron schedule missed {"job":"sales_clean_quotes","delay_sec":180} []
[2026-06-28 01:05:17] main.INFO: Product page rendered from cache {"cache_hit":true} []
[2026-06-28 01:05:17] main.INFO: Cache cleaned successfully {"cache_type":"full_page"} []
[2026-06-28 01:05:17] main.INFO: Cache cleaned successfully {"cache_type":"full_page"} []
[2026-06-28 01:05:17] main.INFO: Cache cleaned successfully {"cache_type":"full_page"} []
[2026-06-28 01:05:17] main.WARNING: Cache backend response slow {"duration_ms":420,"cache_type":"full_page"} []
[2026-06-28 01:05:17] main.INFO: Product page rendered from cache {"cache_hit":true} []
[2026-06-28 01:05:17] main.WARNING: Cron schedule missed {"job":"sales_clean_quotes","delay_sec":180} []
[2026-06-28 01:05:17] main.WARNING: Redis connection pool near capacity {"used":85,"max":100} []
[2026-06-28 01:05:17] main.INFO: Product page rendered from cache {"cache_hit":true} []
[2026-06-28 01:05:17] main.WARNING: Cron schedule missed {"job":"sales_clean_quotes","delay_sec":180} []
[2026-06-28 01:05:17] main.WARNING: Redis connection pool near capacity {"used":85,"max":100} []
[2026-06-28 01:05:19] main.INFO: Product page rendered from cache {"cache_hit":true} []
[2026-06-28 01:05:19] main.INFO: Customer login successful {"area":"frontend"} []
[2026-06-28 01:05:19] main.WARNING: Cache backend response slow {"duration_ms":420,"cache_type":"full_page"} []
[2026-06-28 01:05:19] main.INFO: Order placed successfully {"payment_method":"checkmo"} []
[2026-06-28 01:05:19] main.INFO: Order placed successfully {"payment_method":"checkmo"} []
[2026-06-28 01:05:19] main.WARNING: Redis connection pool near capacity {"used":85,"max":100} []
[2026-06-28 01:05:19] main.WARNING: Redis connection pool near capacity {"used":85,"max":100} []
[2026-06-28 01:05:19] main.WARNING: Redis connection pool near capacity {"used":85,"max":100} []
[2026-06-28 01:05:19] main.INFO: Product page rendered from cache {"cache_hit":true} []
[2026-06-28 01:05:19] main.INFO: Product page rendered from cache {"cache_hit":true} []
[2026-06-28 01:05:19] main.WARNING: Cron schedule missed {"job":"sales_clean_quotes","delay_sec":180} []
[2026-06-28 01:05:19] main.WARNING: Cache backend response slow {"duration_ms":420,"cache_type":"full_page"} []
[2026-06-28 01:05:19] main.INFO: Cache cleaned successfully {"cache_type":"full_page"} []
[2026-06-28 01:05:19] main.NOTICE: Cron job completed {"job":"catalog_product_index_price_reindex_all"} []
[2026-06-28 01:05:19] main.WARNING: Cache backend response slow {"duration_ms":420,"cache_type":"full_page"} []
[2026-06-28 01:05:19] main.WARNING: Redis connection pool near capacity {"used":85,"max":100} []
[2026-06-28 01:05:19] main.WARNING: Cache backend response slow {"duration_ms":420,"cache_type":"full_page"} []
[2026-06-28 01:05:19] main.WARNING: Cron schedule missed {"job":"sales_clean_quotes","delay_sec":180} []
[2026-06-28 01:05:19] main.WARNING: Redis connection pool near capacity {"used":85,"max":100} []
[2026-06-28 01:05:19] main.WARNING: Redis connection pool near capacity {"used":85,"max":100} []
[2026-06-28 01:05:22] main.WARNING: Cache backend response slow {"duration_ms":420,"cache_type":"full_page"} []
[2026-06-28 01:05:22] main.NOTICE: Cron job completed {"job":"catalog_product_index_price_reindex_all"} []
[2026-06-28 01:05:22] main.INFO: Order placed successfully {"payment_method":"checkmo"} []
[2026-06-28 01:05:22] main.WARNING: Cron schedule missed {"job":"sales_clean_quotes","delay_sec":180} []
[2026-06-28 01:05:22] main.INFO: Product page rendered from cache {"cache_hit":true} []
[2026-06-28 01:05:22] main.INFO: Product page rendered from cache {"cache_hit":true} []
[2026-06-28 01:05:22] main.WARNING: Redis connection pool near capacity {"used":85,"max":100} []
[2026-06-28 01:05:22] main.NOTICE: Cron job completed {"job":"catalog_product_index_price_reindex_all"} []
[2026-06-28 01:05:22] main.WARNING: Redis connection pool near capacity {"used":85,"max":100} []
[2026-06-28 01:05:22] main.INFO: Cache cleaned successfully {"cache_type":"full_page"} []
[2026-06-28 01:05:22] main.INFO: Customer login successful {"area":"frontend"} []
[2026-06-28 01:05:22] main.WARNING: Cache backend response slow {"duration_ms":420,"cache_type":"full_page"} []
[2026-06-28 01:05:22] main.INFO: Customer login successful {"area":"frontend"} []
[2026-06-28 01:05:22] main.INFO: Product page rendered from cache {"cache_hit":true} []
[2026-06-28 01:05:22] main.WARNING: Cron schedule missed {"job":"sales_clean_quotes","delay_sec":180} []
[2026-06-28 01:05:22] main.WARNING: Cron schedule missed {"job":"sales_clean_quotes","delay_sec":180} []
[2026-06-28 01:05:22] main.WARNING: Redis connection pool near capacity {"used":85,"max":100} []
[2026-06-28 01:05:22] main.WARNING: Cache backend response slow {"duration_ms":420,"cache_type":"full_page"} []
[2026-06-28 01:05:22] main.WARNING: Cache backend response slow {"duration_ms":420,"cache_type":"full_page"} []
[2026-06-28 01:05:22] main.WARNING: Cache backend response slow {"duration_ms":420,"cache_type":"full_page"} []
[2026-06-28 01:05:24] main.WARNING: Cache backend response slow {"duration_ms":420,"cache_type":"full_page"} []
[2026-06-28 01:05:24] main.WARNING: Cron schedule missed {"job":"sales_clean_quotes","delay_sec":180} []
[2026-06-28 01:05:24] main.NOTICE: Cron job completed {"job":"catalog_product_index_price_reindex_all"} []
[2026-06-28 01:05:24] main.INFO: Order placed successfully {"payment_method":"checkmo"} []
[2026-06-28 01:05:24] main.INFO: Order placed successfully {"payment_method":"checkmo"} []
[2026-06-28 01:05:24] main.WARNING: Cron schedule missed {"job":"sales_clean_quotes","delay_sec":180} []
[2026-06-28 01:05:24] main.INFO: Cache cleaned successfully {"cache_type":"full_page"} []
[2026-06-28 01:05:24] main.WARNING: Cache backend response slow {"duration_ms":420,"cache_type":"full_page"} []
[2026-06-28 01:05:24] main.INFO: Product page rendered from cache {"cache_hit":true} []
[2026-06-28 01:05:24] main.INFO: Order placed successfully {"payment_method":"checkmo"} []
[2026-06-28 01:05:24] main.INFO: Cache cleaned successfully {"cache_type":"full_page"} []
[2026-06-28 01:05:24] main.INFO: Customer login successful {"area":"frontend"} []
[2026-06-28 01:05:24] main.INFO: Cache cleaned successfully {"cache_type":"full_page"} []
[2026-06-28 01:05:24] main.INFO: Product page rendered from cache {"cache_hit":true} []
[2026-06-28 01:05:24] main.NOTICE: Cron job completed {"job":"catalog_product_index_price_reindex_all"} []
[2026-06-28 01:05:24] main.INFO: Product page rendered from cache {"cache_hit":true} []
[2026-06-28 01:05:24] main.INFO: Order placed successfully {"payment_method":"checkmo"} []
[2026-06-28 01:05:24] main.WARNING: Cache backend response slow {"duration_ms":420,"cache_type":"full_page"} []
[2026-06-28 01:05:24] main.WARNING: Cron schedule missed {"job":"sales_clean_quotes","delay_sec":180} []
[2026-06-28 01:05:24] main.INFO: Customer login successful {"area":"frontend"} []
[2026-06-28 01:05:26] main.INFO: Cache cleaned successfully {"cache_type":"full_page"} []
[2026-06-28 01:05:26] main.INFO: Cache cleaned successfully {"cache_type":"full_page"} []
[2026-06-28 01:05:26] main.NOTICE: Cron job completed {"job":"catalog_product_index_price_reindex_all"} []
[2026-06-28 01:05:26] main.WARNING: Cron schedule missed {"job":"sales_clean_quotes","delay_sec":180} []
[2026-06-28 01:05:26] main.INFO: Product page rendered from cache {"cache_hit":true} []
[2026-06-28 01:05:26] main.WARNING: Cron schedule missed {"job":"sales_clean_quotes","delay_sec":180} []
[2026-06-28 01:05:26] main.INFO: Customer login successful {"area":"frontend"} []
[2026-06-28 01:05:26] main.INFO: Customer login successful {"area":"frontend"} []
[2026-06-28 01:05:26] main.INFO: Order placed successfully {"payment_method":"checkmo"} []
[2026-06-28 01:05:26] main.WARNING: Redis connection pool near capacity {"used":85,"max":100} []
[2026-06-28 01:05:26] main.NOTICE: Cron job completed {"job":"catalog_product_index_price_reindex_all"} []
[2026-06-28 01:05:26] main.INFO: Cache cleaned successfully {"cache_type":"full_page"} []
[2026-06-28 01:05:26] main.WARNING: Cache backend response slow {"duration_ms":420,"cache_type":"full_page"} []
[2026-06-28 01:05:26] main.INFO: Customer login successful {"area":"frontend"} []
[2026-06-28 01:05:26] main.WARNING: Cron schedule missed {"job":"sales_clean_quotes","delay_sec":180} []
[2026-06-28 01:05:27] main.WARNING: Redis connection pool near capacity {"used":85,"max":100} []
[2026-06-28 01:05:27] main.INFO: Customer login successful {"area":"frontend"} []
[2026-06-28 01:05:27] main.INFO: Customer login successful {"area":"frontend"} []
[2026-06-28 01:05:27] main.WARNING: Redis connection pool near capacity {"used":85,"max":100} []
[2026-06-28 01:05:27] main.WARNING: Redis connection pool near capacity {"used":85,"max":100} []
[2026-06-28 01:05:29] main.WARNING: Cron schedule missed {"job":"sales_clean_quotes","delay_sec":180} []
[2026-06-28 01:05:29] main.WARNING: Cron schedule missed {"job":"sales_clean_quotes","delay_sec":180} []
[2026-06-28 01:05:29] main.WARNING: Cron schedule missed {"job":"sales_clean_quotes","delay_sec":180} []
[2026-06-28 01:05:29] main.NOTICE: Cron job completed {"job":"catalog_product_index_price_reindex_all"} []
[2026-06-28 01:05:29] main.WARNING: Cache backend response slow {"duration_ms":420,"cache_type":"full_page"} []
[2026-06-28 01:05:29] main.INFO: Order placed successfully {"payment_method":"checkmo"} []
[2026-06-28 01:05:29] main.WARNING: Cache backend response slow {"duration_ms":420,"cache_type":"full_page"} []
[2026-06-28 01:05:29] main.INFO: Cache cleaned successfully {"cache_type":"full_page"} []
[2026-06-28 01:05:29] main.WARNING: Cache backend response slow {"duration_ms":420,"cache_type":"full_page"} []
[2026-06-28 01:05:29] main.INFO: Order placed successfully {"payment_method":"checkmo"} []
[2026-06-28 01:05:29] main.NOTICE: Cron job completed {"job":"catalog_product_index_price_reindex_all"} []
[2026-06-28 01:05:29] main.INFO: Cache cleaned successfully {"cache_type":"full_page"} []
[2026-06-28 01:05:29] main.WARNING: Cache backend response slow {"duration_ms":420,"cache_type":"full_page"} []
[2026-06-28 01:05:29] main.WARNING: Cron schedule missed {"job":"sales_clean_quotes","delay_sec":180} []
[2026-06-28 01:05:29] main.INFO: Cache cleaned successfully {"cache_type":"full_page"} []
[2026-06-28 01:05:29] main.INFO: Order placed successfully {"payment_method":"checkmo"} []
[2026-06-28 01:05:29] main.INFO: Order placed successfully {"payment_method":"checkmo"} []
[2026-06-28 01:05:29] main.WARNING: Cache backend response slow {"duration_ms":420,"cache_type":"full_page"} []
[2026-06-28 01:05:29] main.INFO: Customer login successful {"area":"frontend"} []
[2026-06-28 01:05:29] main.NOTICE: Cron job completed {"job":"catalog_product_index_price_reindex_all"} []
[2026-06-28 01:05:31] main.WARNING: Cache backend response slow {"duration_ms":420,"cache_type":"full_page"} []
[2026-06-28 01:05:31] main.INFO: Cache cleaned successfully {"cache_type":"full_page"} []
[2026-06-28 01:05:31] main.INFO: Product page rendered from cache {"cache_hit":true} []
[2026-06-28 01:05:31] main.INFO: Order placed successfully {"payment_method":"checkmo"} []
[2026-06-28 01:05:31] main.WARNING: Redis connection pool near capacity {"used":85,"max":100} []
[2026-06-28 01:05:31] main.WARNING: Cache backend response slow {"duration_ms":420,"cache_type":"full_page"} []
[2026-06-28 01:05:31] main.INFO: Order placed successfully {"payment_method":"checkmo"} []
[2026-06-28 01:05:31] main.INFO: Product page rendered from cache {"cache_hit":true} []
[2026-06-28 01:05:31] main.WARNING: Redis connection pool near capacity {"used":85,"max":100} []
[2026-06-28 01:05:31] main.INFO: Customer login successful {"area":"frontend"} []
[2026-06-28 01:05:31] main.NOTICE: Cron job completed {"job":"catalog_product_index_price_reindex_all"} []
[2026-06-28 01:05:31] main.WARNING: Cron schedule missed {"job":"sales_clean_quotes","delay_sec":180} []
[2026-06-28 01:05:31] main.WARNING: Cron schedule missed {"job":"sales_clean_quotes","delay_sec":180} []
[2026-06-28 01:05:31] main.WARNING: Cron schedule missed {"job":"sales_clean_quotes","delay_sec":180} []
[2026-06-28 01:05:31] main.INFO: Cache cleaned successfully {"cache_type":"full_page"} []
[2026-06-28 01:05:31] main.INFO: Cache cleaned successfully {"cache_type":"full_page"} []
[2026-06-28 01:05:31] main.INFO: Cache cleaned successfully {"cache_type":"full_page"} []
[2026-06-28 01:05:31] main.NOTICE: Cron job completed {"job":"catalog_product_index_price_reindex_all"} []
[2026-06-28 01:05:31] main.INFO: Order placed successfully {"payment_method":"checkmo"} []
[2026-06-28 01:05:31] main.WARNING: Redis connection pool near capacity {"used":85,"max":100} []
[2026-06-28 01:05:33] main.INFO: Product page rendered from cache {"cache_hit":true} []
[2026-06-28 01:05:33] main.NOTICE: Cron job completed {"job":"catalog_product_index_price_reindex_all"} []
[2026-06-28 01:05:33] main.NOTICE: Cron job completed {"job":"catalog_product_index_price_reindex_all"} []
[2026-06-28 01:05:33] main.INFO: Cache cleaned successfully {"cache_type":"full_page"} []
[2026-06-28 01:05:33] main.WARNING: Redis connection pool near capacity {"used":85,"max":100} []
[2026-06-28 01:05:33] main.WARNING: Redis connection pool near capacity {"used":85,"max":100} []
[2026-06-28 01:05:33] main.INFO: Order placed successfully {"payment_method":"checkmo"} []
[2026-06-28 01:05:34] main.WARNING: Redis connection pool near capacity {"used":85,"max":100} []
[2026-06-28 01:05:34] main.WARNING: Cache backend response slow {"duration_ms":420,"cache_type":"full_page"} []
[2026-06-28 01:05:34] main.WARNING: Cache backend response slow {"duration_ms":420,"cache_type":"full_page"} []
[2026-06-28 01:05:34] main.NOTICE: Cron job completed {"job":"catalog_product_index_price_reindex_all"} []
[2026-06-28 01:05:34] main.INFO: Order placed successfully {"payment_method":"checkmo"} []
[2026-06-28 01:05:34] main.WARNING: Cron schedule missed {"job":"sales_clean_quotes","delay_sec":180} []
[2026-06-28 01:05:34] main.WARNING: Cron schedule missed {"job":"sales_clean_quotes","delay_sec":180} []
[2026-06-28 01:05:34] main.NOTICE: Cron job completed {"job":"catalog_product_index_price_reindex_all"} []
[2026-06-28 01:05:34] main.INFO: Product page rendered from cache {"cache_hit":true} []
[2026-06-28 01:05:34] main.WARNING: Redis connection pool near capacity {"used":85,"max":100} []
[2026-06-28 01:05:34] main.WARNING: Redis connection pool near capacity {"used":85,"max":100} []
[2026-06-28 01:05:34] main.WARNING: Redis connection pool near capacity {"used":85,"max":100} []
[2026-06-28 01:05:34] main.WARNING: Redis connection pool near capacity {"used":85,"max":100} []
[2026-06-28 01:05:36] main.WARNING: Redis connection pool near capacity {"used":85,"max":100} []
[2026-06-28 01:05:36] main.INFO: Cache cleaned successfully {"cache_type":"full_page"} []
[2026-06-28 01:05:36] main.WARNING: Cache backend response slow {"duration_ms":420,"cache_type":"full_page"} []
[2026-06-28 01:05:36] main.INFO: Customer login successful {"area":"frontend"} []
[2026-06-28 01:05:36] main.WARNING: Cache backend response slow {"duration_ms":420,"cache_type":"full_page"} []
[2026-06-28 01:05:36] main.WARNING: Cache backend response slow {"duration_ms":420,"cache_type":"full_page"} []
[2026-06-28 01:05:36] main.NOTICE: Cron job completed {"job":"catalog_product_index_price_reindex_all"} []
[2026-06-28 01:05:36] main.INFO: Order placed successfully {"payment_method":"checkmo"} []
[2026-06-28 01:05:36] main.INFO: Order placed successfully {"payment_method":"checkmo"} []
[2026-06-28 01:05:36] main.NOTICE: Cron job completed {"job":"catalog_product_index_price_reindex_all"} []
[2026-06-28 01:05:36] main.INFO: Order placed successfully {"payment_method":"checkmo"} []
[2026-06-28 01:05:36] main.INFO: Cache cleaned successfully {"cache_type":"full_page"} []
[2026-06-28 01:05:36] main.NOTICE: Cron job completed {"job":"catalog_product_index_price_reindex_all"} []
[2026-06-28 01:05:36] main.NOTICE: Cron job completed {"job":"catalog_product_index_price_reindex_all"} []
[2026-06-28 01:05:36] main.WARNING: Cache backend response slow {"duration_ms":420,"cache_type":"full_page"} []
[2026-06-28 01:05:36] main.INFO: Cache cleaned successfully {"cache_type":"full_page"} []
[2026-06-28 01:05:36] main.INFO: Order placed successfully {"payment_method":"checkmo"} []
[2026-06-28 01:05:36] main.WARNING: Cache backend response slow {"duration_ms":420,"cache_type":"full_page"} []
[2026-06-28 01:05:36] main.WARNING: Cache backend response slow {"duration_ms":420,"cache_type":"full_page"} []
[2026-06-28 01:05:36] main.WARNING: Redis connection pool near capacity {"used":85,"max":100} []
[2026-06-28 01:05:38] main.INFO: Order placed successfully {"payment_method":"checkmo"} []
[2026-06-28 01:05:38] main.INFO: Customer login successful {"area":"frontend"} []
[2026-06-28 01:05:38] main.WARNING: Redis connection pool near capacity {"used":85,"max":100} []
[2026-06-28 01:05:38] main.WARNING: Cron schedule missed {"job":"sales_clean_quotes","delay_sec":180} []
[2026-06-28 01:05:38] main.INFO: Cache cleaned successfully {"cache_type":"full_page"} []
[2026-06-28 01:05:38] main.WARNING: Redis connection pool near capacity {"used":85,"max":100} []
[2026-06-28 01:05:38] main.INFO: Customer login successful {"area":"frontend"} []
[2026-06-28 01:05:38] main.WARNING: Cron schedule missed {"job":"sales_clean_quotes","delay_sec":180} []
[2026-06-28 01:05:38] main.INFO: Cache cleaned successfully {"cache_type":"full_page"} []
[2026-06-28 01:05:38] main.WARNING: Cron schedule missed {"job":"sales_clean_quotes","delay_sec":180} []
[2026-06-28 01:05:38] main.INFO: Customer login successful {"area":"frontend"} []
[2026-06-28 01:05:38] main.WARNING: Cache backend response slow {"duration_ms":420,"cache_type":"full_page"} []
[2026-06-28 01:05:38] main.INFO: Cache cleaned successfully {"cache_type":"full_page"} []
[2026-06-28 01:05:38] main.WARNING: Cron schedule missed {"job":"sales_clean_quotes","delay_sec":180} []
[2026-06-28 01:05:38] main.INFO: Customer login successful {"area":"frontend"} []
[2026-06-28 01:05:38] main.INFO: Customer login successful {"area":"frontend"} []
[2026-06-28 01:05:38] main.WARNING: Cron schedule missed {"job":"sales_clean_quotes","delay_sec":180} []
[2026-06-28 01:05:38] main.INFO: Product page rendered from cache {"cache_hit":true} []
[2026-06-28 01:05:38] main.WARNING: Cron schedule missed {"job":"sales_clean_quotes","delay_sec":180} []
[2026-06-28 01:05:39] main.WARNING: Cron schedule missed {"job":"sales_clean_quotes","delay_sec":180} []
[2026-06-28 01:05:41] main.WARNING: Cron schedule missed {"job":"sales_clean_quotes","delay_sec":180} []
[2026-06-28 01:05:41] main.WARNING: Cache backend response slow {"duration_ms":420,"cache_type":"full_page"} []
[2026-06-28 01:05:41] main.WARNING: Cron schedule missed {"job":"sales_clean_quotes","delay_sec":180} []
[2026-06-28 01:05:41] main.NOTICE: Cron job completed {"job":"catalog_product_index_price_reindex_all"} []
[2026-06-28 01:05:41] main.NOTICE: Cron job completed {"job":"catalog_product_index_price_reindex_all"} []
[2026-06-28 01:05:41] main.WARNING: Cache backend response slow {"duration_ms":420,"cache_type":"full_page"} []
[2026-06-28 01:05:41] main.WARNING: Cache backend response slow {"duration_ms":420,"cache_type":"full_page"} []
[2026-06-28 01:05:41] main.WARNING: Redis connection pool near capacity {"used":85,"max":100} []
[2026-06-28 01:05:41] main.INFO: Customer login successful {"area":"frontend"} []
[2026-06-28 01:05:41] main.INFO: Cache cleaned successfully {"cache_type":"full_page"} []
[2026-06-28 01:05:41] main.INFO: Product page rendered from cache {"cache_hit":true} []
[2026-06-28 01:05:41] main.WARNING: Cache backend response slow {"duration_ms":420,"cache_type":"full_page"} []
[2026-06-28 01:05:41] main.WARNING: Cron schedule missed {"job":"sales_clean_quotes","delay_sec":180} []
[2026-06-28 01:05:41] main.INFO: Product page rendered from cache {"cache_hit":true} []
[2026-06-28 01:05:41] main.INFO: Order placed successfully {"payment_method":"checkmo"} []
[2026-06-28 01:05:41] main.INFO: Cache cleaned successfully {"cache_type":"full_page"} []
[2026-06-28 01:05:41] main.WARNING: Cache backend response slow {"duration_ms":420,"cache_type":"full_page"} []
[2026-06-28 01:05:41] main.WARNING: Redis connection pool near capacity {"used":85,"max":100} []
[2026-06-28 01:05:41] main.INFO: Order placed successfully {"payment_method":"checkmo"} []
[2026-06-28 01:05:41] main.INFO: Customer login successful {"area":"frontend"} []
[2026-06-28 01:05:43] main.WARNING: Cron schedule missed {"job":"sales_clean_quotes","delay_sec":180} []
[2026-06-28 01:05:43] main.WARNING: Cron schedule missed {"job":"sales_clean_quotes","delay_sec":180} []
[2026-06-28 01:05:43] main.WARNING: Cron schedule missed {"job":"sales_clean_quotes","delay_sec":180} []
[2026-06-28 01:05:43] main.INFO: Order placed successfully {"payment_method":"checkmo"} []
[2026-06-28 01:05:43] main.NOTICE: Cron job completed {"job":"catalog_product_index_price_reindex_all"} []
[2026-06-28 01:05:43] main.WARNING: Redis connection pool near capacity {"used":85,"max":100} []
[2026-06-28 01:05:43] main.WARNING: Cache backend response slow {"duration_ms":420,"cache_type":"full_page"} []
[2026-06-28 01:05:43] main.INFO: Order placed successfully {"payment_method":"checkmo"} []
[2026-06-28 01:05:43] main.WARNING: Cache backend response slow {"duration_ms":420,"cache_type":"full_page"} []
[2026-06-28 01:05:43] main.NOTICE: Cron job completed {"job":"catalog_product_index_price_reindex_all"} []
[2026-06-28 01:05:43] main.INFO: Product page rendered from cache {"cache_hit":true} []
[2026-06-28 01:05:43] main.WARNING: Cron schedule missed {"job":"sales_clean_quotes","delay_sec":180} []
[2026-06-28 01:05:43] main.WARNING: Cron schedule missed {"job":"sales_clean_quotes","delay_sec":180} []
[2026-06-28 01:05:43] main.WARNING: Redis connection pool near capacity {"used":85,"max":100} []
[2026-06-28 01:05:43] main.NOTICE: Cron job completed {"job":"catalog_product_index_price_reindex_all"} []
[2026-06-28 01:05:43] main.WARNING: Cron schedule missed {"job":"sales_clean_quotes","delay_sec":180} []
[2026-06-28 01:05:43] main.WARNING: Redis connection pool near capacity {"used":85,"max":100} []
[2026-06-28 01:05:43] main.WARNING: Cache backend response slow {"duration_ms":420,"cache_type":"full_page"} []
[2026-06-28 01:05:43] main.WARNING: Cron schedule missed {"job":"sales_clean_quotes","delay_sec":180} []
[2026-06-28 01:05:43] main.WARNING: Cache backend response slow {"duration_ms":420,"cache_type":"full_page"} []
[2026-06-28 01:05:45] main.WARNING: Cron schedule missed {"job":"sales_clean_quotes","delay_sec":180} []
[2026-06-28 01:05:45] main.WARNING: Redis connection pool near capacity {"used":85,"max":100} []
[2026-06-28 01:05:45] main.WARNING: Redis connection pool near capacity {"used":85,"max":100} []
[2026-06-28 01:05:45] main.WARNING: Redis connection pool near capacity {"used":85,"max":100} []
[2026-06-28 01:05:45] main.INFO: Product page rendered from cache {"cache_hit":true} []
[2026-06-28 01:05:45] main.WARNING: Cache backend response slow {"duration_ms":420,"cache_type":"full_page"} []
[2026-06-28 01:05:45] main.INFO: Product page rendered from cache {"cache_hit":true} []
[2026-06-28 01:05:45] main.WARNING: Redis connection pool near capacity {"used":85,"max":100} []
[2026-06-28 01:05:45] main.WARNING: Redis connection pool near capacity {"used":85,"max":100} []
[2026-06-28 01:05:45] main.INFO: Cache cleaned successfully {"cache_type":"full_page"} []
[2026-06-28 01:05:45] main.INFO: Cache cleaned successfully {"cache_type":"full_page"} []
[2026-06-28 01:05:45] main.INFO: Product page rendered from cache {"cache_hit":true} []
[2026-06-28 01:05:45] main.INFO: Product page rendered from cache {"cache_hit":true} []
[2026-06-28 01:05:45] main.INFO: Product page rendered from cache {"cache_hit":true} []
[2026-06-28 01:05:45] main.INFO: Cache cleaned successfully {"cache_type":"full_page"} []
[2026-06-28 01:05:46] main.WARNING: Cron schedule missed {"job":"sales_clean_quotes","delay_sec":180} []
[2026-06-28 01:05:46] main.INFO: Product page rendered from cache {"cache_hit":true} []
[2026-06-28 01:05:46] main.WARNING: Cache backend response slow {"duration_ms":420,"cache_type":"full_page"} []
[2026-06-28 01:05:46] main.WARNING: Redis connection pool near capacity {"used":85,"max":100} []
[2026-06-28 01:05:46] main.INFO: Product page rendered from cache {"cache_hit":true} []
[2026-06-28 01:05:48] main.WARNING: Redis connection pool near capacity {"used":85,"max":100} []
[2026-06-28 01:05:48] main.INFO: Order placed successfully {"payment_method":"checkmo"} []
[2026-06-28 01:05:48] main.WARNING: Redis connection pool near capacity {"used":85,"max":100} []
[2026-06-28 01:05:48] main.WARNING: Cron schedule missed {"job":"sales_clean_quotes","delay_sec":180} []
[2026-06-28 01:05:48] main.INFO: Customer login successful {"area":"frontend"} []
[2026-06-28 01:05:48] main.NOTICE: Cron job completed {"job":"catalog_product_index_price_reindex_all"} []
[2026-06-28 01:05:48] main.WARNING: Redis connection pool near capacity {"used":85,"max":100} []
[2026-06-28 01:05:48] main.INFO: Cache cleaned successfully {"cache_type":"full_page"} []
[2026-06-28 01:05:48] main.WARNING: Redis connection pool near capacity {"used":85,"max":100} []
[2026-06-28 01:05:48] main.INFO: Cache cleaned successfully {"cache_type":"full_page"} []
[2026-06-28 01:05:48] main.NOTICE: Cron job completed {"job":"catalog_product_index_price_reindex_all"} []
[2026-06-28 01:05:48] main.INFO: Cache cleaned successfully {"cache_type":"full_page"} []
[2026-06-28 01:05:48] main.NOTICE: Cron job completed {"job":"catalog_product_index_price_reindex_all"} []
[2026-06-28 01:05:48] main.INFO: Order placed successfully {"payment_method":"checkmo"} []
[2026-06-28 01:05:48] main.INFO: Customer login successful {"area":"frontend"} []
[2026-06-28 01:05:48] main.WARNING: Cron schedule missed {"job":"sales_clean_quotes","delay_sec":180} []
[2026-06-28 01:05:48] main.INFO: Order placed successfully {"payment_method":"checkmo"} []
[2026-06-28 01:05:48] main.WARNING: Cron schedule missed {"job":"sales_clean_quotes","delay_sec":180} []
[2026-06-28 01:05:48] main.WARNING: Cache backend response slow {"duration_ms":420,"cache_type":"full_page"} []
[2026-06-28 01:05:48] main.INFO: Order placed successfully {"payment_method":"checkmo"} []
[2026-06-28 01:05:50] main.INFO: Product page rendered from cache {"cache_hit":true} []
[2026-06-28 01:05:50] main.WARNING: Cron schedule missed {"job":"sales_clean_quotes","delay_sec":180} []
[2026-06-28 01:05:50] main.WARNING: Redis connection pool near capacity {"used":85,"max":100} []
[2026-06-28 01:05:50] main.WARNING: Redis connection pool near capacity {"used":85,"max":100} []
[2026-06-28 01:05:50] main.INFO: Product page rendered from cache {"cache_hit":true} []
[2026-06-28 01:05:50] main.INFO: Customer login successful {"area":"frontend"} []
[2026-06-28 01:05:50] main.INFO: Order placed successfully {"payment_method":"checkmo"} []
[2026-06-28 01:05:50] main.WARNING: Redis connection pool near capacity {"used":85,"max":100} []
[2026-06-28 01:05:50] main.NOTICE: Cron job completed {"job":"catalog_product_index_price_reindex_all"} []
[2026-06-28 01:05:50] main.WARNING: Cache backend response slow {"duration_ms":420,"cache_type":"full_page"} []
[2026-06-28 01:05:50] main.WARNING: Cron schedule missed {"job":"sales_clean_quotes","delay_sec":180} []
[2026-06-28 01:05:50] main.WARNING: Cron schedule missed {"job":"sales_clean_quotes","delay_sec":180} []
[2026-06-28 01:05:50] main.WARNING: Redis connection pool near capacity {"used":85,"max":100} []
[2026-06-28 01:05:50] main.INFO: Cache cleaned successfully {"cache_type":"full_page"} []
[2026-06-28 01:05:50] main.INFO: Order placed successfully {"payment_method":"checkmo"} []
[2026-06-28 01:05:50] main.WARNING: Cron schedule missed {"job":"sales_clean_quotes","delay_sec":180} []
[2026-06-28 01:05:50] main.WARNING: Redis connection pool near capacity {"used":85,"max":100} []
[2026-06-28 01:05:50] main.INFO: Cache cleaned successfully {"cache_type":"full_page"} []
[2026-06-28 01:05:50] main.INFO: Order placed successfully {"payment_method":"checkmo"} []
[2026-06-28 01:05:50] main.WARNING: Redis connection pool near capacity {"used":85,"max":100} []
[2026-06-28 01:05:52] main.WARNING: Cron schedule missed {"job":"sales_clean_quotes","delay_sec":180} []
[2026-06-28 01:05:52] main.WARNING: Cron schedule missed {"job":"sales_clean_quotes","delay_sec":180} []
[2026-06-28 01:05:52] main.WARNING: Redis connection pool near capacity {"used":85,"max":100} []
[2026-06-28 01:05:52] main.NOTICE: Cron job completed {"job":"catalog_product_index_price_reindex_all"} []
[2026-06-28 01:05:52] main.INFO: Order placed successfully {"payment_method":"checkmo"} []
[2026-06-28 01:05:52] main.INFO: Order placed successfully {"payment_method":"checkmo"} []
[2026-06-28 01:05:52] main.WARNING: Cache backend response slow {"duration_ms":420,"cache_type":"full_page"} []
[2026-06-28 01:05:52] main.NOTICE: Cron job completed {"job":"catalog_product_index_price_reindex_all"} []
[2026-06-28 01:05:52] main.WARNING: Redis connection pool near capacity {"used":85,"max":100} []
[2026-06-28 01:05:53] main.NOTICE: Cron job completed {"job":"catalog_product_index_price_reindex_all"} []
[2026-06-28 01:05:53] main.INFO: Product page rendered from cache {"cache_hit":true} []
[2026-06-28 01:05:53] main.INFO: Cache cleaned successfully {"cache_type":"full_page"} []
[2026-06-28 01:05:53] main.INFO: Product page rendered from cache {"cache_hit":true} []
[2026-06-28 01:05:53] main.WARNING: Cache backend response slow {"duration_ms":420,"cache_type":"full_page"} []
[2026-06-28 01:05:53] main.WARNING: Redis connection pool near capacity {"used":85,"max":100} []
[2026-06-28 01:05:53] main.INFO: Order placed successfully {"payment_method":"checkmo"} []
[2026-06-28 01:05:53] main.INFO: Product page rendered from cache {"cache_hit":true} []
[2026-06-28 01:05:53] main.INFO: Product page rendered from cache {"cache_hit":true} []
[2026-06-28 01:05:53] main.WARNING: Redis connection pool near capacity {"used":85,"max":100} []
[2026-06-28 01:05:53] main.WARNING: Cron schedule missed {"job":"sales_clean_quotes","delay_sec":180} []
[2026-06-28 01:05:55] main.WARNING: Cache backend response slow {"duration_ms":420,"cache_type":"full_page"} []
[2026-06-28 01:05:55] main.WARNING: Cache backend response slow {"duration_ms":420,"cache_type":"full_page"} []
[2026-06-28 01:05:55] main.INFO: Customer login successful {"area":"frontend"} []
[2026-06-28 01:05:55] main.INFO: Order placed successfully {"payment_method":"checkmo"} []
[2026-06-28 01:05:55] main.WARNING: Cache backend response slow {"duration_ms":420,"cache_type":"full_page"} []
[2026-06-28 01:05:55] main.INFO: Product page rendered from cache {"cache_hit":true} []
[2026-06-28 01:05:55] main.WARNING: Redis connection pool near capacity {"used":85,"max":100} []
[2026-06-28 01:05:55] main.WARNING: Cron schedule missed {"job":"sales_clean_quotes","delay_sec":180} []
[2026-06-28 01:05:55] main.INFO: Cache cleaned successfully {"cache_type":"full_page"} []
[2026-06-28 01:05:55] main.INFO: Order placed successfully {"payment_method":"checkmo"} []
[2026-06-28 01:05:55] main.INFO: Order placed successfully {"payment_method":"checkmo"} []
[2026-06-28 01:05:55] main.WARNING: Redis connection pool near capacity {"used":85,"max":100} []
[2026-06-28 01:05:55] main.INFO: Customer login successful {"area":"frontend"} []
[2026-06-28 01:05:55] main.WARNING: Cache backend response slow {"duration_ms":420,"cache_type":"full_page"} []
[2026-06-28 01:05:55] main.INFO: Order placed successfully {"payment_method":"checkmo"} []
[2026-06-28 01:05:55] main.WARNING: Redis connection pool near capacity {"used":85,"max":100} []
[2026-06-28 01:05:55] main.WARNING: Cache backend response slow {"duration_ms":420,"cache_type":"full_page"} []
[2026-06-28 01:05:55] main.WARNING: Cache backend response slow {"duration_ms":420,"cache_type":"full_page"} []
[2026-06-28 01:05:55] main.WARNING: Cron schedule missed {"job":"sales_clean_quotes","delay_sec":180} []
[2026-06-28 01:05:55] main.INFO: Order placed successfully {"payment_method":"checkmo"} []
[2026-06-28 01:05:57] main.INFO: Order placed successfully {"payment_method":"checkmo"} []
[2026-06-28 01:05:57] main.WARNING: Cache backend response slow {"duration_ms":420,"cache_type":"full_page"} []
[2026-06-28 01:05:57] main.WARNING: Cron schedule missed {"job":"sales_clean_quotes","delay_sec":180} []
[2026-06-28 01:05:57] main.WARNING: Redis connection pool near capacity {"used":85,"max":100} []
[2026-06-28 01:05:57] main.WARNING: Cron schedule missed {"job":"sales_clean_quotes","delay_sec":180} []
[2026-06-28 01:05:57] main.INFO: Customer login successful {"area":"frontend"} []
[2026-06-28 01:05:57] main.WARNING: Redis connection pool near capacity {"used":85,"max":100} []
[2026-06-28 01:05:57] main.NOTICE: Cron job completed {"job":"catalog_product_index_price_reindex_all"} []
[2026-06-28 01:05:57] main.WARNING: Cache backend response slow {"duration_ms":420,"cache_type":"full_page"} []
[2026-06-28 01:05:57] main.NOTICE: Cron job completed {"job":"catalog_product_index_price_reindex_all"} []
[2026-06-28 01:05:57] main.INFO: Cache cleaned successfully {"cache_type":"full_page"} []
[2026-06-28 01:05:57] main.INFO: Product page rendered from cache {"cache_hit":true} []
[2026-06-28 01:05:57] main.WARNING: Cache backend response slow {"duration_ms":420,"cache_type":"full_page"} []
[2026-06-28 01:05:57] main.WARNING: Redis connection pool near capacity {"used":85,"max":100} []
[2026-06-28 01:05:57] main.WARNING: Redis connection pool near capacity {"used":85,"max":100} []
[2026-06-28 01:05:57] main.NOTICE: Cron job completed {"job":"catalog_product_index_price_reindex_all"} []
[2026-06-28 01:05:57] main.NOTICE: Cron job completed {"job":"catalog_product_index_price_reindex_all"} []
[2026-06-28 01:05:57] main.INFO: Order placed successfully {"payment_method":"checkmo"} []
[2026-06-28 01:05:57] main.INFO: Cache cleaned successfully {"cache_type":"full_page"} []
[2026-06-28 01:05:57] main.WARNING: Redis connection pool near capacity {"used":85,"max":100} []
[2026-06-28 01:05:59] main.WARNING: Cron schedule missed {"job":"sales_clean_quotes","delay_sec":180} []
[2026-06-28 01:05:59] main.INFO: Order placed successfully {"payment_method":"checkmo"} []
[2026-06-28 01:05:59] main.WARNING: Cron schedule missed {"job":"sales_clean_quotes","delay_sec":180} []
[2026-06-28 01:06:00] main.NOTICE: Cron job completed {"job":"catalog_product_index_price_reindex_all"} []
[2026-06-28 01:06:00] main.WARNING: Redis connection pool near capacity {"used":85,"max":100} []
[2026-06-28 01:06:00] main.INFO: Cache cleaned successfully {"cache_type":"full_page"} []
[2026-06-28 01:06:00] main.NOTICE: Cron job completed {"job":"catalog_product_index_price_reindex_all"} []
[2026-06-28 01:06:00] main.INFO: Product page rendered from cache {"cache_hit":true} []
[2026-06-28 01:06:00] main.INFO: Customer login successful {"area":"frontend"} []
[2026-06-28 01:06:00] main.WARNING: Cron schedule missed {"job":"sales_clean_quotes","delay_sec":180} []
[2026-06-28 01:06:00] main.NOTICE: Cron job completed {"job":"catalog_product_index_price_reindex_all"} []
[2026-06-28 01:06:00] main.INFO: Order placed successfully {"payment_method":"checkmo"} []
[2026-06-28 01:06:00] main.INFO: Product page rendered from cache {"cache_hit":true} []
[2026-06-28 01:06:00] main.WARNING: Redis connection pool near capacity {"used":85,"max":100} []
[2026-06-28 01:06:00] main.NOTICE: Cron job completed {"job":"catalog_product_index_price_reindex_all"} []
[2026-06-28 01:06:00] main.INFO: Product page rendered from cache {"cache_hit":true} []
[2026-06-28 01:06:00] main.WARNING: Redis connection pool near capacity {"used":85,"max":100} []
[2026-06-28 01:06:00] main.INFO: Product page rendered from cache {"cache_hit":true} []
[2026-06-28 01:06:00] main.INFO: Order placed successfully {"payment_method":"checkmo"} []
[2026-06-28 01:06:00] main.INFO: Order placed successfully {"payment_method":"checkmo"} []
[2026-06-28 01:06:02] main.INFO: Product page rendered from cache {"cache_hit":true} []
[2026-06-28 01:06:02] main.NOTICE: Cron job completed {"job":"catalog_product_index_price_reindex_all"} []
[2026-06-28 01:06:02] main.INFO: Customer login successful {"area":"frontend"} []
[2026-06-28 01:06:02] main.WARNING: Redis connection pool near capacity {"used":85,"max":100} []
[2026-06-28 01:06:02] main.INFO: Product page rendered from cache {"cache_hit":true} []
[2026-06-28 01:06:02] main.NOTICE: Cron job completed {"job":"catalog_product_index_price_reindex_all"} []
[2026-06-28 01:06:02] main.WARNING: Cron schedule missed {"job":"sales_clean_quotes","delay_sec":180} []
[2026-06-28 01:06:02] main.WARNING: Cache backend response slow {"duration_ms":420,"cache_type":"full_page"} []
[2026-06-28 01:06:02] main.WARNING: Cache backend response slow {"duration_ms":420,"cache_type":"full_page"} []
[2026-06-28 01:06:02] main.INFO: Cache cleaned successfully {"cache_type":"full_page"} []
[2026-06-28 01:06:02] main.WARNING: Cache backend response slow {"duration_ms":420,"cache_type":"full_page"} []
[2026-06-28 01:06:02] main.WARNING: Redis connection pool near capacity {"used":85,"max":100} []
[2026-06-28 01:06:02] main.NOTICE: Cron job completed {"job":"catalog_product_index_price_reindex_all"} []
[2026-06-28 01:06:02] main.INFO: Order placed successfully {"payment_method":"checkmo"} []
[2026-06-28 01:06:02] main.INFO: Customer login successful {"area":"frontend"} []
[2026-06-28 01:06:02] main.WARNING: Cron schedule missed {"job":"sales_clean_quotes","delay_sec":180} []
[2026-06-28 01:06:02] main.INFO: Customer login successful {"area":"frontend"} []
[2026-06-28 01:06:02] main.WARNING: Cache backend response slow {"duration_ms":420,"cache_type":"full_page"} []
[2026-06-28 01:06:02] main.WARNING: Cron schedule missed {"job":"sales_clean_quotes","delay_sec":180} []
[2026-06-28 01:06:02] main.WARNING: Cache backend response slow {"duration_ms":420,"cache_type":"full_page"} []
[2026-06-28 01:06:04] main.WARNING: Cron schedule missed {"job":"sales_clean_quotes","delay_sec":180} []
[2026-06-28 01:06:04] main.WARNING: Redis connection pool near capacity {"used":85,"max":100} []
[2026-06-28 01:06:04] main.WARNING: Cron schedule missed {"job":"sales_clean_quotes","delay_sec":180} []
[2026-06-28 01:06:04] main.WARNING: Redis connection pool near capacity {"used":85,"max":100} []
[2026-06-28 01:06:04] main.WARNING: Redis connection pool near capacity {"used":85,"max":100} []
[2026-06-28 01:06:05] main.INFO: Order placed successfully {"payment_method":"checkmo"} []
[2026-06-28 01:06:05] main.INFO: Order placed successfully {"payment_method":"checkmo"} []
[2026-06-28 01:06:05] main.WARNING: Cron schedule missed {"job":"sales_clean_quotes","delay_sec":180} []
[2026-06-28 01:06:05] main.INFO: Cache cleaned successfully {"cache_type":"full_page"} []
[2026-06-28 01:06:05] main.WARNING: Cron schedule missed {"job":"sales_clean_quotes","delay_sec":180} []
[2026-06-28 01:06:05] main.WARNING: Cache backend response slow {"duration_ms":420,"cache_type":"full_page"} []
[2026-06-28 01:06:05] main.WARNING: Cron schedule missed {"job":"sales_clean_quotes","delay_sec":180} []
[2026-06-28 01:06:05] main.INFO: Cache cleaned successfully {"cache_type":"full_page"} []
[2026-06-28 01:06:05] main.WARNING: Redis connection pool near capacity {"used":85,"max":100} []
[2026-06-28 01:06:05] main.WARNING: Redis connection pool near capacity {"used":85,"max":100} []
[2026-06-28 01:06:05] main.INFO: Order placed successfully {"payment_method":"checkmo"} []
[2026-06-28 01:06:05] main.WARNING: Cache backend response slow {"duration_ms":420,"cache_type":"full_page"} []
[2026-06-28 01:06:05] main.WARNING: Cron schedule missed {"job":"sales_clean_quotes","delay_sec":180} []
[2026-06-28 01:06:05] main.WARNING: Cron schedule missed {"job":"sales_clean_quotes","delay_sec":180} []
[2026-06-28 01:06:05] main.WARNING: Redis connection pool near capacity {"used":85,"max":100} []
[2026-06-28 01:06:07] main.WARNING: Redis connection pool near capacity {"used":85,"max":100} []
[2026-06-28 01:06:07] main.INFO: Customer login successful {"area":"frontend"} []
[2026-06-28 01:06:07] main.INFO: Customer login successful {"area":"frontend"} []
[2026-06-28 01:06:07] main.WARNING: Cron schedule missed {"job":"sales_clean_quotes","delay_sec":180} []
[2026-06-28 01:06:07] main.NOTICE: Cron job completed {"job":"catalog_product_index_price_reindex_all"} []
[2026-06-28 01:06:07] main.INFO: Cache cleaned successfully {"cache_type":"full_page"} []
[2026-06-28 01:06:07] main.INFO: Product page rendered from cache {"cache_hit":true} []
[2026-06-28 01:06:07] main.WARNING: Redis connection pool near capacity {"used":85,"max":100} []
[2026-06-28 01:06:07] main.WARNING: Cron schedule missed {"job":"sales_clean_quotes","delay_sec":180} []
[2026-06-28 01:06:07] main.NOTICE: Cron job completed {"job":"catalog_product_index_price_reindex_all"} []
[2026-06-28 01:06:07] main.WARNING: Cron schedule missed {"job":"sales_clean_quotes","delay_sec":180} []
[2026-06-28 01:06:07] main.WARNING: Cache backend response slow {"duration_ms":420,"cache_type":"full_page"} []
[2026-06-28 01:06:07] main.INFO: Customer login successful {"area":"frontend"} []
[2026-06-28 01:06:07] main.WARNING: Cache backend response slow {"duration_ms":420,"cache_type":"full_page"} []
[2026-06-28 01:06:07] main.WARNING: Cron schedule missed {"job":"sales_clean_quotes","delay_sec":180} []
[2026-06-28 01:06:07] main.INFO: Product page rendered from cache {"cache_hit":true} []
[2026-06-28 01:06:07] main.INFO: Cache cleaned successfully {"cache_type":"full_page"} []
[2026-06-28 01:06:07] main.WARNING: Cache backend response slow {"duration_ms":420,"cache_type":"full_page"} []
[2026-06-28 01:06:07] main.WARNING: Cache backend response slow {"duration_ms":420,"cache_type":"full_page"} []
[2026-06-28 01:06:07] main.WARNING: Cron schedule missed {"job":"sales_clean_quotes","delay_sec":180} []
[2026-06-28 01:06:09] main.INFO: Cache cleaned successfully {"cache_type":"full_page"} []
[2026-06-28 01:06:09] main.WARNING: Cron schedule missed {"job":"sales_clean_quotes","delay_sec":180} []
[2026-06-28 01:06:09] main.INFO: Product page rendered from cache {"cache_hit":true} []
[2026-06-28 01:06:09] main.INFO: Product page rendered from cache {"cache_hit":true} []
[2026-06-28 01:06:09] main.INFO: Order placed successfully {"payment_method":"checkmo"} []
[2026-06-28 01:06:09] main.INFO: Order placed successfully {"payment_method":"checkmo"} []
[2026-06-28 01:06:09] main.WARNING: Cron schedule missed {"job":"sales_clean_quotes","delay_sec":180} []
[2026-06-28 01:06:09] main.INFO: Cache cleaned successfully {"cache_type":"full_page"} []
[2026-06-28 01:06:09] main.WARNING: Cron schedule missed {"job":"sales_clean_quotes","delay_sec":180} []
[2026-06-28 01:06:09] main.INFO: Order placed successfully {"payment_method":"checkmo"} []
[2026-06-28 01:06:09] main.NOTICE: Cron job completed {"job":"catalog_product_index_price_reindex_all"} []
[2026-06-28 01:06:09] main.WARNING: Cache backend response slow {"duration_ms":420,"cache_type":"full_page"} []
[2026-06-28 01:06:09] main.WARNING: Cron schedule missed {"job":"sales_clean_quotes","delay_sec":180} []
[2026-06-28 01:06:09] main.INFO: Customer login successful {"area":"frontend"} []
[2026-06-28 01:06:09] main.INFO: Cache cleaned successfully {"cache_type":"full_page"} []
[2026-06-28 01:06:09] main.INFO: Product page rendered from cache {"cache_hit":true} []
[2026-06-28 01:06:10] main.WARNING: Cache backend response slow {"duration_ms":420,"cache_type":"full_page"} []
[2026-06-28 01:06:10] main.WARNING: Cache backend response slow {"duration_ms":420,"cache_type":"full_page"} []
[2026-06-28 01:06:10] main.WARNING: Cron schedule missed {"job":"sales_clean_quotes","delay_sec":180} []
[2026-06-28 01:06:10] main.WARNING: Redis connection pool near capacity {"used":85,"max":100} []
[2026-06-28 01:06:12] main.INFO: Cache cleaned successfully {"cache_type":"full_page"} []
[2026-06-28 01:06:12] main.WARNING: Redis connection pool near capacity {"used":85,"max":100} []
[2026-06-28 01:06:12] main.INFO: Order placed successfully {"payment_method":"checkmo"} []
[2026-06-28 01:06:12] main.INFO: Product page rendered from cache {"cache_hit":true} []
[2026-06-28 01:06:12] main.WARNING: Redis connection pool near capacity {"used":85,"max":100} []
[2026-06-28 01:06:12] main.WARNING: Cache backend response slow {"duration_ms":420,"cache_type":"full_page"} []
[2026-06-28 01:06:12] main.WARNING: Cron schedule missed {"job":"sales_clean_quotes","delay_sec":180} []
[2026-06-28 01:06:12] main.WARNING: Redis connection pool near capacity {"used":85,"max":100} []
[2026-06-28 01:06:12] main.WARNING: Cache backend response slow {"duration_ms":420,"cache_type":"full_page"} []
[2026-06-28 01:06:12] main.INFO: Product page rendered from cache {"cache_hit":true} []
[2026-06-28 01:06:12] main.INFO: Product page rendered from cache {"cache_hit":true} []
[2026-06-28 01:06:12] main.WARNING: Cron schedule missed {"job":"sales_clean_quotes","delay_sec":180} []
[2026-06-28 01:06:12] main.WARNING: Cache backend response slow {"duration_ms":420,"cache_type":"full_page"} []
[2026-06-28 01:06:12] main.INFO: Product page rendered from cache {"cache_hit":true} []
[2026-06-28 01:06:12] main.WARNING: Cron schedule missed {"job":"sales_clean_quotes","delay_sec":180} []
[2026-06-28 01:06:12] main.WARNING: Cron schedule missed {"job":"sales_clean_quotes","delay_sec":180} []
[2026-06-28 01:06:12] main.WARNING: Cache backend response slow {"duration_ms":420,"cache_type":"full_page"} []
[2026-06-28 01:06:12] main.INFO: Customer login successful {"area":"frontend"} []
[2026-06-28 01:06:12] main.INFO: Customer login successful {"area":"frontend"} []
[2026-06-28 01:06:12] main.INFO: Cache cleaned successfully {"cache_type":"full_page"} []
[2026-06-28 01:06:14] main.INFO: Cache cleaned successfully {"cache_type":"full_page"} []
[2026-06-28 01:06:14] main.WARNING: Cache backend response slow {"duration_ms":420,"cache_type":"full_page"} []
[2026-06-28 01:06:14] main.INFO: Cache cleaned successfully {"cache_type":"full_page"} []
[2026-06-28 01:06:14] main.NOTICE: Cron job completed {"job":"catalog_product_index_price_reindex_all"} []
[2026-06-28 01:06:14] main.INFO: Cache cleaned successfully {"cache_type":"full_page"} []
[2026-06-28 01:06:14] main.WARNING: Cron schedule missed {"job":"sales_clean_quotes","delay_sec":180} []
[2026-06-28 01:06:14] main.WARNING: Cache backend response slow {"duration_ms":420,"cache_type":"full_page"} []
[2026-06-28 01:06:14] main.INFO: Product page rendered from cache {"cache_hit":true} []
[2026-06-28 01:06:14] main.WARNING: Cron schedule missed {"job":"sales_clean_quotes","delay_sec":180} []
[2026-06-28 01:06:14] main.NOTICE: Cron job completed {"job":"catalog_product_index_price_reindex_all"} []
[2026-06-28 01:06:14] main.WARNING: Cron schedule missed {"job":"sales_clean_quotes","delay_sec":180} []
[2026-06-28 01:06:14] main.INFO: Cache cleaned successfully {"cache_type":"full_page"} []
[2026-06-28 01:06:14] main.INFO: Order placed successfully {"payment_method":"checkmo"} []
[2026-06-28 01:06:14] main.INFO: Cache cleaned successfully {"cache_type":"full_page"} []
[2026-06-28 01:06:14] main.INFO: Order placed successfully {"payment_method":"checkmo"} []
[2026-06-28 01:06:14] main.WARNING: Cron schedule missed {"job":"sales_clean_quotes","delay_sec":180} []
[2026-06-28 01:06:14] main.INFO: Product page rendered from cache {"cache_hit":true} []
[2026-06-28 01:06:14] main.WARNING: Redis connection pool near capacity {"used":85,"max":100} []
[2026-06-28 01:06:14] main.WARNING: Cache backend response slow {"duration_ms":420,"cache_type":"full_page"} []
[2026-06-28 01:06:14] main.WARNING: Cache backend response slow {"duration_ms":420,"cache_type":"full_page"} []
[2026-06-28 01:06:16] main.INFO: Product page rendered from cache {"cache_hit":true} []
[2026-06-28 01:06:16] main.INFO: Customer login successful {"area":"frontend"} []
[2026-06-28 01:06:16] main.WARNING: Cron schedule missed {"job":"sales_clean_quotes","delay_sec":180} []
[2026-06-28 01:06:16] main.WARNING: Cache backend response slow {"duration_ms":420,"cache_type":"full_page"} []
[2026-06-28 01:06:16] main.NOTICE: Cron job completed {"job":"catalog_product_index_price_reindex_all"} []
[2026-06-28 01:06:16] main.INFO: Cache cleaned successfully {"cache_type":"full_page"} []
[2026-06-28 01:06:16] main.WARNING: Cron schedule missed {"job":"sales_clean_quotes","delay_sec":180} []
[2026-06-28 01:06:16] main.INFO: Order placed successfully {"payment_method":"checkmo"} []
[2026-06-28 01:06:17] main.WARNING: Cron schedule missed {"job":"sales_clean_quotes","delay_sec":180} []
[2026-06-28 01:06:17] main.NOTICE: Cron job completed {"job":"catalog_product_index_price_reindex_all"} []
[2026-06-28 01:06:17] main.INFO: Cache cleaned successfully {"cache_type":"full_page"} []
[2026-06-28 01:06:17] main.INFO: Order placed successfully {"payment_method":"checkmo"} []
[2026-06-28 01:06:17] main.INFO: Order placed successfully {"payment_method":"checkmo"} []
[2026-06-28 01:06:17] main.INFO: Customer login successful {"area":"frontend"} []
[2026-06-28 01:06:17] main.WARNING: Redis connection pool near capacity {"used":85,"max":100} []
[2026-06-28 01:06:17] main.WARNING: Cache backend response slow {"duration_ms":420,"cache_type":"full_page"} []
[2026-06-28 01:06:17] main.NOTICE: Cron job completed {"job":"catalog_product_index_price_reindex_all"} []
[2026-06-28 01:06:17] main.INFO: Customer login successful {"area":"frontend"} []
[2026-06-28 01:06:17] main.WARNING: Cron schedule missed {"job":"sales_clean_quotes","delay_sec":180} []
[2026-06-28 01:06:17] main.INFO: Order placed successfully {"payment_method":"checkmo"} []
